la_code,la_name,intervention_status,risk_score,scenario,year,demand_projected,timely_projected,late_projected,indep_placements_projected,cost_projected_m
E09000002,Barking and Dagenham,None,0.2,continuation,2024,500.0,135.0,365.0,49.0,3.9
E09000002,Barking and Dagenham,None,0.2,continuation,2025,563.7,117.4,446.4,48.1,3.8
E09000002,Barking and Dagenham,None,0.2,continuation,2026,635.6,102.1,533.6,47.1,3.8
E09000002,Barking and Dagenham,None,0.2,continuation,2027,716.7,88.7,627.9,46.2,3.7
E09000002,Barking and Dagenham,None,0.2,continuation,2028,808.0,77.1,730.9,45.3,3.6
E09000002,Barking and Dagenham,None,0.2,continuation,2029,911.1,67.1,844.0,44.5,3.6
E09000002,Barking and Dagenham,None,0.2,continuation,2030,1027.2,58.3,968.9,43.6,3.5
E09000002,Barking and Dagenham,None,0.2,asd_semh_accel,2024,500.0,135.0,365.0,49.0,3.9
E09000002,Barking and Dagenham,None,0.2,asd_semh_accel,2025,580.9,117.4,463.5,48.0,3.8
E09000002,Barking and Dagenham,None,0.2,asd_semh_accel,2026,674.9,102.1,572.9,47.0,3.8
E09000002,Barking and Dagenham,None,0.2,asd_semh_accel,2027,784.2,88.7,695.4,46.0,3.7
E09000002,Barking and Dagenham,None,0.2,asd_semh_accel,2028,911.1,77.1,833.9,45.0,3.6
E09000002,Barking and Dagenham,None,0.2,asd_semh_accel,2029,1058.5,67.1,991.4,44.0,3.5
E09000002,Barking and Dagenham,None,0.2,asd_semh_accel,2030,1229.8,58.3,1171.5,43.1,3.4
E09000002,Barking and Dagenham,None,0.2,cost_inflation,2024,500.0,135.0,365.0,49.0,3.9
E09000002,Barking and Dagenham,None,0.2,cost_inflation,2025,563.7,117.4,446.4,48.1,4.2
E09000002,Barking and Dagenham,None,0.2,cost_inflation,2026,635.6,102.1,533.6,47.1,4.6
E09000002,Barking and Dagenham,None,0.2,cost_inflation,2027,716.7,88.7,627.9,46.2,4.9
E09000002,Barking and Dagenham,None,0.2,cost_inflation,2028,808.0,77.1,730.9,45.3,5.3
E09000002,Barking and Dagenham,None,0.2,cost_inflation,2029,911.1,67.1,844.0,44.5,5.7
E09000002,Barking and Dagenham,None,0.2,cost_inflation,2030,1027.2,58.3,968.9,43.6,6.2
E09000002,Barking and Dagenham,None,0.2,capacity_improvement,2024,500.0,135.0,365.0,49.0,3.9
E09000002,Barking and Dagenham,None,0.2,capacity_improvement,2025,563.7,180.4,383.3,48.1,3.8
E09000002,Barking and Dagenham,None,0.2,capacity_improvement,2026,635.6,235.2,400.4,47.2,3.8
E09000002,Barking and Dagenham,None,0.2,capacity_improvement,2027,716.7,301.0,415.7,46.4,3.7
E09000002,Barking and Dagenham,None,0.2,capacity_improvement,2028,808.0,379.8,428.3,45.5,3.6
E09000002,Barking and Dagenham,None,0.2,capacity_improvement,2029,911.1,473.8,437.3,44.7,3.6
E09000002,Barking and Dagenham,None,0.2,capacity_improvement,2030,1027.2,585.5,441.7,43.9,3.5
E09000002,Barking and Dagenham,None,0.2,flat_throughput,2024,500.0,135.0,365.0,49.0,3.9
E09000002,Barking and Dagenham,None,0.2,flat_throughput,2025,563.7,135.0,428.7,48.1,3.8
E09000002,Barking and Dagenham,None,0.2,flat_throughput,2026,635.6,135.0,500.6,47.1,3.8
E09000002,Barking and Dagenham,None,0.2,flat_throughput,2027,716.7,135.0,581.7,46.2,3.7
E09000002,Barking and Dagenham,None,0.2,flat_throughput,2028,808.0,135.0,673.0,45.3,3.6
E09000002,Barking and Dagenham,None,0.2,flat_throughput,2029,911.1,135.0,776.1,44.5,3.6
E09000002,Barking and Dagenham,None,0.2,flat_throughput,2030,1027.2,135.0,892.2,43.6,3.5
E09000003,Barnet,None,0.1,continuation,2024,747.0,747.0,0.0,114.0,9.1
E09000003,Barnet,None,0.1,continuation,2025,842.2,825.6,16.7,124.8,10.0
E09000003,Barnet,None,0.1,continuation,2026,949.6,912.4,37.2,136.6,10.9
E09000003,Barnet,None,0.1,continuation,2027,1070.7,1008.3,62.4,149.6,12.0
E09000003,Barnet,None,0.1,continuation,2028,1207.2,1114.4,92.8,163.8,13.1
E09000003,Barnet,None,0.1,continuation,2029,1361.1,1231.6,129.5,179.3,14.3
E09000003,Barnet,None,0.1,continuation,2030,1534.7,1361.1,173.5,196.3,15.7
E09000003,Barnet,None,0.1,asd_semh_accel,2024,747.0,747.0,0.0,114.0,9.1
E09000003,Barnet,None,0.1,asd_semh_accel,2025,867.9,825.6,42.3,125.9,10.1
E09000003,Barnet,None,0.1,asd_semh_accel,2026,1008.3,912.4,96.0,139.1,11.1
E09000003,Barnet,None,0.1,asd_semh_accel,2027,1171.5,1008.3,163.2,153.7,12.3
E09000003,Barnet,None,0.1,asd_semh_accel,2028,1361.1,1114.4,246.7,169.8,13.6
E09000003,Barnet,None,0.1,asd_semh_accel,2029,1581.4,1231.6,349.8,187.6,15.0
E09000003,Barnet,None,0.1,asd_semh_accel,2030,1837.3,1361.1,476.2,207.3,16.6
E09000003,Barnet,None,0.1,cost_inflation,2024,747.0,747.0,0.0,114.0,9.1
E09000003,Barnet,None,0.1,cost_inflation,2025,842.2,825.6,16.7,124.8,11.0
E09000003,Barnet,None,0.1,cost_inflation,2026,949.6,912.4,37.2,136.6,13.2
E09000003,Barnet,None,0.1,cost_inflation,2027,1070.7,1008.3,62.4,149.6,15.9
E09000003,Barnet,None,0.1,cost_inflation,2028,1207.2,1114.4,92.8,163.8,19.2
E09000003,Barnet,None,0.1,cost_inflation,2029,1361.1,1231.6,129.5,179.3,23.1
E09000003,Barnet,None,0.1,cost_inflation,2030,1534.7,1361.1,173.5,196.3,27.8
E09000003,Barnet,None,0.1,capacity_improvement,2024,747.0,485.6,261.4,114.0,9.1
E09000003,Barnet,None,0.1,capacity_improvement,2025,842.2,547.5,294.8,124.2,9.9
E09000003,Barnet,None,0.1,capacity_improvement,2026,949.6,617.3,332.4,135.4,10.8
E09000003,Barnet,None,0.1,capacity_improvement,2027,1070.7,696.0,374.7,147.6,11.8
E09000003,Barnet,None,0.1,capacity_improvement,2028,1207.2,784.7,422.5,160.8,12.9
E09000003,Barnet,None,0.1,capacity_improvement,2029,1361.1,884.7,476.4,175.3,14.0
E09000003,Barnet,None,0.1,capacity_improvement,2030,1534.7,997.5,537.1,191.1,15.3
E09000003,Barnet,None,0.1,flat_throughput,2024,747.0,747.0,0.0,114.0,9.1
E09000003,Barnet,None,0.1,flat_throughput,2025,842.2,747.0,95.2,124.8,10.0
E09000003,Barnet,None,0.1,flat_throughput,2026,949.6,747.0,202.6,136.6,10.9
E09000003,Barnet,None,0.1,flat_throughput,2027,1070.7,747.0,323.7,149.6,12.0
E09000003,Barnet,None,0.1,flat_throughput,2028,1207.2,747.0,460.2,163.8,13.1
E09000003,Barnet,None,0.1,flat_throughput,2029,1361.1,747.0,614.1,179.3,14.3
E09000003,Barnet,None,0.1,flat_throughput,2030,1534.7,747.0,787.7,196.3,15.7
E08000016,Barnsley,None,0.2,continuation,2024,363.0,351.0,12.0,221.0,17.7
E08000016,Barnsley,None,0.2,continuation,2025,390.9,387.9,3.0,244.9,19.6
E08000016,Barnsley,None,0.2,continuation,2026,421.0,421.0,0.0,271.3,21.7
E08000016,Barnsley,None,0.2,continuation,2027,453.3,453.3,0.0,300.7,24.1
E08000016,Barnsley,None,0.2,continuation,2028,488.2,488.2,0.0,333.1,26.7
E08000016,Barnsley,None,0.2,continuation,2029,525.7,525.7,0.0,369.1,29.5
E08000016,Barnsley,None,0.2,continuation,2030,566.1,566.1,0.0,409.0,32.7
E08000016,Barnsley,None,0.2,asd_semh_accel,2024,363.0,351.0,12.0,221.0,17.7
E08000016,Barnsley,None,0.2,asd_semh_accel,2025,398.2,387.9,10.3,247.4,19.8
E08000016,Barnsley,None,0.2,asd_semh_accel,2026,436.8,428.7,8.1,277.0,22.2
E08000016,Barnsley,None,0.2,asd_semh_accel,2027,479.2,473.8,5.4,310.1,24.8
E08000016,Barnsley,None,0.2,asd_semh_accel,2028,525.7,523.6,2.1,347.1,27.8
E08000016,Barnsley,None,0.2,asd_semh_accel,2029,576.7,576.7,0.0,388.6,31.1
E08000016,Barnsley,None,0.2,asd_semh_accel,2030,632.6,632.6,0.0,435.0,34.8
E08000016,Barnsley,None,0.2,cost_inflation,2024,363.0,351.0,12.0,221.0,17.7
E08000016,Barnsley,None,0.2,cost_inflation,2025,390.9,387.9,3.0,244.9,21.5
E08000016,Barnsley,None,0.2,cost_inflation,2026,421.0,421.0,0.0,271.3,26.3
E08000016,Barnsley,None,0.2,cost_inflation,2027,453.3,453.3,0.0,300.7,32.0
E08000016,Barnsley,None,0.2,cost_inflation,2028,488.2,488.2,0.0,333.1,39.0
E08000016,Barnsley,None,0.2,cost_inflation,2029,525.7,525.7,0.0,369.1,47.6
E08000016,Barnsley,None,0.2,cost_inflation,2030,566.1,566.1,0.0,409.0,58.0
E08000016,Barnsley,None,0.2,capacity_improvement,2024,363.0,236.0,127.0,221.0,17.7
E08000016,Barnsley,None,0.2,capacity_improvement,2025,390.9,254.1,136.8,243.6,19.5
E08000016,Barnsley,None,0.2,capacity_improvement,2026,421.0,273.6,147.3,268.6,21.5
E08000016,Barnsley,None,0.2,capacity_improvement,2027,453.3,294.7,158.7,296.1,23.7
E08000016,Barnsley,None,0.2,capacity_improvement,2028,488.2,317.3,170.9,326.4,26.1
E08000016,Barnsley,None,0.2,capacity_improvement,2029,525.7,341.7,184.0,359.8,28.8
E08000016,Barnsley,None,0.2,capacity_improvement,2030,566.1,368.0,198.1,396.6,31.7
E08000016,Barnsley,None,0.2,flat_throughput,2024,363.0,351.0,12.0,221.0,17.7
E08000016,Barnsley,None,0.2,flat_throughput,2025,390.9,351.0,39.9,244.9,19.6
E08000016,Barnsley,None,0.2,flat_throughput,2026,421.0,351.0,70.0,271.3,21.7
E08000016,Barnsley,None,0.2,flat_throughput,2027,453.3,351.0,102.3,300.7,24.1
E08000016,Barnsley,None,0.2,flat_throughput,2028,488.2,351.0,137.2,333.1,26.7
E08000016,Barnsley,None,0.2,flat_throughput,2029,525.7,351.0,174.7,369.1,29.5
E08000016,Barnsley,None,0.2,flat_throughput,2030,566.1,351.0,215.1,409.0,32.7
E06000022,Bath and North East Somerset,None,0.2,continuation,2024,349.0,84.0,265.0,96.0,7.7
E06000022,Bath and North East Somerset,None,0.2,continuation,2025,389.5,74.5,315.0,101.2,8.1
E06000022,Bath and North East Somerset,None,0.2,continuation,2026,434.7,66.0,368.6,106.7,8.5
E06000022,Bath and North East Somerset,None,0.2,continuation,2027,485.1,58.5,426.6,112.5,9.0
E06000022,Bath and North East Somerset,None,0.2,continuation,2028,541.4,51.9,489.5,118.6,9.5
E06000022,Bath and North East Somerset,None,0.2,continuation,2029,604.2,46.0,558.2,125.1,10.0
E06000022,Bath and North East Somerset,None,0.2,continuation,2030,674.3,40.8,633.5,131.9,10.6
E06000022,Bath and North East Somerset,None,0.2,asd_semh_accel,2024,349.0,84.0,265.0,96.0,7.7
E06000022,Bath and North East Somerset,None,0.2,asd_semh_accel,2025,400.3,74.5,325.9,101.8,8.1
E06000022,Bath and North East Somerset,None,0.2,asd_semh_accel,2026,459.2,66.0,393.2,107.9,8.6
E06000022,Bath and North East Somerset,None,0.2,asd_semh_accel,2027,526.7,58.5,468.2,114.3,9.1
E06000022,Bath and North East Somerset,None,0.2,asd_semh_accel,2028,604.2,51.9,552.3,121.2,9.7
E06000022,Bath and North East Somerset,None,0.2,asd_semh_accel,2029,693.0,46.0,647.0,128.4,10.3
E06000022,Bath and North East Somerset,None,0.2,asd_semh_accel,2030,794.9,40.8,754.1,136.1,10.9
E06000022,Bath and North East Somerset,None,0.2,cost_inflation,2024,349.0,84.0,265.0,96.0,7.7
E06000022,Bath and North East Somerset,None,0.2,cost_inflation,2025,389.5,74.5,315.0,101.2,8.9
E06000022,Bath and North East Somerset,None,0.2,cost_inflation,2026,434.7,66.0,368.6,106.7,10.3
E06000022,Bath and North East Somerset,None,0.2,cost_inflation,2027,485.1,58.5,426.6,112.5,12.0
E06000022,Bath and North East Somerset,None,0.2,cost_inflation,2028,541.4,51.9,489.5,118.6,13.9
E06000022,Bath and North East Somerset,None,0.2,cost_inflation,2029,604.2,46.0,558.2,125.1,16.1
E06000022,Bath and North East Somerset,None,0.2,cost_inflation,2030,674.3,40.8,633.5,131.9,18.7
E06000022,Bath and North East Somerset,None,0.2,capacity_improvement,2024,349.0,84.0,265.0,96.0,7.7
E06000022,Bath and North East Somerset,None,0.2,capacity_improvement,2025,389.5,113.2,276.3,101.0,8.1
E06000022,Bath and North East Somerset,None,0.2,capacity_improvement,2026,434.7,148.1,286.6,106.2,8.5
E06000022,Bath and North East Somerset,None,0.2,capacity_improvement,2027,485.1,189.5,295.6,111.6,8.9
E06000022,Bath and North East Somerset,None,0.2,capacity_improvement,2028,541.4,238.6,302.8,117.4,9.4
E06000022,Bath and North East Somerset,None,0.2,capacity_improvement,2029,604.2,296.5,307.7,123.4,9.9
E06000022,Bath and North East Somerset,None,0.2,capacity_improvement,2030,674.3,364.6,309.7,129.8,10.4
E06000022,Bath and North East Somerset,None,0.2,flat_throughput,2024,349.0,84.0,265.0,96.0,7.7
E06000022,Bath and North East Somerset,None,0.2,flat_throughput,2025,389.5,84.0,305.5,101.2,8.1
E06000022,Bath and North East Somerset,None,0.2,flat_throughput,2026,434.7,84.0,350.7,106.7,8.5
E06000022,Bath and North East Somerset,None,0.2,flat_throughput,2027,485.1,84.0,401.1,112.5,9.0
E06000022,Bath and North East Somerset,None,0.2,flat_throughput,2028,541.4,84.0,457.4,118.6,9.5
E06000022,Bath and North East Somerset,None,0.2,flat_throughput,2029,604.2,84.0,520.2,125.1,10.0
E06000022,Bath and North East Somerset,None,0.2,flat_throughput,2030,674.3,84.0,590.3,131.9,10.6
E06000055,Bedford,None,0.0,continuation,2024,355.0,259.0,96.0,24.0,1.9
E06000055,Bedford,None,0.0,continuation,2025,400.3,286.2,114.0,22.8,1.8
E06000055,Bedford,None,0.0,continuation,2026,451.3,316.3,135.0,21.7,1.7
E06000055,Bedford,None,0.0,continuation,2027,508.8,349.6,159.2,20.7,1.7
E06000055,Bedford,None,0.0,continuation,2028,573.7,386.4,187.3,19.6,1.6
E06000055,Bedford,None,0.0,continuation,2029,646.9,427.0,219.8,18.7,1.5
E06000055,Bedford,None,0.0,continuation,2030,729.3,471.9,257.4,17.8,1.4
E06000055,Bedford,None,0.0,asd_semh_accel,2024,355.0,259.0,96.0,24.0,1.9
E06000055,Bedford,None,0.0,asd_semh_accel,2025,412.5,286.2,126.2,22.7,1.8
E06000055,Bedford,None,0.0,asd_semh_accel,2026,479.2,316.3,162.9,21.5,1.7
E06000055,Bedford,None,0.0,asd_semh_accel,2027,556.8,349.6,207.1,20.3,1.6
E06000055,Bedford,None,0.0,asd_semh_accel,2028,646.9,386.4,260.5,19.3,1.5
E06000055,Bedford,None,0.0,asd_semh_accel,2029,751.5,427.0,324.5,18.2,1.5
E06000055,Bedford,None,0.0,asd_semh_accel,2030,873.2,471.9,401.2,17.3,1.4
E06000055,Bedford,None,0.0,cost_inflation,2024,355.0,259.0,96.0,24.0,1.9
E06000055,Bedford,None,0.0,cost_inflation,2025,400.3,286.2,114.0,22.8,2.0
E06000055,Bedford,None,0.0,cost_inflation,2026,451.3,316.3,135.0,21.7,2.1
E06000055,Bedford,None,0.0,cost_inflation,2027,508.8,349.6,159.2,20.7,2.2
E06000055,Bedford,None,0.0,cost_inflation,2028,573.7,386.4,187.3,19.6,2.3
E06000055,Bedford,None,0.0,cost_inflation,2029,646.9,427.0,219.8,18.7,2.4
E06000055,Bedford,None,0.0,cost_inflation,2030,729.3,471.9,257.4,17.8,2.5
E06000055,Bedford,None,0.0,capacity_improvement,2024,355.0,230.8,124.2,24.0,1.9
E06000055,Bedford,None,0.0,capacity_improvement,2025,400.3,260.2,140.1,22.9,1.8
E06000055,Bedford,None,0.0,capacity_improvement,2026,451.3,293.3,158.0,21.8,1.7
E06000055,Bedford,None,0.0,capacity_improvement,2027,508.8,330.7,178.1,20.8,1.7
E06000055,Bedford,None,0.0,capacity_improvement,2028,573.7,372.9,200.8,19.8,1.6
E06000055,Bedford,None,0.0,capacity_improvement,2029,646.9,420.5,226.4,18.9,1.5
E06000055,Bedford,None,0.0,capacity_improvement,2030,729.3,474.1,255.3,18.0,1.4
E06000055,Bedford,None,0.0,flat_throughput,2024,355.0,259.0,96.0,24.0,1.9
E06000055,Bedford,None,0.0,flat_throughput,2025,400.3,259.0,141.3,22.8,1.8
E06000055,Bedford,None,0.0,flat_throughput,2026,451.3,259.0,192.3,21.7,1.7
E06000055,Bedford,None,0.0,flat_throughput,2027,508.8,259.0,249.8,20.7,1.7
E06000055,Bedford,None,0.0,flat_throughput,2028,573.7,259.0,314.7,19.6,1.6
E06000055,Bedford,None,0.0,flat_throughput,2029,646.9,259.0,387.9,18.7,1.5
E06000055,Bedford,None,0.0,flat_throughput,2030,729.3,259.0,470.3,17.8,1.4
E09000004,Bexley,None,0.1,continuation,2024,517.0,345.0,172.0,120.0,9.6
E09000004,Bexley,None,0.1,continuation,2025,582.9,381.3,201.6,120.7,9.7
E09000004,Bexley,None,0.1,continuation,2026,657.2,421.4,235.9,121.4,9.7
E09000004,Bexley,None,0.1,continuation,2027,741.0,465.7,275.3,122.0,9.8
E09000004,Bexley,None,0.1,continuation,2028,835.5,514.7,320.8,122.7,9.8
E09000004,Bexley,None,0.1,continuation,2029,942.0,568.8,373.2,123.4,9.9
E09000004,Bexley,None,0.1,continuation,2030,1062.1,628.6,433.5,124.1,9.9
E09000004,Bexley,None,0.1,asd_semh_accel,2024,517.0,345.0,172.0,120.0,9.6
E09000004,Bexley,None,0.1,asd_semh_accel,2025,600.7,381.3,219.4,120.7,9.7
E09000004,Bexley,None,0.1,asd_semh_accel,2026,697.9,421.4,276.5,121.5,9.7
E09000004,Bexley,None,0.1,asd_semh_accel,2027,810.8,465.7,345.1,122.2,9.8
E09000004,Bexley,None,0.1,asd_semh_accel,2028,942.0,514.7,427.4,123.0,9.8
E09000004,Bexley,None,0.1,asd_semh_accel,2029,1094.5,568.8,525.7,123.8,9.9
E09000004,Bexley,None,0.1,asd_semh_accel,2030,1271.6,628.6,643.0,124.5,10.0
E09000004,Bexley,None,0.1,cost_inflation,2024,517.0,345.0,172.0,120.0,9.6
E09000004,Bexley,None,0.1,cost_inflation,2025,582.9,381.3,201.6,120.7,10.6
E09000004,Bexley,None,0.1,cost_inflation,2026,657.2,421.4,235.9,121.4,11.7
E09000004,Bexley,None,0.1,cost_inflation,2027,741.0,465.7,275.3,122.0,13.0
E09000004,Bexley,None,0.1,cost_inflation,2028,835.5,514.7,320.8,122.7,14.4
E09000004,Bexley,None,0.1,cost_inflation,2029,942.0,568.8,373.2,123.4,15.9
E09000004,Bexley,None,0.1,cost_inflation,2030,1062.1,628.6,433.5,124.1,17.6
E09000004,Bexley,None,0.1,capacity_improvement,2024,517.0,336.1,180.9,120.0,9.6
E09000004,Bexley,None,0.1,capacity_improvement,2025,582.9,378.9,204.0,120.6,9.7
E09000004,Bexley,None,0.1,capacity_improvement,2026,657.2,427.2,230.0,121.3,9.7
E09000004,Bexley,None,0.1,capacity_improvement,2027,741.0,481.7,259.4,121.9,9.8
E09000004,Bexley,None,0.1,capacity_improvement,2028,835.5,543.1,292.4,122.6,9.8
E09000004,Bexley,None,0.1,capacity_improvement,2029,942.0,612.3,329.7,123.2,9.9
E09000004,Bexley,None,0.1,capacity_improvement,2030,1062.1,690.4,371.7,123.9,9.9
E09000004,Bexley,None,0.1,flat_throughput,2024,517.0,345.0,172.0,120.0,9.6
E09000004,Bexley,None,0.1,flat_throughput,2025,582.9,345.0,237.9,120.7,9.7
E09000004,Bexley,None,0.1,flat_throughput,2026,657.2,345.0,312.2,121.4,9.7
E09000004,Bexley,None,0.1,flat_throughput,2027,741.0,345.0,396.0,122.0,9.8
E09000004,Bexley,None,0.1,flat_throughput,2028,835.5,345.0,490.5,122.7,9.8
E09000004,Bexley,None,0.1,flat_throughput,2029,942.0,345.0,597.0,123.4,9.9
E09000004,Bexley,None,0.1,flat_throughput,2030,1062.1,345.0,717.1,124.1,9.9
E08000025,Birmingham,None,0.8,continuation,2024,1382.0,369.0,1013.0,225.0,18.0
E08000025,Birmingham,None,0.8,continuation,2025,1511.5,364.0,1147.6,229.6,18.4
E08000025,Birmingham,None,0.8,continuation,2026,1653.2,359.0,1294.2,234.3,18.7
E08000025,Birmingham,None,0.8,continuation,2027,1808.1,354.1,1454.0,239.2,19.1
E08000025,Birmingham,None,0.8,continuation,2028,1977.6,349.3,1628.3,244.1,19.5
E08000025,Birmingham,None,0.8,continuation,2029,2162.9,344.5,1818.4,249.1,19.9
E08000025,Birmingham,None,0.8,continuation,2030,2365.6,339.8,2025.8,254.2,20.3
E08000025,Birmingham,None,0.8,asd_semh_accel,2024,1382.0,369.0,1013.0,225.0,18.0
E08000025,Birmingham,None,0.8,asd_semh_accel,2025,1545.8,364.0,1181.8,230.1,18.4
E08000025,Birmingham,None,0.8,asd_semh_accel,2026,1728.9,359.0,1369.9,235.3,18.8
E08000025,Birmingham,None,0.8,asd_semh_accel,2027,1933.8,354.1,1579.7,240.6,19.2
E08000025,Birmingham,None,0.8,asd_semh_accel,2028,2162.9,349.3,1813.6,246.1,19.7
E08000025,Birmingham,None,0.8,asd_semh_accel,2029,2419.2,344.5,2074.7,251.6,20.1
E08000025,Birmingham,None,0.8,asd_semh_accel,2030,2705.8,339.8,2366.0,257.3,20.6
E08000025,Birmingham,None,0.8,cost_inflation,2024,1382.0,369.0,1013.0,225.0,18.0
E08000025,Birmingham,None,0.8,cost_inflation,2025,1511.5,364.0,1147.6,229.6,20.2
E08000025,Birmingham,None,0.8,cost_inflation,2026,1653.2,359.0,1294.2,234.3,22.7
E08000025,Birmingham,None,0.8,cost_inflation,2027,1808.1,354.1,1454.0,239.2,25.5
E08000025,Birmingham,None,0.8,cost_inflation,2028,1977.6,349.3,1628.3,244.1,28.6
E08000025,Birmingham,None,0.8,cost_inflation,2029,2162.9,344.5,1818.4,249.1,32.1
E08000025,Birmingham,None,0.8,cost_inflation,2030,2365.6,339.8,2025.8,254.2,36.0
E08000025,Birmingham,None,0.8,capacity_improvement,2024,1382.0,369.0,1013.0,225.0,18.0
E08000025,Birmingham,None,0.8,capacity_improvement,2025,1511.5,479.2,1032.4,229.4,18.4
E08000025,Birmingham,None,0.8,capacity_improvement,2026,1653.2,606.7,1046.5,233.9,18.7
E08000025,Birmingham,None,0.8,capacity_improvement,2027,1808.1,754.0,1054.1,238.4,19.1
E08000025,Birmingham,None,0.8,capacity_improvement,2028,1977.6,923.5,1054.0,243.1,19.4
E08000025,Birmingham,None,0.8,capacity_improvement,2029,2162.9,1118.2,1044.7,247.8,19.8
E08000025,Birmingham,None,0.8,capacity_improvement,2030,2365.6,1341.3,1024.3,252.7,20.2
E08000025,Birmingham,None,0.8,flat_throughput,2024,1382.0,369.0,1013.0,225.0,18.0
E08000025,Birmingham,None,0.8,flat_throughput,2025,1511.5,369.0,1142.5,229.6,18.4
E08000025,Birmingham,None,0.8,flat_throughput,2026,1653.2,369.0,1284.2,234.3,18.7
E08000025,Birmingham,None,0.8,flat_throughput,2027,1808.1,369.0,1439.1,239.2,19.1
E08000025,Birmingham,None,0.8,flat_throughput,2028,1977.6,369.0,1608.6,244.1,19.5
E08000025,Birmingham,None,0.8,flat_throughput,2029,2162.9,369.0,1793.9,249.1,19.9
E08000025,Birmingham,None,0.8,flat_throughput,2030,2365.6,369.0,1996.6,254.2,20.3
E06000008,Blackburn with Darwen,None,0.0,continuation,2024,260.0,225.0,35.0,73.0,5.8
E06000008,Blackburn with Darwen,None,0.0,continuation,2025,293.1,248.7,44.5,78.5,6.3
E06000008,Blackburn with Darwen,None,0.0,continuation,2026,330.5,274.8,55.7,84.4,6.7
E06000008,Blackburn with Darwen,None,0.0,continuation,2027,372.7,303.7,68.9,90.7,7.3
E06000008,Blackburn with Darwen,None,0.0,continuation,2028,420.2,335.7,84.5,97.5,7.8
E06000008,Blackburn with Darwen,None,0.0,continuation,2029,473.8,371.0,102.8,104.8,8.4
E06000008,Blackburn with Darwen,None,0.0,continuation,2030,534.2,410.0,124.2,112.6,9.0
E06000008,Blackburn with Darwen,None,0.0,asd_semh_accel,2024,260.0,225.0,35.0,73.0,5.8
E06000008,Blackburn with Darwen,None,0.0,asd_semh_accel,2025,302.1,248.7,53.4,79.0,6.3
E06000008,Blackburn with Darwen,None,0.0,asd_semh_accel,2026,351.0,274.8,76.1,85.6,6.8
E06000008,Blackburn with Darwen,None,0.0,asd_semh_accel,2027,407.8,303.7,104.0,92.7,7.4
E06000008,Blackburn with Darwen,None,0.0,asd_semh_accel,2028,473.8,335.7,138.1,100.3,8.0
E06000008,Blackburn with Darwen,None,0.0,asd_semh_accel,2029,550.4,371.0,179.5,108.6,8.7
E06000008,Blackburn with Darwen,None,0.0,asd_semh_accel,2030,639.5,410.0,229.5,117.6,9.4
E06000008,Blackburn with Darwen,None,0.0,cost_inflation,2024,260.0,225.0,35.0,73.0,5.8
E06000008,Blackburn with Darwen,None,0.0,cost_inflation,2025,293.1,248.7,44.5,78.5,6.9
E06000008,Blackburn with Darwen,None,0.0,cost_inflation,2026,330.5,274.8,55.7,84.4,8.2
E06000008,Blackburn with Darwen,None,0.0,cost_inflation,2027,372.7,303.7,68.9,90.7,9.7
E06000008,Blackburn with Darwen,None,0.0,cost_inflation,2028,420.2,335.7,84.5,97.5,11.4
E06000008,Blackburn with Darwen,None,0.0,cost_inflation,2029,473.8,371.0,102.8,104.8,13.5
E06000008,Blackburn with Darwen,None,0.0,cost_inflation,2030,534.2,410.0,124.2,112.6,16.0
E06000008,Blackburn with Darwen,None,0.0,capacity_improvement,2024,260.0,169.0,91.0,73.0,5.8
E06000008,Blackburn with Darwen,None,0.0,capacity_improvement,2025,293.1,190.5,102.6,78.2,6.3
E06000008,Blackburn with Darwen,None,0.0,capacity_improvement,2026,330.5,214.8,115.7,83.7,6.7
E06000008,Blackburn with Darwen,None,0.0,capacity_improvement,2027,372.7,242.2,130.4,89.7,7.2
E06000008,Blackburn with Darwen,None,0.0,capacity_improvement,2028,420.2,273.1,147.1,96.1,7.7
E06000008,Blackburn with Darwen,None,0.0,capacity_improvement,2029,473.8,307.9,165.8,102.9,8.2
E06000008,Blackburn with Darwen,None,0.0,capacity_improvement,2030,534.2,347.2,187.0,110.2,8.8
E06000008,Blackburn with Darwen,None,0.0,flat_throughput,2024,260.0,225.0,35.0,73.0,5.8
E06000008,Blackburn with Darwen,None,0.0,flat_throughput,2025,293.1,225.0,68.1,78.5,6.3
E06000008,Blackburn with Darwen,None,0.0,flat_throughput,2026,330.5,225.0,105.5,84.4,6.7
E06000008,Blackburn with Darwen,None,0.0,flat_throughput,2027,372.7,225.0,147.7,90.7,7.3
E06000008,Blackburn with Darwen,None,0.0,flat_throughput,2028,420.2,225.0,195.2,97.5,7.8
E06000008,Blackburn with Darwen,None,0.0,flat_throughput,2029,473.8,225.0,248.8,104.8,8.4
E06000008,Blackburn with Darwen,None,0.0,flat_throughput,2030,534.2,225.0,309.2,112.6,9.0
E06000009,Blackpool,None,0.2,continuation,2024,220.0,133.0,87.0,76.0,6.1
E06000009,Blackpool,None,0.2,continuation,2025,228.0,137.0,91.1,72.5,5.8
E06000009,Blackpool,None,0.2,continuation,2026,236.3,141.0,95.3,69.1,5.5
E06000009,Blackpool,None,0.2,continuation,2027,245.0,145.2,99.7,65.9,5.3
E06000009,Blackpool,None,0.2,continuation,2028,253.9,149.5,104.3,62.9,5.0
E06000009,Blackpool,None,0.2,continuation,2029,263.2,154.0,109.2,59.9,4.8
E06000009,Blackpool,None,0.2,continuation,2030,272.7,158.6,114.2,57.2,4.6
E06000009,Blackpool,None,0.2,asd_semh_accel,2024,220.0,133.0,87.0,76.0,6.1
E06000009,Blackpool,None,0.2,asd_semh_accel,2025,230.1,137.0,93.1,72.1,5.8
E06000009,Blackpool,None,0.2,asd_semh_accel,2026,240.6,141.0,99.6,68.5,5.5
E06000009,Blackpool,None,0.2,asd_semh_accel,2027,251.6,145.2,106.4,65.0,5.2
E06000009,Blackpool,None,0.2,asd_semh_accel,2028,263.2,149.5,113.6,61.7,4.9
E06000009,Blackpool,None,0.2,asd_semh_accel,2029,275.2,154.0,121.2,58.5,4.7
E06000009,Blackpool,None,0.2,asd_semh_accel,2030,287.8,158.6,129.2,55.6,4.4
E06000009,Blackpool,None,0.2,cost_inflation,2024,220.0,133.0,87.0,76.0,6.1
E06000009,Blackpool,None,0.2,cost_inflation,2025,228.0,137.0,91.1,72.5,6.4
E06000009,Blackpool,None,0.2,cost_inflation,2026,236.3,141.0,95.3,69.1,6.7
E06000009,Blackpool,None,0.2,cost_inflation,2027,245.0,145.2,99.7,65.9,7.0
E06000009,Blackpool,None,0.2,cost_inflation,2028,253.9,149.5,104.3,62.9,7.4
E06000009,Blackpool,None,0.2,cost_inflation,2029,263.2,154.0,109.2,59.9,7.7
E06000009,Blackpool,None,0.2,cost_inflation,2030,272.7,158.6,114.2,57.2,8.1
E06000009,Blackpool,None,0.2,capacity_improvement,2024,220.0,133.0,87.0,76.0,6.1
E06000009,Blackpool,None,0.2,capacity_improvement,2025,228.0,148.2,79.8,72.7,5.8
E06000009,Blackpool,None,0.2,capacity_improvement,2026,236.3,153.6,82.7,69.4,5.6
E06000009,Blackpool,None,0.2,capacity_improvement,2027,245.0,159.2,85.7,66.4,5.3
E06000009,Blackpool,None,0.2,capacity_improvement,2028,253.9,165.0,88.9,63.5,5.1
E06000009,Blackpool,None,0.2,capacity_improvement,2029,263.2,171.0,92.1,60.7,4.9
E06000009,Blackpool,None,0.2,capacity_improvement,2030,272.7,177.3,95.5,58.0,4.6
E06000009,Blackpool,None,0.2,flat_throughput,2024,220.0,133.0,87.0,76.0,6.1
E06000009,Blackpool,None,0.2,flat_throughput,2025,228.0,133.0,95.0,72.5,5.8
E06000009,Blackpool,None,0.2,flat_throughput,2026,236.3,133.0,103.3,69.1,5.5
E06000009,Blackpool,None,0.2,flat_throughput,2027,245.0,133.0,112.0,65.9,5.3
E06000009,Blackpool,None,0.2,flat_throughput,2028,253.9,133.0,120.9,62.9,5.0
E06000009,Blackpool,None,0.2,flat_throughput,2029,263.2,133.0,130.2,59.9,4.8
E06000009,Blackpool,None,0.2,flat_throughput,2030,272.7,133.0,139.7,57.2,4.6
E08000001,Bolton,None,0.5,continuation,2024,563.0,402.0,161.0,123.0,9.8
E08000001,Bolton,None,0.5,continuation,2025,634.8,444.3,190.5,128.7,10.3
E08000001,Bolton,None,0.5,continuation,2026,715.7,491.0,224.7,134.6,10.8
E08000001,Bolton,None,0.5,continuation,2027,807.0,542.6,264.3,140.8,11.3
E08000001,Bolton,None,0.5,continuation,2028,909.8,599.7,310.1,147.3,11.8
E08000001,Bolton,None,0.5,continuation,2029,1025.9,662.8,363.1,154.1,12.3
E08000001,Bolton,None,0.5,continuation,2030,1156.6,732.5,424.2,161.2,12.9
E08000001,Bolton,None,0.5,asd_semh_accel,2024,563.0,402.0,161.0,123.0,9.8
E08000001,Bolton,None,0.5,asd_semh_accel,2025,654.1,444.3,209.8,129.3,10.3
E08000001,Bolton,None,0.5,asd_semh_accel,2026,760.0,491.0,269.0,135.8,10.9
E08000001,Bolton,None,0.5,asd_semh_accel,2027,883.0,542.6,340.3,142.7,11.4
E08000001,Bolton,None,0.5,asd_semh_accel,2028,1025.9,599.7,426.1,150.0,12.0
E08000001,Bolton,None,0.5,asd_semh_accel,2029,1191.9,662.8,529.1,157.6,12.6
E08000001,Bolton,None,0.5,asd_semh_accel,2030,1384.8,732.5,652.3,165.6,13.2
E08000001,Bolton,None,0.5,cost_inflation,2024,563.0,402.0,161.0,123.0,9.8
E08000001,Bolton,None,0.5,cost_inflation,2025,634.8,444.3,190.5,128.7,11.3
E08000001,Bolton,None,0.5,cost_inflation,2026,715.7,491.0,224.7,134.6,13.0
E08000001,Bolton,None,0.5,cost_inflation,2027,807.0,542.6,264.3,140.8,15.0
E08000001,Bolton,None,0.5,cost_inflation,2028,909.8,599.7,310.1,147.3,17.3
E08000001,Bolton,None,0.5,cost_inflation,2029,1025.9,662.8,363.1,154.1,19.9
E08000001,Bolton,None,0.5,cost_inflation,2030,1156.6,732.5,424.2,161.2,22.8
E08000001,Bolton,None,0.5,capacity_improvement,2024,563.0,365.9,197.1,123.0,9.8
E08000001,Bolton,None,0.5,capacity_improvement,2025,634.8,412.6,222.2,128.4,10.3
E08000001,Bolton,None,0.5,capacity_improvement,2026,715.7,465.2,250.5,134.0,10.7
E08000001,Bolton,None,0.5,capacity_improvement,2027,807.0,524.5,282.4,139.9,11.2
E08000001,Bolton,None,0.5,capacity_improvement,2028,909.8,591.4,318.4,146.0,11.7
E08000001,Bolton,None,0.5,capacity_improvement,2029,1025.9,666.8,359.0,152.4,12.2
E08000001,Bolton,None,0.5,capacity_improvement,2030,1156.6,751.8,404.8,159.0,12.7
E08000001,Bolton,None,0.5,flat_throughput,2024,563.0,402.0,161.0,123.0,9.8
E08000001,Bolton,None,0.5,flat_throughput,2025,634.8,402.0,232.8,128.7,10.3
E08000001,Bolton,None,0.5,flat_throughput,2026,715.7,402.0,313.7,134.6,10.8
E08000001,Bolton,None,0.5,flat_throughput,2027,807.0,402.0,405.0,140.8,11.3
E08000001,Bolton,None,0.5,flat_throughput,2028,909.8,402.0,507.8,147.3,11.8
E08000001,Bolton,None,0.5,flat_throughput,2029,1025.9,402.0,623.9,154.1,12.3
E08000001,Bolton,None,0.5,flat_throughput,2030,1156.6,402.0,754.6,161.2,12.9
E06000058,"Bournemouth, Christchurch and Poole",None,0.7,continuation,2024,784.0,581.0,203.0,212.0,17.0
E06000058,"Bournemouth, Christchurch and Poole",None,0.7,continuation,2025,880.3,542.0,338.3,239.0,19.1
E06000058,"Bournemouth, Christchurch and Poole",None,0.7,continuation,2026,988.4,505.6,482.8,269.5,21.6
E06000058,"Bournemouth, Christchurch and Poole",None,0.7,continuation,2027,1109.8,471.7,638.2,303.9,24.3
E06000058,"Bournemouth, Christchurch and Poole",None,0.7,continuation,2028,1246.2,440.0,806.2,342.6,27.4
E06000058,"Bournemouth, Christchurch and Poole",None,0.7,continuation,2029,1399.2,410.4,988.8,386.3,30.9
E06000058,"Bournemouth, Christchurch and Poole",None,0.7,continuation,2030,1571.1,382.9,1188.2,435.5,34.8
E06000058,"Bournemouth, Christchurch and Poole",None,0.7,asd_semh_accel,2024,784.0,581.0,203.0,212.0,17.0
E06000058,"Bournemouth, Christchurch and Poole",None,0.7,asd_semh_accel,2025,906.2,542.0,364.2,241.9,19.4
E06000058,"Bournemouth, Christchurch and Poole",None,0.7,asd_semh_accel,2026,1047.4,505.6,541.8,276.1,22.1
E06000058,"Bournemouth, Christchurch and Poole",None,0.7,asd_semh_accel,2027,1210.6,471.7,738.9,315.0,25.2
E06000058,"Bournemouth, Christchurch and Poole",None,0.7,asd_semh_accel,2028,1399.2,440.0,959.3,359.5,28.8
E06000058,"Bournemouth, Christchurch and Poole",None,0.7,asd_semh_accel,2029,1617.3,410.4,1206.8,410.2,32.8
E06000058,"Bournemouth, Christchurch and Poole",None,0.7,asd_semh_accel,2030,1869.3,382.9,1486.4,468.1,37.4
E06000058,"Bournemouth, Christchurch and Poole",None,0.7,cost_inflation,2024,784.0,581.0,203.0,212.0,17.0
E06000058,"Bournemouth, Christchurch and Poole",None,0.7,cost_inflation,2025,880.3,542.0,338.3,239.0,21.0
E06000058,"Bournemouth, Christchurch and Poole",None,0.7,cost_inflation,2026,988.4,505.6,482.8,269.5,26.1
E06000058,"Bournemouth, Christchurch and Poole",None,0.7,cost_inflation,2027,1109.8,471.7,638.2,303.9,32.4
E06000058,"Bournemouth, Christchurch and Poole",None,0.7,cost_inflation,2028,1246.2,440.0,806.2,342.6,40.1
E06000058,"Bournemouth, Christchurch and Poole",None,0.7,cost_inflation,2029,1399.2,410.4,988.8,386.3,49.8
E06000058,"Bournemouth, Christchurch and Poole",None,0.7,cost_inflation,2030,1571.1,382.9,1188.2,435.5,61.7
E06000058,"Bournemouth, Christchurch and Poole",None,0.7,capacity_improvement,2024,784.0,509.6,274.4,212.0,17.0
E06000058,"Bournemouth, Christchurch and Poole",None,0.7,capacity_improvement,2025,880.3,572.2,308.1,237.6,19.0
E06000058,"Bournemouth, Christchurch and Poole",None,0.7,capacity_improvement,2026,988.4,642.5,346.0,266.3,21.3
E06000058,"Bournemouth, Christchurch and Poole",None,0.7,capacity_improvement,2027,1109.8,721.4,388.4,298.4,23.9
E06000058,"Bournemouth, Christchurch and Poole",None,0.7,capacity_improvement,2028,1246.2,810.0,436.2,334.5,26.8
E06000058,"Bournemouth, Christchurch and Poole",None,0.7,capacity_improvement,2029,1399.2,909.5,489.7,374.9,30.0
E06000058,"Bournemouth, Christchurch and Poole",None,0.7,capacity_improvement,2030,1571.1,1021.2,549.9,420.1,33.6
E06000058,"Bournemouth, Christchurch and Poole",None,0.7,flat_throughput,2024,784.0,581.0,203.0,212.0,17.0
E06000058,"Bournemouth, Christchurch and Poole",None,0.7,flat_throughput,2025,880.3,581.0,299.3,239.0,19.1
E06000058,"Bournemouth, Christchurch and Poole",None,0.7,flat_throughput,2026,988.4,581.0,407.4,269.5,21.6
E06000058,"Bournemouth, Christchurch and Poole",None,0.7,flat_throughput,2027,1109.8,581.0,528.8,303.9,24.3
E06000058,"Bournemouth, Christchurch and Poole",None,0.7,flat_throughput,2028,1246.2,581.0,665.2,342.6,27.4
E06000058,"Bournemouth, Christchurch and Poole",None,0.7,flat_throughput,2029,1399.2,581.0,818.2,386.3,30.9
E06000058,"Bournemouth, Christchurch and Poole",None,0.7,flat_throughput,2030,1571.1,581.0,990.1,435.5,34.8
E06000036,Bracknell Forest,None,0.4,continuation,2024,206.0,93.0,113.0,102.0,8.2
E06000036,Bracknell Forest,None,0.4,continuation,2025,215.0,98.5,116.5,115.0,9.2
E06000036,Bracknell Forest,None,0.4,continuation,2026,224.3,104.3,120.0,129.7,10.4
E06000036,Bracknell Forest,None,0.4,continuation,2027,234.1,110.4,123.7,146.2,11.7
E06000036,Bracknell Forest,None,0.4,continuation,2028,244.2,116.9,127.3,164.8,13.2
E06000036,Bracknell Forest,None,0.4,continuation,2029,254.9,123.8,131.1,185.9,14.9
E06000036,Bracknell Forest,None,0.4,continuation,2030,265.9,131.1,134.9,209.6,16.8
E06000036,Bracknell Forest,None,0.4,asd_semh_accel,2024,206.0,93.0,113.0,102.0,8.2
E06000036,Bracknell Forest,None,0.4,asd_semh_accel,2025,217.3,98.5,118.8,116.4,9.3
E06000036,Bracknell Forest,None,0.4,asd_semh_accel,2026,229.1,104.3,124.9,132.8,10.6
E06000036,Bracknell Forest,None,0.4,asd_semh_accel,2027,241.6,110.4,131.3,151.6,12.1
E06000036,Bracknell Forest,None,0.4,asd_semh_accel,2028,254.9,116.9,138.0,172.9,13.8
E06000036,Bracknell Forest,None,0.4,asd_semh_accel,2029,268.8,123.8,145.0,197.3,15.8
E06000036,Bracknell Forest,None,0.4,asd_semh_accel,2030,283.5,131.1,152.4,225.2,18.0
E06000036,Bracknell Forest,None,0.4,cost_inflation,2024,206.0,93.0,113.0,102.0,8.2
E06000036,Bracknell Forest,None,0.4,cost_inflation,2025,215.0,98.5,116.5,115.0,10.1
E06000036,Bracknell Forest,None,0.4,cost_inflation,2026,224.3,104.3,120.0,129.7,12.6
E06000036,Bracknell Forest,None,0.4,cost_inflation,2027,234.1,110.4,123.7,146.2,15.6
E06000036,Bracknell Forest,None,0.4,cost_inflation,2028,244.2,116.9,127.3,164.8,19.3
E06000036,Bracknell Forest,None,0.4,cost_inflation,2029,254.9,123.8,131.1,185.9,23.9
E06000036,Bracknell Forest,None,0.4,cost_inflation,2030,265.9,131.1,134.9,209.6,29.7
E06000036,Bracknell Forest,None,0.4,capacity_improvement,2024,206.0,93.0,113.0,102.0,8.2
E06000036,Bracknell Forest,None,0.4,capacity_improvement,2025,215.0,107.8,107.2,114.3,9.1
E06000036,Bracknell Forest,None,0.4,capacity_improvement,2026,224.3,123.7,100.6,128.1,10.2
E06000036,Bracknell Forest,None,0.4,capacity_improvement,2027,234.1,140.8,93.3,143.6,11.5
E06000036,Bracknell Forest,None,0.4,capacity_improvement,2028,244.2,158.8,85.5,160.9,12.9
E06000036,Bracknell Forest,None,0.4,capacity_improvement,2029,254.9,165.7,89.2,180.4,14.4
E06000036,Bracknell Forest,None,0.4,capacity_improvement,2030,265.9,172.9,93.1,202.1,16.2
E06000036,Bracknell Forest,None,0.4,flat_throughput,2024,206.0,93.0,113.0,102.0,8.2
E06000036,Bracknell Forest,None,0.4,flat_throughput,2025,215.0,93.0,122.0,115.0,9.2
E06000036,Bracknell Forest,None,0.4,flat_throughput,2026,224.3,93.0,131.3,129.7,10.4
E06000036,Bracknell Forest,None,0.4,flat_throughput,2027,234.1,93.0,141.1,146.2,11.7
E06000036,Bracknell Forest,None,0.4,flat_throughput,2028,244.2,93.0,151.2,164.8,13.2
E06000036,Bracknell Forest,None,0.4,flat_throughput,2029,254.9,93.0,161.9,185.9,14.9
E06000036,Bracknell Forest,None,0.4,flat_throughput,2030,265.9,93.0,172.9,209.6,16.8
E08000032,Bradford,None,0.5,continuation,2024,1337.0,1188.0,149.0,177.0,14.2
E08000032,Bradford,None,0.5,continuation,2025,1507.5,1312.9,194.5,199.6,16.0
E08000032,Bradford,None,0.5,continuation,2026,1699.7,1451.0,248.6,225.0,18.0
E08000032,Bradford,None,0.5,continuation,2027,1916.4,1603.6,312.7,253.7,20.3
E08000032,Bradford,None,0.5,continuation,2028,2160.7,1772.3,388.4,286.0,22.9
E08000032,Bradford,None,0.5,continuation,2029,2436.2,1958.7,477.5,322.5,25.8
E08000032,Bradford,None,0.5,continuation,2030,2746.8,2164.7,582.1,363.6,29.1
E08000032,Bradford,None,0.5,asd_semh_accel,2024,1337.0,1188.0,149.0,177.0,14.2
E08000032,Bradford,None,0.5,asd_semh_accel,2025,1553.4,1312.9,240.4,202.0,16.2
E08000032,Bradford,None,0.5,asd_semh_accel,2026,1804.8,1451.0,353.7,230.5,18.4
E08000032,Bradford,None,0.5,asd_semh_accel,2027,2096.8,1603.6,493.2,263.0,21.0
E08000032,Bradford,None,0.5,asd_semh_accel,2028,2436.2,1772.3,663.9,300.1,24.0
E08000032,Bradford,None,0.5,asd_semh_accel,2029,2830.4,1958.7,871.7,342.5,27.4
E08000032,Bradford,None,0.5,asd_semh_accel,2030,3288.5,2164.7,1123.8,390.8,31.3
E08000032,Bradford,None,0.5,cost_inflation,2024,1337.0,1188.0,149.0,177.0,14.2
E08000032,Bradford,None,0.5,cost_inflation,2025,1507.5,1312.9,194.5,199.6,17.6
E08000032,Bradford,None,0.5,cost_inflation,2026,1699.7,1451.0,248.6,225.0,21.8
E08000032,Bradford,None,0.5,cost_inflation,2027,1916.4,1603.6,312.7,253.7,27.0
E08000032,Bradford,None,0.5,cost_inflation,2028,2160.7,1772.3,388.4,286.0,33.5
E08000032,Bradford,None,0.5,cost_inflation,2029,2436.2,1958.7,477.5,322.5,41.6
E08000032,Bradford,None,0.5,cost_inflation,2030,2746.8,2164.7,582.1,363.6,51.5
E08000032,Bradford,None,0.5,capacity_improvement,2024,1337.0,869.1,467.9,177.0,14.2
E08000032,Bradford,None,0.5,capacity_improvement,2025,1507.5,979.9,527.6,198.4,15.9
E08000032,Bradford,None,0.5,capacity_improvement,2026,1699.7,1104.8,594.9,222.3,17.8
E08000032,Bradford,None,0.5,capacity_improvement,2027,1916.4,1245.6,670.7,249.2,19.9
E08000032,Bradford,None,0.5,capacity_improvement,2028,2160.7,1404.4,756.2,279.3,22.3
E08000032,Bradford,None,0.5,capacity_improvement,2029,2436.2,1583.5,852.7,313.0,25.0
E08000032,Bradford,None,0.5,capacity_improvement,2030,2746.8,1785.4,961.4,350.8,28.1
E08000032,Bradford,None,0.5,flat_throughput,2024,1337.0,1188.0,149.0,177.0,14.2
E08000032,Bradford,None,0.5,flat_throughput,2025,1507.5,1188.0,319.5,199.6,16.0
E08000032,Bradford,None,0.5,flat_throughput,2026,1699.7,1188.0,511.7,225.0,18.0
E08000032,Bradford,None,0.5,flat_throughput,2027,1916.4,1188.0,728.4,253.7,20.3
E08000032,Bradford,None,0.5,flat_throughput,2028,2160.7,1188.0,972.7,286.0,22.9
E08000032,Bradford,None,0.5,flat_throughput,2029,2436.2,1188.0,1248.2,322.5,25.8
E08000032,Bradford,None,0.5,flat_throughput,2030,2746.8,1188.0,1558.8,363.6,29.1
E09000005,Brent,None,0.3,continuation,2024,473.0,376.0,97.0,160.0,12.8
E09000005,Brent,None,0.3,continuation,2025,490.0,359.8,130.2,176.1,14.1
E09000005,Brent,None,0.3,continuation,2026,507.6,344.3,163.4,193.8,15.5
E09000005,Brent,None,0.3,continuation,2027,525.9,329.4,196.5,213.3,17.1
E09000005,Brent,None,0.3,continuation,2028,544.8,315.2,229.6,234.7,18.8
E09000005,Brent,None,0.3,continuation,2029,564.3,301.6,262.7,258.3,20.7
E09000005,Brent,None,0.3,continuation,2030,584.6,288.6,296.0,284.3,22.7
E09000005,Brent,None,0.3,asd_semh_accel,2024,473.0,376.0,97.0,160.0,12.8
E09000005,Brent,None,0.3,asd_semh_accel,2025,494.3,359.8,134.6,177.8,14.2
E09000005,Brent,None,0.3,asd_semh_accel,2026,516.7,344.3,172.4,197.5,15.8
E09000005,Brent,None,0.3,asd_semh_accel,2027,540.0,329.4,210.6,219.5,17.6
E09000005,Brent,None,0.3,asd_semh_accel,2028,564.3,315.2,249.1,243.9,19.5
E09000005,Brent,None,0.3,asd_semh_accel,2029,589.8,301.6,288.2,271.0,21.7
E09000005,Brent,None,0.3,asd_semh_accel,2030,616.4,288.6,327.8,301.1,24.1
E09000005,Brent,None,0.3,cost_inflation,2024,473.0,376.0,97.0,160.0,12.8
E09000005,Brent,None,0.3,cost_inflation,2025,490.0,359.8,130.2,176.1,15.5
E09000005,Brent,None,0.3,cost_inflation,2026,507.6,344.3,163.4,193.8,18.8
E09000005,Brent,None,0.3,cost_inflation,2027,525.9,329.4,196.5,213.3,22.7
E09000005,Brent,None,0.3,cost_inflation,2028,544.8,315.2,229.6,234.7,27.5
E09000005,Brent,None,0.3,cost_inflation,2029,564.3,301.6,262.7,258.3,33.3
E09000005,Brent,None,0.3,cost_inflation,2030,584.6,288.6,296.0,284.3,40.3
E09000005,Brent,None,0.3,capacity_improvement,2024,473.0,307.4,165.6,160.0,12.8
E09000005,Brent,None,0.3,capacity_improvement,2025,490.0,318.5,171.5,175.2,14.0
E09000005,Brent,None,0.3,capacity_improvement,2026,507.6,329.9,177.7,191.9,15.4
E09000005,Brent,None,0.3,capacity_improvement,2027,525.9,341.8,184.1,210.2,16.8
E09000005,Brent,None,0.3,capacity_improvement,2028,544.8,354.1,190.7,230.2,18.4
E09000005,Brent,None,0.3,capacity_improvement,2029,564.3,366.8,197.5,252.2,20.2
E09000005,Brent,None,0.3,capacity_improvement,2030,584.6,380.0,204.6,276.2,22.1
E09000005,Brent,None,0.3,flat_throughput,2024,473.0,376.0,97.0,160.0,12.8
E09000005,Brent,None,0.3,flat_throughput,2025,490.0,376.0,114.0,176.1,14.1
E09000005,Brent,None,0.3,flat_throughput,2026,507.6,376.0,131.6,193.8,15.5
E09000005,Brent,None,0.3,flat_throughput,2027,525.9,376.0,149.9,213.3,17.1
E09000005,Brent,None,0.3,flat_throughput,2028,544.8,376.0,168.8,234.7,18.8
E09000005,Brent,None,0.3,flat_throughput,2029,564.3,376.0,188.3,258.3,20.7
E09000005,Brent,None,0.3,flat_throughput,2030,584.6,376.0,208.6,284.3,22.7
E06000043,Brighton and Hove,None,0.2,continuation,2024,302.0,296.0,6.0,85.0,6.8
E06000043,Brighton and Hove,None,0.2,continuation,2025,318.3,318.3,0.0,95.8,7.7
E06000043,Brighton and Hove,None,0.2,continuation,2026,335.4,335.4,0.0,108.1,8.6
E06000043,Brighton and Hove,None,0.2,continuation,2027,353.5,353.5,0.0,121.8,9.7
E06000043,Brighton and Hove,None,0.2,continuation,2028,372.6,372.6,0.0,137.4,11.0
E06000043,Brighton and Hove,None,0.2,continuation,2029,392.7,392.7,0.0,154.9,12.4
E06000043,Brighton and Hove,None,0.2,continuation,2030,413.9,413.9,0.0,174.6,14.0
E06000043,Brighton and Hove,None,0.2,asd_semh_accel,2024,302.0,296.0,6.0,85.0,6.8
E06000043,Brighton and Hove,None,0.2,asd_semh_accel,2025,322.5,322.5,0.0,97.0,7.8
E06000043,Brighton and Hove,None,0.2,asd_semh_accel,2026,344.4,344.4,0.0,110.7,8.9
E06000043,Brighton and Hove,None,0.2,asd_semh_accel,2027,367.7,367.7,0.0,126.3,10.1
E06000043,Brighton and Hove,None,0.2,asd_semh_accel,2028,392.7,392.7,0.0,144.1,11.5
E06000043,Brighton and Hove,None,0.2,asd_semh_accel,2029,419.3,419.3,0.0,164.5,13.2
E06000043,Brighton and Hove,None,0.2,asd_semh_accel,2030,447.8,447.8,0.0,187.7,15.0
E06000043,Brighton and Hove,None,0.2,cost_inflation,2024,302.0,296.0,6.0,85.0,6.8
E06000043,Brighton and Hove,None,0.2,cost_inflation,2025,318.3,318.3,0.0,95.8,8.4
E06000043,Brighton and Hove,None,0.2,cost_inflation,2026,335.4,335.4,0.0,108.1,10.5
E06000043,Brighton and Hove,None,0.2,cost_inflation,2027,353.5,353.5,0.0,121.8,13.0
E06000043,Brighton and Hove,None,0.2,cost_inflation,2028,372.6,372.6,0.0,137.4,16.1
E06000043,Brighton and Hove,None,0.2,cost_inflation,2029,392.7,392.7,0.0,154.9,20.0
E06000043,Brighton and Hove,None,0.2,cost_inflation,2030,413.9,413.9,0.0,174.6,24.7
E06000043,Brighton and Hove,None,0.2,capacity_improvement,2024,302.0,196.3,105.7,85.0,6.8
E06000043,Brighton and Hove,None,0.2,capacity_improvement,2025,318.3,206.9,111.4,95.3,7.6
E06000043,Brighton and Hove,None,0.2,capacity_improvement,2026,335.4,218.0,117.4,106.8,8.5
E06000043,Brighton and Hove,None,0.2,capacity_improvement,2027,353.5,229.8,123.7,119.7,9.6
E06000043,Brighton and Hove,None,0.2,capacity_improvement,2028,372.6,242.2,130.4,134.1,10.7
E06000043,Brighton and Hove,None,0.2,capacity_improvement,2029,392.7,255.2,137.4,150.3,12.0
E06000043,Brighton and Hove,None,0.2,capacity_improvement,2030,413.9,269.0,144.8,168.5,13.5
E06000043,Brighton and Hove,None,0.2,flat_throughput,2024,302.0,296.0,6.0,85.0,6.8
E06000043,Brighton and Hove,None,0.2,flat_throughput,2025,318.3,296.0,22.3,95.8,7.7
E06000043,Brighton and Hove,None,0.2,flat_throughput,2026,335.4,296.0,39.4,108.1,8.6
E06000043,Brighton and Hove,None,0.2,flat_throughput,2027,353.5,296.0,57.5,121.8,9.7
E06000043,Brighton and Hove,None,0.2,flat_throughput,2028,372.6,296.0,76.6,137.4,11.0
E06000043,Brighton and Hove,None,0.2,flat_throughput,2029,392.7,296.0,96.7,154.9,12.4
E06000043,Brighton and Hove,None,0.2,flat_throughput,2030,413.9,296.0,117.9,174.6,14.0
E06000023,"Bristol, City of",None,0.9,continuation,2024,684.0,118.0,566.0,179.0,14.3
E06000023,"Bristol, City of",None,0.9,continuation,2025,748.9,130.4,618.5,201.8,16.1
E06000023,"Bristol, City of",None,0.9,continuation,2026,819.9,144.1,675.8,227.6,18.2
E06000023,"Bristol, City of",None,0.9,continuation,2027,897.7,159.3,738.4,256.6,20.5
E06000023,"Bristol, City of",None,0.9,continuation,2028,982.9,176.0,806.8,289.3,23.1
E06000023,"Bristol, City of",None,0.9,continuation,2029,1076.1,194.5,881.6,326.2,26.1
E06000023,"Bristol, City of",None,0.9,continuation,2030,1178.2,215.0,963.2,367.7,29.4
E06000023,"Bristol, City of",None,0.9,asd_semh_accel,2024,684.0,118.0,566.0,179.0,14.3
E06000023,"Bristol, City of",None,0.9,asd_semh_accel,2025,766.0,130.4,635.6,204.3,16.3
E06000023,"Bristol, City of",None,0.9,asd_semh_accel,2026,857.9,144.1,713.8,233.1,18.6
E06000023,"Bristol, City of",None,0.9,asd_semh_accel,2027,960.9,159.3,801.6,266.0,21.3
E06000023,"Bristol, City of",None,0.9,asd_semh_accel,2028,1076.1,176.0,900.1,303.5,24.3
E06000023,"Bristol, City of",None,0.9,asd_semh_accel,2029,1205.2,194.5,1010.6,346.3,27.7
E06000023,"Bristol, City of",None,0.9,asd_semh_accel,2030,1349.8,215.0,1134.7,395.2,31.6
E06000023,"Bristol, City of",None,0.9,cost_inflation,2024,684.0,118.0,566.0,179.0,14.3
E06000023,"Bristol, City of",None,0.9,cost_inflation,2025,748.9,130.4,618.5,201.8,17.8
E06000023,"Bristol, City of",None,0.9,cost_inflation,2026,819.9,144.1,675.8,227.6,22.0
E06000023,"Bristol, City of",None,0.9,cost_inflation,2027,897.7,159.3,738.4,256.6,27.3
E06000023,"Bristol, City of",None,0.9,cost_inflation,2028,982.9,176.0,806.8,289.3,33.9
E06000023,"Bristol, City of",None,0.9,cost_inflation,2029,1076.1,194.5,881.6,326.2,42.0
E06000023,"Bristol, City of",None,0.9,cost_inflation,2030,1178.2,215.0,963.2,367.7,52.1
E06000023,"Bristol, City of",None,0.9,capacity_improvement,2024,684.0,118.0,566.0,179.0,14.3
E06000023,"Bristol, City of",None,0.9,capacity_improvement,2025,748.9,166.6,582.2,200.6,16.0
E06000023,"Bristol, City of",None,0.9,capacity_improvement,2026,819.9,223.4,596.5,224.8,18.0
E06000023,"Bristol, City of",None,0.9,capacity_improvement,2027,897.7,289.5,608.2,252.0,20.2
E06000023,"Bristol, City of",None,0.9,capacity_improvement,2028,982.9,366.1,616.7,282.4,22.6
E06000023,"Bristol, City of",None,0.9,capacity_improvement,2029,1076.1,454.7,621.4,316.5,25.3
E06000023,"Bristol, City of",None,0.9,capacity_improvement,2030,1178.2,556.7,621.5,354.7,28.4
E06000023,"Bristol, City of",None,0.9,flat_throughput,2024,684.0,118.0,566.0,179.0,14.3
E06000023,"Bristol, City of",None,0.9,flat_throughput,2025,748.9,118.0,630.9,201.8,16.1
E06000023,"Bristol, City of",None,0.9,flat_throughput,2026,819.9,118.0,701.9,227.6,18.2
E06000023,"Bristol, City of",None,0.9,flat_throughput,2027,897.7,118.0,779.7,256.6,20.5
E06000023,"Bristol, City of",None,0.9,flat_throughput,2028,982.9,118.0,864.9,289.3,23.1
E06000023,"Bristol, City of",None,0.9,flat_throughput,2029,1076.1,118.0,958.1,326.2,26.1
E06000023,"Bristol, City of",None,0.9,flat_throughput,2030,1178.2,118.0,1060.2,367.7,29.4
E09000006,Bromley,None,0.7,continuation,2024,719.0,326.0,393.0,225.0,18.0
E09000006,Bromley,None,0.7,continuation,2025,810.7,339.9,470.8,251.2,20.1
E09000006,Bromley,None,0.7,continuation,2026,914.0,354.4,559.6,280.6,22.4
E09000006,Bromley,None,0.7,continuation,2027,1030.6,369.5,661.1,313.3,25.1
E09000006,Bromley,None,0.7,continuation,2028,1162.0,385.3,776.7,349.8,28.0
E09000006,Bromley,None,0.7,continuation,2029,1310.1,401.7,908.4,390.6,31.3
E09000006,Bromley,None,0.7,continuation,2030,1477.1,418.8,1058.3,436.2,34.9
E09000006,Bromley,None,0.7,asd_semh_accel,2024,719.0,326.0,393.0,225.0,18.0
E09000006,Bromley,None,0.7,asd_semh_accel,2025,835.4,339.9,495.5,254.0,20.3
E09000006,Bromley,None,0.7,asd_semh_accel,2026,970.5,354.4,616.2,286.8,22.9
E09000006,Bromley,None,0.7,asd_semh_accel,2027,1127.6,369.5,758.1,323.8,25.9
E09000006,Bromley,None,0.7,asd_semh_accel,2028,1310.1,385.3,924.8,365.6,29.2
E09000006,Bromley,None,0.7,asd_semh_accel,2029,1522.1,401.7,1120.4,412.8,33.0
E09000006,Bromley,None,0.7,asd_semh_accel,2030,1768.5,418.8,1349.6,466.0,37.3
E09000006,Bromley,None,0.7,cost_inflation,2024,719.0,326.0,393.0,225.0,18.0
E09000006,Bromley,None,0.7,cost_inflation,2025,810.7,339.9,470.8,251.2,22.1
E09000006,Bromley,None,0.7,cost_inflation,2026,914.0,354.4,559.6,280.6,27.2
E09000006,Bromley,None,0.7,cost_inflation,2027,1030.6,369.5,661.1,313.3,33.4
E09000006,Bromley,None,0.7,cost_inflation,2028,1162.0,385.3,776.7,349.8,41.0
E09000006,Bromley,None,0.7,cost_inflation,2029,1310.1,401.7,908.4,390.6,50.3
E09000006,Bromley,None,0.7,cost_inflation,2030,1477.1,418.8,1058.3,436.2,61.8
E09000006,Bromley,None,0.7,capacity_improvement,2024,719.0,326.0,393.0,225.0,18.0
E09000006,Bromley,None,0.7,capacity_improvement,2025,810.7,408.1,402.6,249.9,20.0
E09000006,Bromley,None,0.7,capacity_improvement,2026,914.0,505.8,408.2,277.5,22.2
E09000006,Bromley,None,0.7,capacity_improvement,2027,1030.6,621.8,408.7,308.1,24.7
E09000006,Bromley,None,0.7,capacity_improvement,2028,1162.0,755.3,406.7,342.2,27.4
E09000006,Bromley,None,0.7,capacity_improvement,2029,1310.1,851.6,458.5,380.0,30.4
E09000006,Bromley,None,0.7,capacity_improvement,2030,1477.1,960.1,517.0,422.0,33.8
E09000006,Bromley,None,0.7,flat_throughput,2024,719.0,326.0,393.0,225.0,18.0
E09000006,Bromley,None,0.7,flat_throughput,2025,810.7,326.0,484.7,251.2,20.1
E09000006,Bromley,None,0.7,flat_throughput,2026,914.0,326.0,588.0,280.6,22.4
E09000006,Bromley,None,0.7,flat_throughput,2027,1030.6,326.0,704.6,313.3,25.1
E09000006,Bromley,None,0.7,flat_throughput,2028,1162.0,326.0,836.0,349.8,28.0
E09000006,Bromley,None,0.7,flat_throughput,2029,1310.1,326.0,984.1,390.6,31.3
E09000006,Bromley,None,0.7,flat_throughput,2030,1477.1,326.0,1151.1,436.2,34.9
E10000002,Buckinghamshire,None,0.5,continuation,2024,730.0,234.0,496.0,171.0,13.7
E10000002,Buckinghamshire,None,0.5,continuation,2025,771.6,230.0,541.6,190.5,15.2
E10000002,Buckinghamshire,None,0.5,continuation,2026,815.6,226.1,589.5,212.3,17.0
E10000002,Buckinghamshire,None,0.5,continuation,2027,862.1,222.2,639.9,236.5,18.9
E10000002,Buckinghamshire,None,0.5,continuation,2028,911.2,218.4,692.8,263.6,21.1
E10000002,Buckinghamshire,None,0.5,continuation,2029,963.1,214.7,748.5,293.7,23.5
E10000002,Buckinghamshire,None,0.5,continuation,2030,1018.0,211.0,807.0,327.2,26.2
E10000002,Buckinghamshire,None,0.5,asd_semh_accel,2024,730.0,234.0,496.0,171.0,13.7
E10000002,Buckinghamshire,None,0.5,asd_semh_accel,2025,782.4,230.0,552.4,192.6,15.4
E10000002,Buckinghamshire,None,0.5,asd_semh_accel,2026,838.5,226.1,612.4,216.9,17.4
E10000002,Buckinghamshire,None,0.5,asd_semh_accel,2027,898.7,222.2,676.5,244.3,19.5
E10000002,Buckinghamshire,None,0.5,asd_semh_accel,2028,963.1,218.4,744.7,275.2,22.0
E10000002,Buckinghamshire,None,0.5,asd_semh_accel,2029,1032.2,214.7,817.6,310.0,24.8
E10000002,Buckinghamshire,None,0.5,asd_semh_accel,2030,1106.3,211.0,895.3,349.1,27.9
E10000002,Buckinghamshire,None,0.5,cost_inflation,2024,730.0,234.0,496.0,171.0,13.7
E10000002,Buckinghamshire,None,0.5,cost_inflation,2025,771.6,230.0,541.6,190.5,16.8
E10000002,Buckinghamshire,None,0.5,cost_inflation,2026,815.6,226.1,589.5,212.3,20.6
E10000002,Buckinghamshire,None,0.5,cost_inflation,2027,862.1,222.2,639.9,236.5,25.2
E10000002,Buckinghamshire,None,0.5,cost_inflation,2028,911.2,218.4,692.8,263.6,30.9
E10000002,Buckinghamshire,None,0.5,cost_inflation,2029,963.1,214.7,748.5,293.7,37.8
E10000002,Buckinghamshire,None,0.5,cost_inflation,2030,1018.0,211.0,807.0,327.2,46.4
E10000002,Buckinghamshire,None,0.5,capacity_improvement,2024,730.0,234.0,496.0,171.0,13.7
E10000002,Buckinghamshire,None,0.5,capacity_improvement,2025,771.6,285.9,485.7,189.5,15.2
E10000002,Buckinghamshire,None,0.5,capacity_improvement,2026,815.6,343.0,472.6,210.0,16.8
E10000002,Buckinghamshire,None,0.5,capacity_improvement,2027,862.1,405.6,456.4,232.7,18.6
E10000002,Buckinghamshire,None,0.5,capacity_improvement,2028,911.2,474.3,436.9,257.9,20.6
E10000002,Buckinghamshire,None,0.5,capacity_improvement,2029,963.1,549.5,413.6,285.8,22.9
E10000002,Buckinghamshire,None,0.5,capacity_improvement,2030,1018.0,631.7,386.3,316.8,25.3
E10000002,Buckinghamshire,None,0.5,flat_throughput,2024,730.0,234.0,496.0,171.0,13.7
E10000002,Buckinghamshire,None,0.5,flat_throughput,2025,771.6,234.0,537.6,190.5,15.2
E10000002,Buckinghamshire,None,0.5,flat_throughput,2026,815.6,234.0,581.6,212.3,17.0
E10000002,Buckinghamshire,None,0.5,flat_throughput,2027,862.1,234.0,628.1,236.5,18.9
E10000002,Buckinghamshire,None,0.5,flat_throughput,2028,911.2,234.0,677.2,263.6,21.1
E10000002,Buckinghamshire,None,0.5,flat_throughput,2029,963.1,234.0,729.1,293.7,23.5
E10000002,Buckinghamshire,None,0.5,flat_throughput,2030,1018.0,234.0,784.0,327.2,26.2
E08000002,Bury,None,0.4,continuation,2024,296.0,293.0,3.0,181.0,14.5
E08000002,Bury,None,0.4,continuation,2025,324.7,323.8,0.9,203.3,16.3
E08000002,Bury,None,0.4,continuation,2026,356.1,356.1,0.0,228.3,18.3
E08000002,Bury,None,0.4,continuation,2027,390.6,390.6,0.0,256.4,20.5
E08000002,Bury,None,0.4,continuation,2028,428.5,428.5,0.0,288.0,23.0
E08000002,Bury,None,0.4,continuation,2029,470.0,470.0,0.0,323.5,25.9
E08000002,Bury,None,0.4,continuation,2030,515.5,515.5,0.0,363.3,29.1
E08000002,Bury,None,0.4,asd_semh_accel,2024,296.0,293.0,3.0,181.0,14.5
E08000002,Bury,None,0.4,asd_semh_accel,2025,332.3,323.8,8.5,205.7,16.5
E08000002,Bury,None,0.4,asd_semh_accel,2026,373.0,357.9,15.1,233.7,18.7
E08000002,Bury,None,0.4,asd_semh_accel,2027,418.7,395.5,23.2,265.5,21.2
E08000002,Bury,None,0.4,asd_semh_accel,2028,470.0,437.1,32.9,301.7,24.1
E08000002,Bury,None,0.4,asd_semh_accel,2029,527.6,483.1,44.5,342.8,27.4
E08000002,Bury,None,0.4,asd_semh_accel,2030,592.2,533.9,58.3,389.6,31.2
E08000002,Bury,None,0.4,cost_inflation,2024,296.0,293.0,3.0,181.0,14.5
E08000002,Bury,None,0.4,cost_inflation,2025,324.7,323.8,0.9,203.3,17.9
E08000002,Bury,None,0.4,cost_inflation,2026,356.1,356.1,0.0,228.3,22.1
E08000002,Bury,None,0.4,cost_inflation,2027,390.6,390.6,0.0,256.4,27.3
E08000002,Bury,None,0.4,cost_inflation,2028,428.5,428.5,0.0,288.0,33.7
E08000002,Bury,None,0.4,cost_inflation,2029,470.0,470.0,0.0,323.5,41.7
E08000002,Bury,None,0.4,cost_inflation,2030,515.5,515.5,0.0,363.3,51.5
E08000002,Bury,None,0.4,capacity_improvement,2024,296.0,192.4,103.6,181.0,14.5
E08000002,Bury,None,0.4,capacity_improvement,2025,324.7,211.0,113.6,202.1,16.2
E08000002,Bury,None,0.4,capacity_improvement,2026,356.1,231.5,124.6,225.7,18.1
E08000002,Bury,None,0.4,capacity_improvement,2027,390.6,253.9,136.7,252.0,20.2
E08000002,Bury,None,0.4,capacity_improvement,2028,428.5,278.5,150.0,281.4,22.5
E08000002,Bury,None,0.4,capacity_improvement,2029,470.0,305.5,164.5,314.2,25.1
E08000002,Bury,None,0.4,capacity_improvement,2030,515.5,335.1,180.4,350.9,28.1
E08000002,Bury,None,0.4,flat_throughput,2024,296.0,293.0,3.0,181.0,14.5
E08000002,Bury,None,0.4,flat_throughput,2025,324.7,293.0,31.7,203.3,16.3
E08000002,Bury,None,0.4,flat_throughput,2026,356.1,293.0,63.1,228.3,18.3
E08000002,Bury,None,0.4,flat_throughput,2027,390.6,293.0,97.6,256.4,20.5
E08000002,Bury,None,0.4,flat_throughput,2028,428.5,293.0,135.5,288.0,23.0
E08000002,Bury,None,0.4,flat_throughput,2029,470.0,293.0,177.0,323.5,25.9
E08000002,Bury,None,0.4,flat_throughput,2030,515.5,293.0,222.5,363.3,29.1
E08000033,Calderdale,None,0.0,continuation,2024,429.0,408.0,21.0,109.0,8.7
E08000033,Calderdale,None,0.0,continuation,2025,483.7,450.9,32.8,122.9,9.8
E08000033,Calderdale,None,0.0,continuation,2026,545.4,498.3,47.0,138.6,11.1
E08000033,Calderdale,None,0.0,continuation,2027,614.9,550.7,64.2,156.2,12.5
E08000033,Calderdale,None,0.0,continuation,2028,693.3,608.7,84.6,176.2,14.1
E08000033,Calderdale,None,0.0,continuation,2029,781.7,672.7,109.0,198.6,15.9
E08000033,Calderdale,None,0.0,continuation,2030,881.4,743.4,137.9,223.9,17.9
E08000033,Calderdale,None,0.0,asd_semh_accel,2024,429.0,408.0,21.0,109.0,8.7
E08000033,Calderdale,None,0.0,asd_semh_accel,2025,498.4,450.9,47.5,124.4,10.0
E08000033,Calderdale,None,0.0,asd_semh_accel,2026,579.1,498.3,80.8,141.9,11.4
E08000033,Calderdale,None,0.0,asd_semh_accel,2027,672.8,550.7,122.1,162.0,13.0
E08000033,Calderdale,None,0.0,asd_semh_accel,2028,781.7,608.7,173.0,184.8,14.8
E08000033,Calderdale,None,0.0,asd_semh_accel,2029,908.2,672.7,235.5,210.9,16.9
E08000033,Calderdale,None,0.0,asd_semh_accel,2030,1055.2,743.4,311.7,240.7,19.3
E08000033,Calderdale,None,0.0,cost_inflation,2024,429.0,408.0,21.0,109.0,8.7
E08000033,Calderdale,None,0.0,cost_inflation,2025,483.7,450.9,32.8,122.9,10.8
E08000033,Calderdale,None,0.0,cost_inflation,2026,545.4,498.3,47.0,138.6,13.4
E08000033,Calderdale,None,0.0,cost_inflation,2027,614.9,550.7,64.2,156.2,16.6
E08000033,Calderdale,None,0.0,cost_inflation,2028,693.3,608.7,84.6,176.2,20.6
E08000033,Calderdale,None,0.0,cost_inflation,2029,781.7,672.7,109.0,198.6,25.6
E08000033,Calderdale,None,0.0,cost_inflation,2030,881.4,743.4,137.9,223.9,31.7
E08000033,Calderdale,None,0.0,capacity_improvement,2024,429.0,278.9,150.1,109.0,8.7
E08000033,Calderdale,None,0.0,capacity_improvement,2025,483.7,314.4,169.3,122.2,9.8
E08000033,Calderdale,None,0.0,capacity_improvement,2026,545.4,354.5,190.9,136.9,11.0
E08000033,Calderdale,None,0.0,capacity_improvement,2027,614.9,399.7,215.2,153.4,12.3
E08000033,Calderdale,None,0.0,capacity_improvement,2028,693.3,450.6,242.7,172.0,13.8
E08000033,Calderdale,None,0.0,capacity_improvement,2029,781.7,508.1,273.6,192.7,15.4
E08000033,Calderdale,None,0.0,capacity_improvement,2030,881.4,572.9,308.5,216.0,17.3
E08000033,Calderdale,None,0.0,flat_throughput,2024,429.0,408.0,21.0,109.0,8.7
E08000033,Calderdale,None,0.0,flat_throughput,2025,483.7,408.0,75.7,122.9,9.8
E08000033,Calderdale,None,0.0,flat_throughput,2026,545.4,408.0,137.4,138.6,11.1
E08000033,Calderdale,None,0.0,flat_throughput,2027,614.9,408.0,206.9,156.2,12.5
E08000033,Calderdale,None,0.0,flat_throughput,2028,693.3,408.0,285.3,176.2,14.1
E08000033,Calderdale,None,0.0,flat_throughput,2029,781.7,408.0,373.7,198.6,15.9
E08000033,Calderdale,None,0.0,flat_throughput,2030,881.4,408.0,473.4,223.9,17.9
E10000003,Cambridgeshire,None,0.4,continuation,2024,729.0,56.0,673.0,244.0,19.5
E10000003,Cambridgeshire,None,0.4,continuation,2025,760.6,48.2,712.4,264.7,21.2
E10000003,Cambridgeshire,None,0.4,continuation,2026,793.6,41.5,752.2,287.2,23.0
E10000003,Cambridgeshire,None,0.4,continuation,2027,828.1,35.7,792.4,311.6,24.9
E10000003,Cambridgeshire,None,0.4,continuation,2028,864.0,30.7,833.3,338.0,27.0
E10000003,Cambridgeshire,None,0.4,continuation,2029,901.5,26.5,875.0,366.7,29.3
E10000003,Cambridgeshire,None,0.4,continuation,2030,940.6,22.8,917.9,397.9,31.8
E10000003,Cambridgeshire,None,0.4,asd_semh_accel,2024,729.0,56.0,673.0,244.0,19.5
E10000003,Cambridgeshire,None,0.4,asd_semh_accel,2025,768.8,48.2,720.6,266.9,21.4
E10000003,Cambridgeshire,None,0.4,asd_semh_accel,2026,810.7,41.5,769.2,291.9,23.4
E10000003,Cambridgeshire,None,0.4,asd_semh_accel,2027,854.9,35.7,819.2,319.3,25.5
E10000003,Cambridgeshire,None,0.4,asd_semh_accel,2028,901.5,30.7,870.8,349.2,27.9
E10000003,Cambridgeshire,None,0.4,asd_semh_accel,2029,950.7,26.5,924.2,382.0,30.6
E10000003,Cambridgeshire,None,0.4,asd_semh_accel,2030,1002.5,22.8,979.7,417.8,33.4
E10000003,Cambridgeshire,None,0.4,cost_inflation,2024,729.0,56.0,673.0,244.0,19.5
E10000003,Cambridgeshire,None,0.4,cost_inflation,2025,760.6,48.2,712.4,264.7,23.3
E10000003,Cambridgeshire,None,0.4,cost_inflation,2026,793.6,41.5,752.2,287.2,27.8
E10000003,Cambridgeshire,None,0.4,cost_inflation,2027,828.1,35.7,792.4,311.6,33.2
E10000003,Cambridgeshire,None,0.4,cost_inflation,2028,864.0,30.7,833.3,338.0,39.6
E10000003,Cambridgeshire,None,0.4,cost_inflation,2029,901.5,26.5,875.0,366.7,47.2
E10000003,Cambridgeshire,None,0.4,cost_inflation,2030,940.6,22.8,917.9,397.9,56.4
E10000003,Cambridgeshire,None,0.4,capacity_improvement,2024,729.0,56.0,673.0,244.0,19.5
E10000003,Cambridgeshire,None,0.4,capacity_improvement,2025,760.6,96.5,664.2,263.6,21.1
E10000003,Cambridgeshire,None,0.4,capacity_improvement,2026,793.6,140.3,653.3,284.9,22.8
E10000003,Cambridgeshire,None,0.4,capacity_improvement,2027,828.1,187.8,640.3,307.8,24.6
E10000003,Cambridgeshire,None,0.4,capacity_improvement,2028,864.0,239.2,624.8,332.6,26.6
E10000003,Cambridgeshire,None,0.4,capacity_improvement,2029,901.5,294.6,606.9,359.3,28.7
E10000003,Cambridgeshire,None,0.4,capacity_improvement,2030,940.6,354.4,586.2,388.2,31.1
E10000003,Cambridgeshire,None,0.4,flat_throughput,2024,729.0,56.0,673.0,244.0,19.5
E10000003,Cambridgeshire,None,0.4,flat_throughput,2025,760.6,56.0,704.6,264.7,21.2
E10000003,Cambridgeshire,None,0.4,flat_throughput,2026,793.6,56.0,737.6,287.2,23.0
E10000003,Cambridgeshire,None,0.4,flat_throughput,2027,828.1,56.0,772.1,311.6,24.9
E10000003,Cambridgeshire,None,0.4,flat_throughput,2028,864.0,56.0,808.0,338.0,27.0
E10000003,Cambridgeshire,None,0.4,flat_throughput,2029,901.5,56.0,845.5,366.7,29.3
E10000003,Cambridgeshire,None,0.4,flat_throughput,2030,940.6,56.0,884.6,397.9,31.8
E09000007,Camden,None,0.1,continuation,2024,181.0,174.0,7.0,71.0,5.7
E09000007,Camden,None,0.1,continuation,2025,195.9,190.4,5.6,79.3,6.3
E09000007,Camden,None,0.1,continuation,2026,212.1,208.3,3.8,88.6,7.1
E09000007,Camden,None,0.1,continuation,2027,229.6,227.9,1.7,99.0,7.9
E09000007,Camden,None,0.1,continuation,2028,248.5,248.5,0.0,110.5,8.8
E09000007,Camden,None,0.1,continuation,2029,269.0,269.0,0.0,123.5,9.9
E09000007,Camden,None,0.1,continuation,2030,291.1,291.1,0.0,137.9,11.0
E09000007,Camden,None,0.1,asd_semh_accel,2024,181.0,174.0,7.0,71.0,5.7
E09000007,Camden,None,0.1,asd_semh_accel,2025,199.8,190.4,9.5,80.2,6.4
E09000007,Camden,None,0.1,asd_semh_accel,2026,220.6,208.3,12.4,90.6,7.2
E09000007,Camden,None,0.1,asd_semh_accel,2027,243.6,227.9,15.7,102.3,8.2
E09000007,Camden,None,0.1,asd_semh_accel,2028,269.0,249.3,19.7,115.5,9.2
E09000007,Camden,None,0.1,asd_semh_accel,2029,297.0,272.7,24.2,130.5,10.4
E09000007,Camden,None,0.1,asd_semh_accel,2030,327.9,298.4,29.5,147.4,11.8
E09000007,Camden,None,0.1,cost_inflation,2024,181.0,174.0,7.0,71.0,5.7
E09000007,Camden,None,0.1,cost_inflation,2025,195.9,190.4,5.6,79.3,7.0
E09000007,Camden,None,0.1,cost_inflation,2026,212.1,208.3,3.8,88.6,8.6
E09000007,Camden,None,0.1,cost_inflation,2027,229.6,227.9,1.7,99.0,10.5
E09000007,Camden,None,0.1,cost_inflation,2028,248.5,248.5,0.0,110.5,12.9
E09000007,Camden,None,0.1,cost_inflation,2029,269.0,269.0,0.0,123.5,15.9
E09000007,Camden,None,0.1,cost_inflation,2030,291.1,291.1,0.0,137.9,19.5
E09000007,Camden,None,0.1,capacity_improvement,2024,181.0,117.7,63.3,71.0,5.7
E09000007,Camden,None,0.1,capacity_improvement,2025,195.9,127.3,68.6,78.9,6.3
E09000007,Camden,None,0.1,capacity_improvement,2026,212.1,137.8,74.2,87.6,7.0
E09000007,Camden,None,0.1,capacity_improvement,2027,229.6,149.2,80.3,97.3,7.8
E09000007,Camden,None,0.1,capacity_improvement,2028,248.5,161.5,87.0,108.1,8.6
E09000007,Camden,None,0.1,capacity_improvement,2029,269.0,174.8,94.1,120.1,9.6
E09000007,Camden,None,0.1,capacity_improvement,2030,291.1,189.2,101.9,133.4,10.7
E09000007,Camden,None,0.1,flat_throughput,2024,181.0,174.0,7.0,71.0,5.7
E09000007,Camden,None,0.1,flat_throughput,2025,195.9,174.0,21.9,79.3,6.3
E09000007,Camden,None,0.1,flat_throughput,2026,212.1,174.0,38.1,88.6,7.1
E09000007,Camden,None,0.1,flat_throughput,2027,229.6,174.0,55.6,99.0,7.9
E09000007,Camden,None,0.1,flat_throughput,2028,248.5,174.0,74.5,110.5,8.8
E09000007,Camden,None,0.1,flat_throughput,2029,269.0,174.0,95.0,123.5,9.9
E09000007,Camden,None,0.1,flat_throughput,2030,291.1,174.0,117.1,137.9,11.0
E06000056,Central Bedfordshire,None,0.6,continuation,2024,649.0,276.0,373.0,49.0,3.9
E06000056,Central Bedfordshire,None,0.6,continuation,2025,731.7,297.2,434.5,55.2,4.4
E06000056,Central Bedfordshire,None,0.6,continuation,2026,825.0,320.0,505.0,62.3,5.0
E06000056,Central Bedfordshire,None,0.6,continuation,2027,930.2,344.6,585.6,70.2,5.6
E06000056,Central Bedfordshire,None,0.6,continuation,2028,1048.8,371.1,677.7,79.2,6.3
E06000056,Central Bedfordshire,None,0.6,continuation,2029,1182.6,399.6,782.9,89.3,7.1
E06000056,Central Bedfordshire,None,0.6,continuation,2030,1333.3,430.3,903.0,100.7,8.1
E06000056,Central Bedfordshire,None,0.6,asd_semh_accel,2024,649.0,276.0,373.0,49.0,3.9
E06000056,Central Bedfordshire,None,0.6,asd_semh_accel,2025,754.0,297.2,456.8,55.9,4.5
E06000056,Central Bedfordshire,None,0.6,asd_semh_accel,2026,876.1,320.0,556.0,63.8,5.1
E06000056,Central Bedfordshire,None,0.6,asd_semh_accel,2027,1017.8,344.6,673.2,72.8,5.8
E06000056,Central Bedfordshire,None,0.6,asd_semh_accel,2028,1182.6,371.1,811.4,83.1,6.6
E06000056,Central Bedfordshire,None,0.6,asd_semh_accel,2029,1373.9,399.6,974.3,94.8,7.6
E06000056,Central Bedfordshire,None,0.6,asd_semh_accel,2030,1596.3,430.3,1165.9,108.2,8.7
E06000056,Central Bedfordshire,None,0.6,cost_inflation,2024,649.0,276.0,373.0,49.0,3.9
E06000056,Central Bedfordshire,None,0.6,cost_inflation,2025,731.7,297.2,434.5,55.2,4.9
E06000056,Central Bedfordshire,None,0.6,cost_inflation,2026,825.0,320.0,505.0,62.3,6.0
E06000056,Central Bedfordshire,None,0.6,cost_inflation,2027,930.2,344.6,585.6,70.2,7.5
E06000056,Central Bedfordshire,None,0.6,cost_inflation,2028,1048.8,371.1,677.7,79.2,9.3
E06000056,Central Bedfordshire,None,0.6,cost_inflation,2029,1182.6,399.6,782.9,89.3,11.5
E06000056,Central Bedfordshire,None,0.6,cost_inflation,2030,1333.3,430.3,903.0,100.7,14.3
E06000056,Central Bedfordshire,None,0.6,capacity_improvement,2024,649.0,276.0,373.0,49.0,3.9
E06000056,Central Bedfordshire,None,0.6,capacity_improvement,2025,731.7,347.8,384.0,54.9,4.4
E06000056,Central Bedfordshire,None,0.6,capacity_improvement,2026,825.0,433.4,391.7,61.5,4.9
E06000056,Central Bedfordshire,None,0.6,capacity_improvement,2027,930.2,535.1,395.1,69.0,5.5
E06000056,Central Bedfordshire,None,0.6,capacity_improvement,2028,1048.8,655.8,393.0,77.3,6.2
E06000056,Central Bedfordshire,None,0.6,capacity_improvement,2029,1182.6,768.7,413.9,86.6,6.9
E06000056,Central Bedfordshire,None,0.6,capacity_improvement,2030,1333.3,866.7,466.7,97.1,7.8
E06000056,Central Bedfordshire,None,0.6,flat_throughput,2024,649.0,276.0,373.0,49.0,3.9
E06000056,Central Bedfordshire,None,0.6,flat_throughput,2025,731.7,276.0,455.7,55.2,4.4
E06000056,Central Bedfordshire,None,0.6,flat_throughput,2026,825.0,276.0,549.0,62.3,5.0
E06000056,Central Bedfordshire,None,0.6,flat_throughput,2027,930.2,276.0,654.2,70.2,5.6
E06000056,Central Bedfordshire,None,0.6,flat_throughput,2028,1048.8,276.0,772.8,79.2,6.3
E06000056,Central Bedfordshire,None,0.6,flat_throughput,2029,1182.6,276.0,906.6,89.3,7.1
E06000056,Central Bedfordshire,None,0.6,flat_throughput,2030,1333.3,276.0,1057.3,100.7,8.1
E06000049,Cheshire East,None,0.5,continuation,2024,438.0,206.0,232.0,387.0,31.0
E06000049,Cheshire East,None,0.5,continuation,2025,426.6,206.3,220.3,436.3,34.9
E06000049,Cheshire East,None,0.5,continuation,2026,415.4,206.5,208.9,492.0,39.4
E06000049,Cheshire East,None,0.5,continuation,2027,404.6,206.8,197.8,554.7,44.4
E06000049,Cheshire East,None,0.5,continuation,2028,394.0,207.0,187.0,625.4,50.0
E06000049,Cheshire East,None,0.5,continuation,2029,383.7,207.3,176.4,705.2,56.4
E06000049,Cheshire East,None,0.5,continuation,2030,373.7,207.6,166.1,795.1,63.6
E06000049,Cheshire East,None,0.5,asd_semh_accel,2024,438.0,206.0,232.0,387.0,31.0
E06000049,Cheshire East,None,0.5,asd_semh_accel,2025,423.7,206.3,217.5,441.6,35.3
E06000049,Cheshire East,None,0.5,asd_semh_accel,2026,410.0,206.5,203.4,503.9,40.3
E06000049,Cheshire East,None,0.5,asd_semh_accel,2027,396.6,206.8,189.8,575.0,46.0
E06000049,Cheshire East,None,0.5,asd_semh_accel,2028,383.7,207.0,176.7,656.2,52.5
E06000049,Cheshire East,None,0.5,asd_semh_accel,2029,371.2,207.3,163.9,748.8,59.9
E06000049,Cheshire East,None,0.5,asd_semh_accel,2030,359.1,207.6,151.6,854.4,68.4
E06000049,Cheshire East,None,0.5,cost_inflation,2024,438.0,206.0,232.0,387.0,31.0
E06000049,Cheshire East,None,0.5,cost_inflation,2025,426.6,206.3,220.3,436.3,38.4
E06000049,Cheshire East,None,0.5,cost_inflation,2026,415.4,206.5,208.9,492.0,47.6
E06000049,Cheshire East,None,0.5,cost_inflation,2027,404.6,206.8,197.8,554.7,59.1
E06000049,Cheshire East,None,0.5,cost_inflation,2028,394.0,207.0,187.0,625.4,73.3
E06000049,Cheshire East,None,0.5,cost_inflation,2029,383.7,207.3,176.4,705.2,90.9
E06000049,Cheshire East,None,0.5,cost_inflation,2030,373.7,207.6,166.1,795.1,112.7
E06000049,Cheshire East,None,0.5,capacity_improvement,2024,438.0,206.0,232.0,387.0,31.0
E06000049,Cheshire East,None,0.5,capacity_improvement,2025,426.6,221.9,204.6,433.7,34.7
E06000049,Cheshire East,None,0.5,capacity_improvement,2026,415.4,236.9,178.5,486.1,38.9
E06000049,Cheshire East,None,0.5,capacity_improvement,2027,404.6,251.0,153.6,544.8,43.6
E06000049,Cheshire East,None,0.5,capacity_improvement,2028,394.0,256.1,137.9,610.6,48.8
E06000049,Cheshire East,None,0.5,capacity_improvement,2029,383.7,249.4,134.3,684.3,54.7
E06000049,Cheshire East,None,0.5,capacity_improvement,2030,373.7,242.9,130.8,767.0,61.4
E06000049,Cheshire East,None,0.5,flat_throughput,2024,438.0,206.0,232.0,387.0,31.0
E06000049,Cheshire East,None,0.5,flat_throughput,2025,426.6,206.0,220.6,436.3,34.9
E06000049,Cheshire East,None,0.5,flat_throughput,2026,415.4,206.0,209.4,492.0,39.4
E06000049,Cheshire East,None,0.5,flat_throughput,2027,404.6,206.0,198.6,554.7,44.4
E06000049,Cheshire East,None,0.5,flat_throughput,2028,394.0,206.0,188.0,625.4,50.0
E06000049,Cheshire East,None,0.5,flat_throughput,2029,383.7,206.0,177.7,705.2,56.4
E06000049,Cheshire East,None,0.5,flat_throughput,2030,373.7,206.0,167.7,795.1,63.6
E06000050,Cheshire West and Chester,None,0.4,continuation,2024,487.0,75.0,412.0,104.0,8.3
E06000050,Cheshire West and Chester,None,0.4,continuation,2025,549.1,64.6,484.5,117.3,9.4
E06000050,Cheshire West and Chester,None,0.4,continuation,2026,619.1,55.6,563.5,132.2,10.6
E06000050,Cheshire West and Chester,None,0.4,continuation,2027,698.0,47.8,650.2,149.1,11.9
E06000050,Cheshire West and Chester,None,0.4,continuation,2028,787.0,41.2,745.9,168.1,13.4
E06000050,Cheshire West and Chester,None,0.4,continuation,2029,887.4,35.4,851.9,189.5,15.2
E06000050,Cheshire West and Chester,None,0.4,continuation,2030,1000.5,30.5,970.0,213.7,17.1
E06000050,Cheshire West and Chester,None,0.4,asd_semh_accel,2024,487.0,75.0,412.0,104.0,8.3
E06000050,Cheshire West and Chester,None,0.4,asd_semh_accel,2025,565.8,64.6,501.3,118.7,9.5
E06000050,Cheshire West and Chester,None,0.4,asd_semh_accel,2026,657.4,55.6,601.8,135.4,10.8
E06000050,Cheshire West and Chester,None,0.4,asd_semh_accel,2027,763.8,47.8,715.9,154.5,12.4
E06000050,Cheshire West and Chester,None,0.4,asd_semh_accel,2028,887.4,41.2,846.2,176.3,14.1
E06000050,Cheshire West and Chester,None,0.4,asd_semh_accel,2029,1031.0,35.4,995.6,201.2,16.1
E06000050,Cheshire West and Chester,None,0.4,asd_semh_accel,2030,1197.8,30.5,1167.3,229.6,18.4
E06000050,Cheshire West and Chester,None,0.4,cost_inflation,2024,487.0,75.0,412.0,104.0,8.3
E06000050,Cheshire West and Chester,None,0.4,cost_inflation,2025,549.1,64.6,484.5,117.3,10.3
E06000050,Cheshire West and Chester,None,0.4,cost_inflation,2026,619.1,55.6,563.5,132.2,12.8
E06000050,Cheshire West and Chester,None,0.4,cost_inflation,2027,698.0,47.8,650.2,149.1,15.9
E06000050,Cheshire West and Chester,None,0.4,cost_inflation,2028,787.0,41.2,745.9,168.1,19.7
E06000050,Cheshire West and Chester,None,0.4,cost_inflation,2029,887.4,35.4,851.9,189.5,24.4
E06000050,Cheshire West and Chester,None,0.4,cost_inflation,2030,1000.5,30.5,970.0,213.7,30.3
E06000050,Cheshire West and Chester,None,0.4,capacity_improvement,2024,487.0,75.0,412.0,104.0,8.3
E06000050,Cheshire West and Chester,None,0.4,capacity_improvement,2025,549.1,112.0,437.1,116.6,9.3
E06000050,Cheshire West and Chester,None,0.4,capacity_improvement,2026,619.1,157.3,461.8,130.6,10.5
E06000050,Cheshire West and Chester,None,0.4,capacity_improvement,2027,698.0,212.2,485.8,146.4,11.7
E06000050,Cheshire West and Chester,None,0.4,capacity_improvement,2028,787.0,278.6,508.4,164.1,13.1
E06000050,Cheshire West and Chester,None,0.4,capacity_improvement,2029,887.4,358.5,528.9,183.9,14.7
E06000050,Cheshire West and Chester,None,0.4,capacity_improvement,2030,1000.5,454.2,546.3,206.1,16.5
E06000050,Cheshire West and Chester,None,0.4,flat_throughput,2024,487.0,75.0,412.0,104.0,8.3
E06000050,Cheshire West and Chester,None,0.4,flat_throughput,2025,549.1,75.0,474.1,117.3,9.4
E06000050,Cheshire West and Chester,None,0.4,flat_throughput,2026,619.1,75.0,544.1,132.2,10.6
E06000050,Cheshire West and Chester,None,0.4,flat_throughput,2027,698.0,75.0,623.0,149.1,11.9
E06000050,Cheshire West and Chester,None,0.4,flat_throughput,2028,787.0,75.0,712.0,168.1,13.4
E06000050,Cheshire West and Chester,None,0.4,flat_throughput,2029,887.4,75.0,812.4,189.5,15.2
E06000050,Cheshire West and Chester,None,0.4,flat_throughput,2030,1000.5,75.0,925.5,213.7,17.1
E09000001,City of London,None,,continuation,2024,5.0,4.0,1.0,2.0,0.2
E09000001,City of London,None,,continuation,2025,5.6,4.4,1.2,2.0,0.2
E09000001,City of London,None,,continuation,2026,6.4,4.9,1.5,2.0,0.2
E09000001,City of London,None,,continuation,2027,7.2,5.4,1.8,2.0,0.2
E09000001,City of London,None,,continuation,2028,8.1,6.0,2.1,2.0,0.2
E09000001,City of London,None,,continuation,2029,9.1,6.6,2.5,2.0,0.2
E09000001,City of London,None,,continuation,2030,10.3,7.3,3.0,2.0,0.2
E09000001,City of London,None,,asd_semh_accel,2024,5.0,4.0,1.0,2.0,0.2
E09000001,City of London,None,,asd_semh_accel,2025,5.8,4.4,1.4,2.0,0.2
E09000001,City of London,None,,asd_semh_accel,2026,6.7,4.9,1.9,2.0,0.2
E09000001,City of London,None,,asd_semh_accel,2027,7.8,5.4,2.4,2.0,0.2
E09000001,City of London,None,,asd_semh_accel,2028,9.1,6.0,3.1,2.0,0.2
E09000001,City of London,None,,asd_semh_accel,2029,10.6,6.6,4.0,2.0,0.2
E09000001,City of London,None,,asd_semh_accel,2030,12.3,7.3,5.0,2.0,0.2
E09000001,City of London,None,,cost_inflation,2024,5.0,4.0,1.0,2.0,0.2
E09000001,City of London,None,,cost_inflation,2025,5.6,4.4,1.2,2.0,0.2
E09000001,City of London,None,,cost_inflation,2026,6.4,4.9,1.5,2.0,0.2
E09000001,City of London,None,,cost_inflation,2027,7.2,5.4,1.8,2.0,0.2
E09000001,City of London,None,,cost_inflation,2028,8.1,6.0,2.1,2.0,0.2
E09000001,City of London,None,,cost_inflation,2029,9.1,6.6,2.5,2.0,0.3
E09000001,City of London,None,,cost_inflation,2030,10.3,7.3,3.0,2.0,0.3
E09000001,City of London,None,,capacity_improvement,2024,5.0,3.2,1.8,2.0,0.2
E09000001,City of London,None,,capacity_improvement,2025,5.6,3.7,2.0,2.0,0.2
E09000001,City of London,None,,capacity_improvement,2026,6.4,4.1,2.2,2.0,0.2
E09000001,City of London,None,,capacity_improvement,2027,7.2,4.7,2.5,2.0,0.2
E09000001,City of London,None,,capacity_improvement,2028,8.1,5.3,2.8,2.0,0.2
E09000001,City of London,None,,capacity_improvement,2029,9.1,5.9,3.2,2.0,0.2
E09000001,City of London,None,,capacity_improvement,2030,10.3,6.7,3.6,2.0,0.2
E09000001,City of London,None,,flat_throughput,2024,5.0,4.0,1.0,2.0,0.2
E09000001,City of London,None,,flat_throughput,2025,5.6,4.0,1.6,2.0,0.2
E09000001,City of London,None,,flat_throughput,2026,6.4,4.0,2.4,2.0,0.2
E09000001,City of London,None,,flat_throughput,2027,7.2,4.0,3.2,2.0,0.2
E09000001,City of London,None,,flat_throughput,2028,8.1,4.0,4.1,2.0,0.2
E09000001,City of London,None,,flat_throughput,2029,9.1,4.0,5.1,2.0,0.2
E09000001,City of London,None,,flat_throughput,2030,10.3,4.0,6.3,2.0,0.2
E06000052,Cornwall,None,0.1,continuation,2024,914.0,68.0,846.0,271.0,21.7
E06000052,Cornwall,None,0.1,continuation,2025,1030.5,58.5,972.0,305.6,24.4
E06000052,Cornwall,None,0.1,continuation,2026,1161.9,50.4,1111.5,344.5,27.6
E06000052,Cornwall,None,0.1,continuation,2027,1310.1,43.4,1266.7,388.4,31.1
E06000052,Cornwall,None,0.1,continuation,2028,1477.1,37.3,1439.8,438.0,35.0
E06000052,Cornwall,None,0.1,continuation,2029,1665.4,32.1,1633.3,493.8,39.5
E06000052,Cornwall,None,0.1,continuation,2030,1877.8,27.6,1850.1,556.8,44.5
E06000052,Cornwall,None,0.1,asd_semh_accel,2024,914.0,68.0,846.0,271.0,21.7
E06000052,Cornwall,None,0.1,asd_semh_accel,2025,1061.9,58.5,1003.4,309.2,24.7
E06000052,Cornwall,None,0.1,asd_semh_accel,2026,1233.8,50.4,1183.4,352.9,28.2
E06000052,Cornwall,None,0.1,asd_semh_accel,2027,1433.4,43.4,1390.1,402.7,32.2
E06000052,Cornwall,None,0.1,asd_semh_accel,2028,1665.4,37.3,1628.1,459.5,36.8
E06000052,Cornwall,None,0.1,asd_semh_accel,2029,1934.9,32.1,1902.8,524.3,41.9
E06000052,Cornwall,None,0.1,asd_semh_accel,2030,2248.1,27.6,2220.4,598.3,47.9
E06000052,Cornwall,None,0.1,cost_inflation,2024,914.0,68.0,846.0,271.0,21.7
E06000052,Cornwall,None,0.1,cost_inflation,2025,1030.5,58.5,972.0,305.6,26.9
E06000052,Cornwall,None,0.1,cost_inflation,2026,1161.9,50.4,1111.5,344.5,33.3
E06000052,Cornwall,None,0.1,cost_inflation,2027,1310.1,43.4,1266.7,388.4,41.4
E06000052,Cornwall,None,0.1,cost_inflation,2028,1477.1,37.3,1439.8,438.0,51.3
E06000052,Cornwall,None,0.1,cost_inflation,2029,1665.4,32.1,1633.3,493.8,63.6
E06000052,Cornwall,None,0.1,cost_inflation,2030,1877.8,27.6,1850.1,556.8,78.9
E06000052,Cornwall,None,0.1,capacity_improvement,2024,914.0,68.0,846.0,271.0,21.7
E06000052,Cornwall,None,0.1,capacity_improvement,2025,1030.5,128.2,902.3,303.7,24.3
E06000052,Cornwall,None,0.1,capacity_improvement,2026,1161.9,202.6,959.3,340.4,27.2
E06000052,Cornwall,None,0.1,capacity_improvement,2027,1310.1,294.0,1016.1,381.5,30.5
E06000052,Cornwall,None,0.1,capacity_improvement,2028,1477.1,405.3,1071.8,427.6,34.2
E06000052,Cornwall,None,0.1,capacity_improvement,2029,1665.4,540.3,1125.2,479.2,38.3
E06000052,Cornwall,None,0.1,capacity_improvement,2030,1877.8,703.0,1174.7,537.1,43.0
E06000052,Cornwall,None,0.1,flat_throughput,2024,914.0,68.0,846.0,271.0,21.7
E06000052,Cornwall,None,0.1,flat_throughput,2025,1030.5,68.0,962.5,305.6,24.4
E06000052,Cornwall,None,0.1,flat_throughput,2026,1161.9,68.0,1093.9,344.5,27.6
E06000052,Cornwall,None,0.1,flat_throughput,2027,1310.1,68.0,1242.1,388.4,31.1
E06000052,Cornwall,None,0.1,flat_throughput,2028,1477.1,68.0,1409.1,438.0,35.0
E06000052,Cornwall,None,0.1,flat_throughput,2029,1665.4,68.0,1597.4,493.8,39.5
E06000052,Cornwall,None,0.1,flat_throughput,2030,1877.8,68.0,1809.8,556.8,44.5
E06000047,County Durham,None,0.5,continuation,2024,920.0,153.0,767.0,78.0,6.2
E06000047,County Durham,None,0.5,continuation,2025,1037.3,131.7,905.6,79.3,6.3
E06000047,County Durham,None,0.5,continuation,2026,1169.5,113.3,1056.2,80.7,6.5
E06000047,County Durham,None,0.5,continuation,2027,1318.7,97.6,1221.1,82.1,6.6
E06000047,County Durham,None,0.5,continuation,2028,1486.8,84.0,1402.8,83.5,6.7
E06000047,County Durham,None,0.5,continuation,2029,1676.3,72.3,1604.1,85.0,6.8
E06000047,County Durham,None,0.5,continuation,2030,1890.1,62.2,1827.9,86.4,6.9
E06000047,County Durham,None,0.5,asd_semh_accel,2024,920.0,153.0,767.0,78.0,6.2
E06000047,County Durham,None,0.5,asd_semh_accel,2025,1068.9,131.7,937.2,79.5,6.4
E06000047,County Durham,None,0.5,asd_semh_accel,2026,1241.9,113.3,1128.5,81.0,6.5
E06000047,County Durham,None,0.5,asd_semh_accel,2027,1442.8,97.6,1345.3,82.5,6.6
E06000047,County Durham,None,0.5,asd_semh_accel,2028,1676.3,84.0,1592.4,84.1,6.7
E06000047,County Durham,None,0.5,asd_semh_accel,2029,1947.6,72.3,1875.4,85.7,6.9
E06000047,County Durham,None,0.5,asd_semh_accel,2030,2262.8,62.2,2200.6,87.3,7.0
E06000047,County Durham,None,0.5,cost_inflation,2024,920.0,153.0,767.0,78.0,6.2
E06000047,County Durham,None,0.5,cost_inflation,2025,1037.3,131.7,905.6,79.3,7.0
E06000047,County Durham,None,0.5,cost_inflation,2026,1169.5,113.3,1056.2,80.7,7.8
E06000047,County Durham,None,0.5,cost_inflation,2027,1318.7,97.6,1221.1,82.1,8.7
E06000047,County Durham,None,0.5,cost_inflation,2028,1486.8,84.0,1402.8,83.5,9.8
E06000047,County Durham,None,0.5,cost_inflation,2029,1676.3,72.3,1604.1,85.0,10.9
E06000047,County Durham,None,0.5,cost_inflation,2030,1890.1,62.2,1827.9,86.4,12.3
E06000047,County Durham,None,0.5,capacity_improvement,2024,920.0,153.0,767.0,78.0,6.2
E06000047,County Durham,None,0.5,capacity_improvement,2025,1037.3,224.4,812.9,79.3,6.3
E06000047,County Durham,None,0.5,capacity_improvement,2026,1169.5,311.5,858.1,80.6,6.4
E06000047,County Durham,None,0.5,capacity_improvement,2027,1318.7,417.1,901.6,81.9,6.6
E06000047,County Durham,None,0.5,capacity_improvement,2028,1486.8,544.6,942.2,83.2,6.7
E06000047,County Durham,None,0.5,capacity_improvement,2029,1676.3,697.9,978.5,84.6,6.8
E06000047,County Durham,None,0.5,capacity_improvement,2030,1890.1,881.4,1008.7,86.0,6.9
E06000047,County Durham,None,0.5,flat_throughput,2024,920.0,153.0,767.0,78.0,6.2
E06000047,County Durham,None,0.5,flat_throughput,2025,1037.3,153.0,884.3,79.3,6.3
E06000047,County Durham,None,0.5,flat_throughput,2026,1169.5,153.0,1016.5,80.7,6.5
E06000047,County Durham,None,0.5,flat_throughput,2027,1318.7,153.0,1165.7,82.1,6.6
E06000047,County Durham,None,0.5,flat_throughput,2028,1486.8,153.0,1333.8,83.5,6.7
E06000047,County Durham,None,0.5,flat_throughput,2029,1676.3,153.0,1523.3,85.0,6.8
E06000047,County Durham,None,0.5,flat_throughput,2030,1890.1,153.0,1737.1,86.4,6.9
E08000026,Coventry,None,0.2,continuation,2024,686.0,424.0,262.0,98.0,7.8
E08000026,Coventry,None,0.2,continuation,2025,773.5,468.6,304.9,110.5,8.8
E08000026,Coventry,None,0.2,continuation,2026,872.1,517.9,354.2,124.6,10.0
E08000026,Coventry,None,0.2,continuation,2027,983.3,572.3,410.9,140.5,11.2
E08000026,Coventry,None,0.2,continuation,2028,1108.6,632.5,476.1,158.4,12.7
E08000026,Coventry,None,0.2,continuation,2029,1250.0,699.1,550.9,178.6,14.3
E08000026,Coventry,None,0.2,continuation,2030,1409.3,772.6,636.8,201.3,16.1
E08000026,Coventry,None,0.2,asd_semh_accel,2024,686.0,424.0,262.0,98.0,7.8
E08000026,Coventry,None,0.2,asd_semh_accel,2025,797.0,468.6,328.4,111.8,8.9
E08000026,Coventry,None,0.2,asd_semh_accel,2026,926.0,517.9,408.1,127.6,10.2
E08000026,Coventry,None,0.2,asd_semh_accel,2027,1075.9,572.3,503.5,145.6,11.6
E08000026,Coventry,None,0.2,asd_semh_accel,2028,1250.0,632.5,617.4,166.2,13.3
E08000026,Coventry,None,0.2,asd_semh_accel,2029,1452.3,699.1,753.2,189.6,15.2
E08000026,Coventry,None,0.2,asd_semh_accel,2030,1687.3,772.6,914.7,216.4,17.3
E08000026,Coventry,None,0.2,cost_inflation,2024,686.0,424.0,262.0,98.0,7.8
E08000026,Coventry,None,0.2,cost_inflation,2025,773.5,468.6,304.9,110.5,9.7
E08000026,Coventry,None,0.2,cost_inflation,2026,872.1,517.9,354.2,124.6,12.1
E08000026,Coventry,None,0.2,cost_inflation,2027,983.3,572.3,410.9,140.5,15.0
E08000026,Coventry,None,0.2,cost_inflation,2028,1108.6,632.5,476.1,158.4,18.6
E08000026,Coventry,None,0.2,cost_inflation,2029,1250.0,699.1,550.9,178.6,23.0
E08000026,Coventry,None,0.2,cost_inflation,2030,1409.3,772.6,636.8,201.3,28.5
E08000026,Coventry,None,0.2,capacity_improvement,2024,686.0,424.0,262.0,98.0,7.8
E08000026,Coventry,None,0.2,capacity_improvement,2025,773.5,502.8,270.7,109.8,8.8
E08000026,Coventry,None,0.2,capacity_improvement,2026,872.1,566.8,305.2,123.1,9.8
E08000026,Coventry,None,0.2,capacity_improvement,2027,983.3,639.1,344.1,138.0,11.0
E08000026,Coventry,None,0.2,capacity_improvement,2028,1108.6,720.6,388.0,154.6,12.4
E08000026,Coventry,None,0.2,capacity_improvement,2029,1250.0,812.5,437.5,173.3,13.9
E08000026,Coventry,None,0.2,capacity_improvement,2030,1409.3,916.1,493.3,194.2,15.5
E08000026,Coventry,None,0.2,flat_throughput,2024,686.0,424.0,262.0,98.0,7.8
E08000026,Coventry,None,0.2,flat_throughput,2025,773.5,424.0,349.5,110.5,8.8
E08000026,Coventry,None,0.2,flat_throughput,2026,872.1,424.0,448.1,124.6,10.0
E08000026,Coventry,None,0.2,flat_throughput,2027,983.3,424.0,559.3,140.5,11.2
E08000026,Coventry,None,0.2,flat_throughput,2028,1108.6,424.0,684.6,158.4,12.7
E08000026,Coventry,None,0.2,flat_throughput,2029,1250.0,424.0,826.0,178.6,14.3
E08000026,Coventry,None,0.2,flat_throughput,2030,1409.3,424.0,985.3,201.3,16.1
E09000008,Croydon,None,0.5,continuation,2024,916.0,667.0,249.0,248.0,19.8
E09000008,Croydon,None,0.5,continuation,2025,1032.8,737.1,295.6,276.7,22.1
E09000008,Croydon,None,0.5,continuation,2026,1164.5,814.7,349.8,308.8,24.7
E09000008,Croydon,None,0.5,continuation,2027,1312.9,900.4,412.6,344.6,27.6
E09000008,Croydon,None,0.5,continuation,2028,1480.3,995.0,485.3,384.5,30.8
E09000008,Croydon,None,0.5,continuation,2029,1669.1,1099.7,569.4,429.0,34.3
E09000008,Croydon,None,0.5,continuation,2030,1881.9,1215.4,666.5,478.8,38.3
E09000008,Croydon,None,0.5,asd_semh_accel,2024,916.0,667.0,249.0,248.0,19.8
E09000008,Croydon,None,0.5,asd_semh_accel,2025,1064.2,737.1,327.1,279.8,22.4
E09000008,Croydon,None,0.5,asd_semh_accel,2026,1236.5,814.7,421.8,315.6,25.3
E09000008,Croydon,None,0.5,asd_semh_accel,2027,1436.6,900.4,536.2,356.1,28.5
E09000008,Croydon,None,0.5,asd_semh_accel,2028,1669.1,995.0,674.0,401.7,32.1
E09000008,Croydon,None,0.5,asd_semh_accel,2029,1939.2,1099.7,839.5,453.2,36.3
E09000008,Croydon,None,0.5,asd_semh_accel,2030,2253.0,1215.4,1037.6,511.3,40.9
E09000008,Croydon,None,0.5,cost_inflation,2024,916.0,667.0,249.0,248.0,19.8
E09000008,Croydon,None,0.5,cost_inflation,2025,1032.8,737.1,295.6,276.7,24.4
E09000008,Croydon,None,0.5,cost_inflation,2026,1164.5,814.7,349.8,308.8,29.9
E09000008,Croydon,None,0.5,cost_inflation,2027,1312.9,900.4,412.6,344.6,36.7
E09000008,Croydon,None,0.5,cost_inflation,2028,1480.3,995.0,485.3,384.5,45.0
E09000008,Croydon,None,0.5,cost_inflation,2029,1669.1,1099.7,569.4,429.0,55.3
E09000008,Croydon,None,0.5,cost_inflation,2030,1881.9,1215.4,666.5,478.8,67.9
E09000008,Croydon,None,0.5,capacity_improvement,2024,916.0,595.4,320.6,248.0,19.8
E09000008,Croydon,None,0.5,capacity_improvement,2025,1032.8,671.3,361.5,275.2,22.0
E09000008,Croydon,None,0.5,capacity_improvement,2026,1164.5,756.9,407.6,305.4,24.4
E09000008,Croydon,None,0.5,capacity_improvement,2027,1312.9,853.4,459.5,339.0,27.1
E09000008,Croydon,None,0.5,capacity_improvement,2028,1480.3,962.2,518.1,376.2,30.1
E09000008,Croydon,None,0.5,capacity_improvement,2029,1669.1,1084.9,584.2,417.4,33.4
E09000008,Croydon,None,0.5,capacity_improvement,2030,1881.9,1223.2,658.7,463.3,37.1
E09000008,Croydon,None,0.5,flat_throughput,2024,916.0,667.0,249.0,248.0,19.8
E09000008,Croydon,None,0.5,flat_throughput,2025,1032.8,667.0,365.8,276.7,22.1
E09000008,Croydon,None,0.5,flat_throughput,2026,1164.5,667.0,497.5,308.8,24.7
E09000008,Croydon,None,0.5,flat_throughput,2027,1312.9,667.0,645.9,344.6,27.6
E09000008,Croydon,None,0.5,flat_throughput,2028,1480.3,667.0,813.3,384.5,30.8
E09000008,Croydon,None,0.5,flat_throughput,2029,1669.1,667.0,1002.1,429.0,34.3
E09000008,Croydon,None,0.5,flat_throughput,2030,1881.9,667.0,1214.9,478.8,38.3
E06000063,Cumberland,None,,continuation,2024,378.0,159.0,219.0,80.0,6.4
E06000063,Cumberland,None,,continuation,2025,363.6,175.7,187.9,84.1,6.7
E06000063,Cumberland,None,,continuation,2026,349.7,194.2,155.5,88.4,7.1
E06000063,Cumberland,None,,continuation,2027,336.3,214.6,121.7,92.9,7.4
E06000063,Cumberland,None,,continuation,2028,323.5,237.2,86.3,97.7,7.8
E06000063,Cumberland,None,,continuation,2029,311.2,262.1,49.0,102.7,8.2
E06000063,Cumberland,None,,continuation,2030,299.3,289.7,9.6,108.0,8.6
E06000063,Cumberland,None,,asd_semh_accel,2024,378.0,159.0,219.0,80.0,6.4
E06000063,Cumberland,None,,asd_semh_accel,2025,360.1,175.7,184.3,84.5,6.8
E06000063,Cumberland,None,,asd_semh_accel,2026,343.0,194.2,148.8,89.3,7.1
E06000063,Cumberland,None,,asd_semh_accel,2027,326.7,214.6,112.0,94.4,7.5
E06000063,Cumberland,None,,asd_semh_accel,2028,311.2,237.2,74.0,99.7,8.0
E06000063,Cumberland,None,,asd_semh_accel,2029,296.4,262.1,34.2,105.3,8.4
E06000063,Cumberland,None,,asd_semh_accel,2030,282.3,282.3,0.0,111.3,8.9
E06000063,Cumberland,None,,cost_inflation,2024,378.0,159.0,219.0,80.0,6.4
E06000063,Cumberland,None,,cost_inflation,2025,363.6,175.7,187.9,84.1,7.4
E06000063,Cumberland,None,,cost_inflation,2026,349.7,194.2,155.5,88.4,8.6
E06000063,Cumberland,None,,cost_inflation,2027,336.3,214.6,121.7,92.9,9.9
E06000063,Cumberland,None,,cost_inflation,2028,323.5,237.2,86.3,97.7,11.4
E06000063,Cumberland,None,,cost_inflation,2029,311.2,262.1,49.0,102.7,13.2
E06000063,Cumberland,None,,cost_inflation,2030,299.3,289.7,9.6,108.0,15.3
E06000063,Cumberland,None,,capacity_improvement,2024,378.0,159.0,219.0,80.0,6.4
E06000063,Cumberland,None,,capacity_improvement,2025,363.6,171.1,192.5,83.9,6.7
E06000063,Cumberland,None,,capacity_improvement,2026,349.7,182.1,167.6,88.0,7.0
E06000063,Cumberland,None,,capacity_improvement,2027,336.3,191.9,144.4,92.3,7.4
E06000063,Cumberland,None,,capacity_improvement,2028,323.5,200.8,122.7,96.7,7.7
E06000063,Cumberland,None,,capacity_improvement,2029,311.2,202.3,108.9,101.4,8.1
E06000063,Cumberland,None,,capacity_improvement,2030,299.3,194.5,104.8,106.4,8.5
E06000063,Cumberland,None,,flat_throughput,2024,378.0,159.0,219.0,80.0,6.4
E06000063,Cumberland,None,,flat_throughput,2025,363.6,159.0,204.6,84.1,6.7
E06000063,Cumberland,None,,flat_throughput,2026,349.7,159.0,190.7,88.4,7.1
E06000063,Cumberland,None,,flat_throughput,2027,336.3,159.0,177.3,92.9,7.4
E06000063,Cumberland,None,,flat_throughput,2028,323.5,159.0,164.5,97.7,7.8
E06000063,Cumberland,None,,flat_throughput,2029,311.2,159.0,152.2,102.7,8.2
E06000063,Cumberland,None,,flat_throughput,2030,299.3,159.0,140.3,108.0,8.6
E06000005,Darlington,None,0.0,continuation,2024,172.0,124.0,48.0,51.0,4.1
E06000005,Darlington,None,0.0,continuation,2025,193.9,137.0,56.9,52.3,4.2
E06000005,Darlington,None,0.0,continuation,2026,218.7,151.5,67.2,53.7,4.3
E06000005,Darlington,None,0.0,continuation,2027,246.5,167.4,79.2,55.0,4.4
E06000005,Darlington,None,0.0,continuation,2028,278.0,185.0,93.0,56.5,4.5
E06000005,Darlington,None,0.0,continuation,2029,313.4,204.4,109.0,57.9,4.6
E06000005,Darlington,None,0.0,continuation,2030,353.4,225.9,127.4,59.4,4.8
E06000005,Darlington,None,0.0,asd_semh_accel,2024,172.0,124.0,48.0,51.0,4.1
E06000005,Darlington,None,0.0,asd_semh_accel,2025,199.8,137.0,62.8,52.4,4.2
E06000005,Darlington,None,0.0,asd_semh_accel,2026,232.2,151.5,80.7,53.9,4.3
E06000005,Darlington,None,0.0,asd_semh_accel,2027,269.7,167.4,102.4,55.5,4.4
E06000005,Darlington,None,0.0,asd_semh_accel,2028,313.4,185.0,128.4,57.0,4.6
E06000005,Darlington,None,0.0,asd_semh_accel,2029,364.1,204.4,159.7,58.7,4.7
E06000005,Darlington,None,0.0,asd_semh_accel,2030,423.1,225.9,197.1,60.3,4.8
E06000005,Darlington,None,0.0,cost_inflation,2024,172.0,124.0,48.0,51.0,4.1
E06000005,Darlington,None,0.0,cost_inflation,2025,193.9,137.0,56.9,52.3,4.6
E06000005,Darlington,None,0.0,cost_inflation,2026,218.7,151.5,67.2,53.7,5.2
E06000005,Darlington,None,0.0,cost_inflation,2027,246.5,167.4,79.2,55.0,5.9
E06000005,Darlington,None,0.0,cost_inflation,2028,278.0,185.0,93.0,56.5,6.6
E06000005,Darlington,None,0.0,cost_inflation,2029,313.4,204.4,109.0,57.9,7.5
E06000005,Darlington,None,0.0,cost_inflation,2030,353.4,225.9,127.4,59.4,8.4
E06000005,Darlington,None,0.0,capacity_improvement,2024,172.0,111.8,60.2,51.0,4.1
E06000005,Darlington,None,0.0,capacity_improvement,2025,193.9,126.1,67.9,52.2,4.2
E06000005,Darlington,None,0.0,capacity_improvement,2026,218.7,142.1,76.5,53.5,4.3
E06000005,Darlington,None,0.0,capacity_improvement,2027,246.5,160.2,86.3,54.8,4.4
E06000005,Darlington,None,0.0,capacity_improvement,2028,278.0,180.7,97.3,56.2,4.5
E06000005,Darlington,None,0.0,capacity_improvement,2029,313.4,203.7,109.7,57.6,4.6
E06000005,Darlington,None,0.0,capacity_improvement,2030,353.4,229.7,123.7,59.0,4.7
E06000005,Darlington,None,0.0,flat_throughput,2024,172.0,124.0,48.0,51.0,4.1
E06000005,Darlington,None,0.0,flat_throughput,2025,193.9,124.0,69.9,52.3,4.2
E06000005,Darlington,None,0.0,flat_throughput,2026,218.7,124.0,94.7,53.7,4.3
E06000005,Darlington,None,0.0,flat_throughput,2027,246.5,124.0,122.5,55.0,4.4
E06000005,Darlington,None,0.0,flat_throughput,2028,278.0,124.0,154.0,56.5,4.5
E06000005,Darlington,None,0.0,flat_throughput,2029,313.4,124.0,189.4,57.9,4.6
E06000005,Darlington,None,0.0,flat_throughput,2030,353.4,124.0,229.4,59.4,4.8
E06000015,Derby,None,0.7,continuation,2024,442.0,62.0,380.0,136.0,10.9
E06000015,Derby,None,0.7,continuation,2025,494.7,62.9,431.8,153.3,12.3
E06000015,Derby,None,0.7,continuation,2026,553.7,63.9,489.8,172.9,13.8
E06000015,Derby,None,0.7,continuation,2027,619.7,64.8,554.9,194.9,15.6
E06000015,Derby,None,0.7,continuation,2028,693.5,65.8,627.8,219.8,17.6
E06000015,Derby,None,0.7,continuation,2029,776.2,66.8,709.5,247.8,19.8
E06000015,Derby,None,0.7,continuation,2030,868.8,67.8,801.0,279.4,22.4
E06000015,Derby,None,0.7,asd_semh_accel,2024,442.0,62.0,380.0,136.0,10.9
E06000015,Derby,None,0.7,asd_semh_accel,2025,508.8,62.9,445.9,155.2,12.4
E06000015,Derby,None,0.7,asd_semh_accel,2026,585.7,63.9,521.9,177.1,14.2
E06000015,Derby,None,0.7,asd_semh_accel,2027,674.3,64.8,609.5,202.1,16.2
E06000015,Derby,None,0.7,asd_semh_accel,2028,776.2,65.8,710.4,230.6,18.4
E06000015,Derby,None,0.7,asd_semh_accel,2029,893.6,66.8,826.8,263.1,21.1
E06000015,Derby,None,0.7,asd_semh_accel,2030,1028.6,67.8,960.9,300.3,24.0
E06000015,Derby,None,0.7,cost_inflation,2024,442.0,62.0,380.0,136.0,10.9
E06000015,Derby,None,0.7,cost_inflation,2025,494.7,62.9,431.8,153.3,13.5
E06000015,Derby,None,0.7,cost_inflation,2026,553.7,63.9,489.8,172.9,16.7
E06000015,Derby,None,0.7,cost_inflation,2027,619.7,64.8,554.9,194.9,20.8
E06000015,Derby,None,0.7,cost_inflation,2028,693.5,65.8,627.8,219.8,25.7
E06000015,Derby,None,0.7,cost_inflation,2029,776.2,66.8,709.5,247.8,31.9
E06000015,Derby,None,0.7,cost_inflation,2030,868.8,67.8,801.0,279.4,39.6
E06000015,Derby,None,0.7,capacity_improvement,2024,442.0,62.0,380.0,136.0,10.9
E06000015,Derby,None,0.7,capacity_improvement,2025,494.7,94.1,400.6,152.4,12.2
E06000015,Derby,None,0.7,capacity_improvement,2026,553.7,133.0,420.6,170.8,13.7
E06000015,Derby,None,0.7,capacity_improvement,2027,619.7,179.9,439.8,191.5,15.3
E06000015,Derby,None,0.7,capacity_improvement,2028,693.5,236.0,457.5,214.6,17.2
E06000015,Derby,None,0.7,capacity_improvement,2029,776.2,302.9,473.3,240.5,19.2
E06000015,Derby,None,0.7,capacity_improvement,2030,868.8,382.5,486.3,269.5,21.6
E06000015,Derby,None,0.7,flat_throughput,2024,442.0,62.0,380.0,136.0,10.9
E06000015,Derby,None,0.7,flat_throughput,2025,494.7,62.0,432.7,153.3,12.3
E06000015,Derby,None,0.7,flat_throughput,2026,553.7,62.0,491.7,172.9,13.8
E06000015,Derby,None,0.7,flat_throughput,2027,619.7,62.0,557.7,194.9,15.6
E06000015,Derby,None,0.7,flat_throughput,2028,693.5,62.0,631.5,219.8,17.6
E06000015,Derby,None,0.7,flat_throughput,2029,776.2,62.0,714.2,247.8,19.8
E06000015,Derby,None,0.7,flat_throughput,2030,868.8,62.0,806.8,279.4,22.4
E10000007,Derbyshire,None,0.2,continuation,2024,1253.0,447.0,806.0,315.0,25.2
E10000007,Derbyshire,None,0.2,continuation,2025,1412.8,444.6,968.1,355.2,28.4
E10000007,Derbyshire,None,0.2,continuation,2026,1592.9,442.3,1150.6,400.4,32.0
E10000007,Derbyshire,None,0.2,continuation,2027,1796.0,440.0,1356.0,451.5,36.1
E10000007,Derbyshire,None,0.2,continuation,2028,2024.9,437.7,1587.3,509.1,40.7
E10000007,Derbyshire,None,0.2,continuation,2029,2283.1,435.3,1847.8,574.0,45.9
E10000007,Derbyshire,None,0.2,continuation,2030,2574.2,433.1,2141.2,647.1,51.8
E10000007,Derbyshire,None,0.2,asd_semh_accel,2024,1253.0,447.0,806.0,315.0,25.2
E10000007,Derbyshire,None,0.2,asd_semh_accel,2025,1455.8,444.6,1011.1,359.4,28.8
E10000007,Derbyshire,None,0.2,asd_semh_accel,2026,1691.4,442.3,1249.1,410.2,32.8
E10000007,Derbyshire,None,0.2,asd_semh_accel,2027,1965.1,440.0,1525.1,468.0,37.4
E10000007,Derbyshire,None,0.2,asd_semh_accel,2028,2283.1,437.7,1845.5,534.1,42.7
E10000007,Derbyshire,None,0.2,asd_semh_accel,2029,2652.6,435.3,2217.3,609.5,48.8
E10000007,Derbyshire,None,0.2,asd_semh_accel,2030,3081.9,433.1,2648.8,695.5,55.6
E10000007,Derbyshire,None,0.2,cost_inflation,2024,1253.0,447.0,806.0,315.0,25.2
E10000007,Derbyshire,None,0.2,cost_inflation,2025,1412.8,444.6,968.1,355.2,31.3
E10000007,Derbyshire,None,0.2,cost_inflation,2026,1592.9,442.3,1150.6,400.4,38.8
E10000007,Derbyshire,None,0.2,cost_inflation,2027,1796.0,440.0,1356.0,451.5,48.1
E10000007,Derbyshire,None,0.2,cost_inflation,2028,2024.9,437.7,1587.3,509.1,59.6
E10000007,Derbyshire,None,0.2,cost_inflation,2029,2283.1,435.3,1847.8,574.0,74.0
E10000007,Derbyshire,None,0.2,cost_inflation,2030,2574.2,433.1,2141.2,647.1,91.7
E10000007,Derbyshire,None,0.2,capacity_improvement,2024,1253.0,447.0,806.0,315.0,25.2
E10000007,Derbyshire,None,0.2,capacity_improvement,2025,1412.8,574.6,838.1,353.0,28.2
E10000007,Derbyshire,None,0.2,capacity_improvement,2026,1592.9,727.5,865.3,395.7,31.7
E10000007,Derbyshire,None,0.2,capacity_improvement,2027,1796.0,910.1,885.9,443.4,35.5
E10000007,Derbyshire,None,0.2,capacity_improvement,2028,2024.9,1127.4,897.6,497.0,39.8
E10000007,Derbyshire,None,0.2,capacity_improvement,2029,2283.1,1385.3,897.8,557.0,44.6
E10000007,Derbyshire,None,0.2,capacity_improvement,2030,2574.2,1673.2,901.0,624.3,49.9
E10000007,Derbyshire,None,0.2,flat_throughput,2024,1253.0,447.0,806.0,315.0,25.2
E10000007,Derbyshire,None,0.2,flat_throughput,2025,1412.8,447.0,965.8,355.2,28.4
E10000007,Derbyshire,None,0.2,flat_throughput,2026,1592.9,447.0,1145.9,400.4,32.0
E10000007,Derbyshire,None,0.2,flat_throughput,2027,1796.0,447.0,1349.0,451.5,36.1
E10000007,Derbyshire,None,0.2,flat_throughput,2028,2024.9,447.0,1577.9,509.1,40.7
E10000007,Derbyshire,None,0.2,flat_throughput,2029,2283.1,447.0,1836.1,574.0,45.9
E10000007,Derbyshire,None,0.2,flat_throughput,2030,2574.2,447.0,2127.2,647.1,51.8
E10000008,Devon,None,0.9,continuation,2024,1277.0,41.0,1236.0,754.0,60.3
E10000008,Devon,None,0.9,continuation,2025,1226.0,35.3,1190.7,850.1,68.0
E10000008,Devon,None,0.9,continuation,2026,1177.0,30.4,1146.6,958.5,76.7
E10000008,Devon,None,0.9,continuation,2027,1129.9,26.1,1103.8,1080.7,86.5
E10000008,Devon,None,0.9,continuation,2028,1084.7,22.5,1062.2,1218.5,97.5
E10000008,Devon,None,0.9,continuation,2029,1041.4,19.4,1022.0,1373.9,109.9
E10000008,Devon,None,0.9,continuation,2030,999.8,16.7,983.1,1549.0,123.9
E10000008,Devon,None,0.9,asd_semh_accel,2024,1277.0,41.0,1236.0,754.0,60.3
E10000008,Devon,None,0.9,asd_semh_accel,2025,1213.5,35.3,1178.2,860.4,68.8
E10000008,Devon,None,0.9,asd_semh_accel,2026,1153.2,30.4,1122.8,981.8,78.5
E10000008,Devon,None,0.9,asd_semh_accel,2027,1095.9,26.1,1069.7,1120.3,89.6
E10000008,Devon,None,0.9,asd_semh_accel,2028,1041.4,22.5,1018.9,1278.4,102.3
E10000008,Devon,None,0.9,asd_semh_accel,2029,989.6,19.4,970.3,1458.8,116.7
E10000008,Devon,None,0.9,asd_semh_accel,2030,940.4,16.7,923.8,1664.7,133.2
E10000008,Devon,None,0.9,cost_inflation,2024,1277.0,41.0,1236.0,754.0,60.3
E10000008,Devon,None,0.9,cost_inflation,2025,1226.0,35.3,1190.7,850.1,74.8
E10000008,Devon,None,0.9,cost_inflation,2026,1177.0,30.4,1146.6,958.5,92.8
E10000008,Devon,None,0.9,cost_inflation,2027,1129.9,26.1,1103.8,1080.7,115.1
E10000008,Devon,None,0.9,cost_inflation,2028,1084.7,22.5,1062.2,1218.5,142.7
E10000008,Devon,None,0.9,cost_inflation,2029,1041.4,19.4,1022.0,1373.9,177.0
E10000008,Devon,None,0.9,cost_inflation,2030,999.8,16.7,983.1,1549.0,219.5
E10000008,Devon,None,0.9,capacity_improvement,2024,1277.0,41.0,1236.0,754.0,60.3
E10000008,Devon,None,0.9,capacity_improvement,2025,1226.0,100.7,1125.3,845.0,67.6
E10000008,Devon,None,0.9,capacity_improvement,2026,1177.0,155.5,1021.5,947.1,75.8
E10000008,Devon,None,0.9,capacity_improvement,2027,1129.9,205.8,924.1,1061.5,84.9
E10000008,Devon,None,0.9,capacity_improvement,2028,1084.7,251.8,833.0,1189.6,95.2
E10000008,Devon,None,0.9,capacity_improvement,2029,1041.4,293.8,747.6,1333.3,106.7
E10000008,Devon,None,0.9,capacity_improvement,2030,999.8,332.0,667.7,1494.3,119.5
E10000008,Devon,None,0.9,flat_throughput,2024,1277.0,41.0,1236.0,754.0,60.3
E10000008,Devon,None,0.9,flat_throughput,2025,1226.0,41.0,1185.0,850.1,68.0
E10000008,Devon,None,0.9,flat_throughput,2026,1177.0,41.0,1136.0,958.5,76.7
E10000008,Devon,None,0.9,flat_throughput,2027,1129.9,41.0,1088.9,1080.7,86.5
E10000008,Devon,None,0.9,flat_throughput,2028,1084.7,41.0,1043.7,1218.5,97.5
E10000008,Devon,None,0.9,flat_throughput,2029,1041.4,41.0,1000.4,1373.9,109.9
E10000008,Devon,None,0.9,flat_throughput,2030,999.8,41.0,958.8,1549.0,123.9
E08000017,Doncaster,None,0.2,continuation,2024,456.0,387.0,69.0,133.0,10.6
E08000017,Doncaster,None,0.2,continuation,2025,514.1,427.7,86.4,150.0,12.0
E08000017,Doncaster,None,0.2,continuation,2026,579.7,472.7,107.0,169.1,13.5
E08000017,Doncaster,None,0.2,continuation,2027,653.6,522.4,131.2,190.6,15.3
E08000017,Doncaster,None,0.2,continuation,2028,736.9,577.3,159.6,214.9,17.2
E08000017,Doncaster,None,0.2,continuation,2029,830.9,638.1,192.8,242.3,19.4
E08000017,Doncaster,None,0.2,continuation,2030,936.8,705.2,231.7,273.2,21.9
E08000017,Doncaster,None,0.2,asd_semh_accel,2024,456.0,387.0,69.0,133.0,10.6
E08000017,Doncaster,None,0.2,asd_semh_accel,2025,529.8,427.7,102.1,151.8,12.1
E08000017,Doncaster,None,0.2,asd_semh_accel,2026,615.5,472.7,142.9,173.2,13.9
E08000017,Doncaster,None,0.2,asd_semh_accel,2027,715.2,522.4,192.8,197.6,15.8
E08000017,Doncaster,None,0.2,asd_semh_accel,2028,830.9,577.3,253.6,225.5,18.0
E08000017,Doncaster,None,0.2,asd_semh_accel,2029,965.4,638.1,327.3,257.3,20.6
E08000017,Doncaster,None,0.2,asd_semh_accel,2030,1121.6,705.2,416.4,293.6,23.5
E08000017,Doncaster,None,0.2,cost_inflation,2024,456.0,387.0,69.0,133.0,10.6
E08000017,Doncaster,None,0.2,cost_inflation,2025,514.1,427.7,86.4,150.0,13.2
E08000017,Doncaster,None,0.2,cost_inflation,2026,579.7,472.7,107.0,169.1,16.4
E08000017,Doncaster,None,0.2,cost_inflation,2027,653.6,522.4,131.2,190.6,20.3
E08000017,Doncaster,None,0.2,cost_inflation,2028,736.9,577.3,159.6,214.9,25.2
E08000017,Doncaster,None,0.2,cost_inflation,2029,830.9,638.1,192.8,242.3,31.2
E08000017,Doncaster,None,0.2,cost_inflation,2030,936.8,705.2,231.7,273.2,38.7
E08000017,Doncaster,None,0.2,capacity_improvement,2024,456.0,296.4,159.6,133.0,10.6
E08000017,Doncaster,None,0.2,capacity_improvement,2025,514.1,334.2,179.9,149.1,11.9
E08000017,Doncaster,None,0.2,capacity_improvement,2026,579.7,376.8,202.9,167.1,13.4
E08000017,Doncaster,None,0.2,capacity_improvement,2027,653.6,424.8,228.8,187.2,15.0
E08000017,Doncaster,None,0.2,capacity_improvement,2028,736.9,479.0,257.9,209.8,16.8
E08000017,Doncaster,None,0.2,capacity_improvement,2029,830.9,540.1,290.8,235.2,18.8
E08000017,Doncaster,None,0.2,capacity_improvement,2030,936.8,608.9,327.9,263.6,21.1
E08000017,Doncaster,None,0.2,flat_throughput,2024,456.0,387.0,69.0,133.0,10.6
E08000017,Doncaster,None,0.2,flat_throughput,2025,514.1,387.0,127.1,150.0,12.0
E08000017,Doncaster,None,0.2,flat_throughput,2026,579.7,387.0,192.7,169.1,13.5
E08000017,Doncaster,None,0.2,flat_throughput,2027,653.6,387.0,266.6,190.6,15.3
E08000017,Doncaster,None,0.2,flat_throughput,2028,736.9,387.0,349.9,214.9,17.2
E08000017,Doncaster,None,0.2,flat_throughput,2029,830.9,387.0,443.9,242.3,19.4
E08000017,Doncaster,None,0.2,flat_throughput,2030,936.8,387.0,549.8,273.2,21.9
E06000059,Dorset,None,0.4,continuation,2024,585.0,287.0,298.0,225.0,18.0
E06000059,Dorset,None,0.4,continuation,2025,604.8,264.2,340.6,253.7,20.3
E06000059,Dorset,None,0.4,continuation,2026,625.3,243.2,382.1,286.0,22.9
E06000059,Dorset,None,0.4,continuation,2027,646.4,223.8,422.6,322.5,25.8
E06000059,Dorset,None,0.4,continuation,2028,668.3,206.0,462.3,363.6,29.1
E06000059,Dorset,None,0.4,continuation,2029,690.9,189.6,501.3,410.0,32.8
E06000059,Dorset,None,0.4,continuation,2030,714.3,174.5,539.8,462.2,37.0
E06000059,Dorset,None,0.4,asd_semh_accel,2024,585.0,287.0,298.0,225.0,18.0
E06000059,Dorset,None,0.4,asd_semh_accel,2025,609.9,264.2,345.7,256.7,20.5
E06000059,Dorset,None,0.4,asd_semh_accel,2026,635.8,243.2,392.6,293.0,23.4
E06000059,Dorset,None,0.4,asd_semh_accel,2027,662.8,223.8,439.0,334.3,26.7
E06000059,Dorset,None,0.4,asd_semh_accel,2028,690.9,206.0,484.9,381.5,30.5
E06000059,Dorset,None,0.4,asd_semh_accel,2029,720.3,189.6,530.7,435.3,34.8
E06000059,Dorset,None,0.4,asd_semh_accel,2030,750.9,174.5,576.4,496.8,39.7
E06000059,Dorset,None,0.4,cost_inflation,2024,585.0,287.0,298.0,225.0,18.0
E06000059,Dorset,None,0.4,cost_inflation,2025,604.8,264.2,340.6,253.7,22.3
E06000059,Dorset,None,0.4,cost_inflation,2026,625.3,243.2,382.1,286.0,27.7
E06000059,Dorset,None,0.4,cost_inflation,2027,646.4,223.8,422.6,322.5,34.3
E06000059,Dorset,None,0.4,cost_inflation,2028,668.3,206.0,462.3,363.6,42.6
E06000059,Dorset,None,0.4,cost_inflation,2029,690.9,189.6,501.3,410.0,52.8
E06000059,Dorset,None,0.4,cost_inflation,2030,714.3,174.5,539.8,462.2,65.5
E06000059,Dorset,None,0.4,capacity_improvement,2024,585.0,287.0,298.0,225.0,18.0
E06000059,Dorset,None,0.4,capacity_improvement,2025,604.8,327.0,277.8,252.2,20.2
E06000059,Dorset,None,0.4,capacity_improvement,2026,625.3,369.3,256.0,282.6,22.6
E06000059,Dorset,None,0.4,capacity_improvement,2027,646.4,414.1,232.3,316.7,25.3
E06000059,Dorset,None,0.4,capacity_improvement,2028,668.3,434.4,233.9,355.0,28.4
E06000059,Dorset,None,0.4,capacity_improvement,2029,690.9,449.1,241.8,397.9,31.8
E06000059,Dorset,None,0.4,capacity_improvement,2030,714.3,464.3,250.0,445.9,35.7
E06000059,Dorset,None,0.4,flat_throughput,2024,585.0,287.0,298.0,225.0,18.0
E06000059,Dorset,None,0.4,flat_throughput,2025,604.8,287.0,317.8,253.7,20.3
E06000059,Dorset,None,0.4,flat_throughput,2026,625.3,287.0,338.3,286.0,22.9
E06000059,Dorset,None,0.4,flat_throughput,2027,646.4,287.0,359.4,322.5,25.8
E06000059,Dorset,None,0.4,flat_throughput,2028,668.3,287.0,381.3,363.6,29.1
E06000059,Dorset,None,0.4,flat_throughput,2029,690.9,287.0,403.9,410.0,32.8
E06000059,Dorset,None,0.4,flat_throughput,2030,714.3,287.0,427.3,462.2,37.0
E08000027,Dudley,None,0.6,continuation,2024,501.0,246.0,255.0,131.0,10.5
E08000027,Dudley,None,0.6,continuation,2025,504.4,261.5,242.9,147.7,11.8
E08000027,Dudley,None,0.6,continuation,2026,507.8,278.1,229.8,166.5,13.3
E08000027,Dudley,None,0.6,continuation,2027,511.3,295.6,215.7,187.7,15.0
E08000027,Dudley,None,0.6,continuation,2028,514.8,314.3,200.5,211.7,16.9
E08000027,Dudley,None,0.6,continuation,2029,518.3,334.2,184.1,238.6,19.1
E08000027,Dudley,None,0.6,continuation,2030,521.8,355.3,166.5,269.0,21.5
E08000027,Dudley,None,0.6,asd_semh_accel,2024,501.0,246.0,255.0,131.0,10.5
E08000027,Dudley,None,0.6,asd_semh_accel,2025,505.3,261.5,243.7,149.5,12.0
E08000027,Dudley,None,0.6,asd_semh_accel,2026,509.6,278.1,231.5,170.6,13.6
E08000027,Dudley,None,0.6,asd_semh_accel,2027,513.9,295.6,218.3,194.6,15.6
E08000027,Dudley,None,0.6,asd_semh_accel,2028,518.3,314.3,204.0,222.1,17.8
E08000027,Dudley,None,0.6,asd_semh_accel,2029,522.7,334.2,188.5,253.4,20.3
E08000027,Dudley,None,0.6,asd_semh_accel,2030,527.1,355.3,171.9,289.1,23.1
E08000027,Dudley,None,0.6,cost_inflation,2024,501.0,246.0,255.0,131.0,10.5
E08000027,Dudley,None,0.6,cost_inflation,2025,504.4,261.5,242.9,147.7,13.0
E08000027,Dudley,None,0.6,cost_inflation,2026,507.8,278.1,229.8,166.5,16.1
E08000027,Dudley,None,0.6,cost_inflation,2027,511.3,295.6,215.7,187.7,20.0
E08000027,Dudley,None,0.6,cost_inflation,2028,514.8,314.3,200.5,211.7,24.8
E08000027,Dudley,None,0.6,cost_inflation,2029,518.3,334.2,184.1,238.6,30.7
E08000027,Dudley,None,0.6,cost_inflation,2030,521.8,355.3,166.5,269.0,38.1
E08000027,Dudley,None,0.6,capacity_improvement,2024,501.0,246.0,255.0,131.0,10.5
E08000027,Dudley,None,0.6,capacity_improvement,2025,504.4,272.9,231.5,146.8,11.7
E08000027,Dudley,None,0.6,capacity_improvement,2026,507.8,300.1,207.7,164.5,13.2
E08000027,Dudley,None,0.6,capacity_improvement,2027,511.3,327.7,183.5,184.4,14.8
E08000027,Dudley,None,0.6,capacity_improvement,2028,514.8,334.6,180.2,206.6,16.5
E08000027,Dudley,None,0.6,capacity_improvement,2029,518.3,336.9,181.4,231.6,18.5
E08000027,Dudley,None,0.6,capacity_improvement,2030,521.8,339.2,182.6,259.5,20.8
E08000027,Dudley,None,0.6,flat_throughput,2024,501.0,246.0,255.0,131.0,10.5
E08000027,Dudley,None,0.6,flat_throughput,2025,504.4,246.0,258.4,147.7,11.8
E08000027,Dudley,None,0.6,flat_throughput,2026,507.8,246.0,261.8,166.5,13.3
E08000027,Dudley,None,0.6,flat_throughput,2027,511.3,246.0,265.3,187.7,15.0
E08000027,Dudley,None,0.6,flat_throughput,2028,514.8,246.0,268.8,211.7,16.9
E08000027,Dudley,None,0.6,flat_throughput,2029,518.3,246.0,272.3,238.6,19.1
E08000027,Dudley,None,0.6,flat_throughput,2030,521.8,246.0,275.8,269.0,21.5
E09000009,Ealing,None,0.2,continuation,2024,522.0,372.0,150.0,199.0,15.9
E09000009,Ealing,None,0.2,continuation,2025,567.6,395.5,172.1,224.4,17.9
E09000009,Ealing,None,0.2,continuation,2026,617.2,420.5,196.7,253.0,20.2
E09000009,Ealing,None,0.2,continuation,2027,671.1,447.1,224.0,285.2,22.8
E09000009,Ealing,None,0.2,continuation,2028,729.7,475.4,254.3,321.6,25.7
E09000009,Ealing,None,0.2,continuation,2029,793.4,505.4,288.0,362.6,29.0
E09000009,Ealing,None,0.2,continuation,2030,862.7,537.3,325.4,408.8,32.7
E09000009,Ealing,None,0.2,asd_semh_accel,2024,522.0,372.0,150.0,199.0,15.9
E09000009,Ealing,None,0.2,asd_semh_accel,2025,579.6,395.5,184.1,227.1,18.2
E09000009,Ealing,None,0.2,asd_semh_accel,2026,643.6,420.5,223.0,259.1,20.7
E09000009,Ealing,None,0.2,asd_semh_accel,2027,714.6,447.1,267.5,295.7,23.7
E09000009,Ealing,None,0.2,asd_semh_accel,2028,793.4,475.4,318.1,337.4,27.0
E09000009,Ealing,None,0.2,asd_semh_accel,2029,881.0,505.4,375.6,385.0,30.8
E09000009,Ealing,None,0.2,asd_semh_accel,2030,978.2,537.3,440.9,439.4,35.1
E09000009,Ealing,None,0.2,cost_inflation,2024,522.0,372.0,150.0,199.0,15.9
E09000009,Ealing,None,0.2,cost_inflation,2025,567.6,395.5,172.1,224.4,19.7
E09000009,Ealing,None,0.2,cost_inflation,2026,617.2,420.5,196.7,253.0,24.5
E09000009,Ealing,None,0.2,cost_inflation,2027,671.1,447.1,224.0,285.2,30.4
E09000009,Ealing,None,0.2,cost_inflation,2028,729.7,475.4,254.3,321.6,37.7
E09000009,Ealing,None,0.2,cost_inflation,2029,793.4,505.4,288.0,362.6,46.7
E09000009,Ealing,None,0.2,cost_inflation,2030,862.7,537.3,325.4,408.8,57.9
E09000009,Ealing,None,0.2,capacity_improvement,2024,522.0,339.3,182.7,199.0,15.9
E09000009,Ealing,None,0.2,capacity_improvement,2025,567.6,368.9,198.7,223.0,17.8
E09000009,Ealing,None,0.2,capacity_improvement,2026,617.2,401.2,216.0,250.0,20.0
E09000009,Ealing,None,0.2,capacity_improvement,2027,671.1,436.2,234.9,280.1,22.4
E09000009,Ealing,None,0.2,capacity_improvement,2028,729.7,474.3,255.4,314.0,25.1
E09000009,Ealing,None,0.2,capacity_improvement,2029,793.4,515.7,277.7,351.9,28.2
E09000009,Ealing,None,0.2,capacity_improvement,2030,862.7,560.8,302.0,394.4,31.6
E09000009,Ealing,None,0.2,flat_throughput,2024,522.0,372.0,150.0,199.0,15.9
E09000009,Ealing,None,0.2,flat_throughput,2025,567.6,372.0,195.6,224.4,17.9
E09000009,Ealing,None,0.2,flat_throughput,2026,617.2,372.0,245.2,253.0,20.2
E09000009,Ealing,None,0.2,flat_throughput,2027,671.1,372.0,299.1,285.2,22.8
E09000009,Ealing,None,0.2,flat_throughput,2028,729.7,372.0,357.7,321.6,25.7
E09000009,Ealing,None,0.2,flat_throughput,2029,793.4,372.0,421.4,362.6,29.0
E09000009,Ealing,None,0.2,flat_throughput,2030,862.7,372.0,490.7,408.8,32.7
E06000011,East Riding of Yorkshire,None,0.3,continuation,2024,400.0,384.0,16.0,66.0,5.3
E06000011,East Riding of Yorkshire,None,0.3,continuation,2025,412.8,412.8,0.0,69.9,5.6
E06000011,East Riding of Yorkshire,None,0.3,continuation,2026,426.0,426.0,0.0,74.0,5.9
E06000011,East Riding of Yorkshire,None,0.3,continuation,2027,439.6,439.6,0.0,78.4,6.3
E06000011,East Riding of Yorkshire,None,0.3,continuation,2028,453.7,453.7,0.0,83.0,6.6
E06000011,East Riding of Yorkshire,None,0.3,continuation,2029,468.2,468.2,0.0,87.8,7.0
E06000011,East Riding of Yorkshire,None,0.3,continuation,2030,483.2,483.2,0.0,93.0,7.4
E06000011,East Riding of Yorkshire,None,0.3,asd_semh_accel,2024,400.0,384.0,16.0,66.0,5.3
E06000011,East Riding of Yorkshire,None,0.3,asd_semh_accel,2025,416.1,416.1,0.0,70.3,5.6
E06000011,East Riding of Yorkshire,None,0.3,asd_semh_accel,2026,432.8,432.8,0.0,74.8,6.0
E06000011,East Riding of Yorkshire,None,0.3,asd_semh_accel,2027,450.2,450.2,0.0,79.7,6.4
E06000011,East Riding of Yorkshire,None,0.3,asd_semh_accel,2028,468.2,468.2,0.0,84.9,6.8
E06000011,East Riding of Yorkshire,None,0.3,asd_semh_accel,2029,487.0,487.0,0.0,90.4,7.2
E06000011,East Riding of Yorkshire,None,0.3,asd_semh_accel,2030,506.6,506.6,0.0,96.3,7.7
E06000011,East Riding of Yorkshire,None,0.3,cost_inflation,2024,400.0,384.0,16.0,66.0,5.3
E06000011,East Riding of Yorkshire,None,0.3,cost_inflation,2025,412.8,412.8,0.0,69.9,6.1
E06000011,East Riding of Yorkshire,None,0.3,cost_inflation,2026,426.0,426.0,0.0,74.0,7.2
E06000011,East Riding of Yorkshire,None,0.3,cost_inflation,2027,439.6,439.6,0.0,78.4,8.3
E06000011,East Riding of Yorkshire,None,0.3,cost_inflation,2028,453.7,453.7,0.0,83.0,9.7
E06000011,East Riding of Yorkshire,None,0.3,cost_inflation,2029,468.2,468.2,0.0,87.8,11.3
E06000011,East Riding of Yorkshire,None,0.3,cost_inflation,2030,483.2,483.2,0.0,93.0,13.2
E06000011,East Riding of Yorkshire,None,0.3,capacity_improvement,2024,400.0,260.0,140.0,66.0,5.3
E06000011,East Riding of Yorkshire,None,0.3,capacity_improvement,2025,412.8,268.3,144.5,69.7,5.6
E06000011,East Riding of Yorkshire,None,0.3,capacity_improvement,2026,426.0,276.9,149.1,73.6,5.9
E06000011,East Riding of Yorkshire,None,0.3,capacity_improvement,2027,439.6,285.8,153.9,77.7,6.2
E06000011,East Riding of Yorkshire,None,0.3,capacity_improvement,2028,453.7,294.9,158.8,82.0,6.6
E06000011,East Riding of Yorkshire,None,0.3,capacity_improvement,2029,468.2,304.4,163.9,86.6,6.9
E06000011,East Riding of Yorkshire,None,0.3,capacity_improvement,2030,483.2,314.1,169.1,91.4,7.3
E06000011,East Riding of Yorkshire,None,0.3,flat_throughput,2024,400.0,384.0,16.0,66.0,5.3
E06000011,East Riding of Yorkshire,None,0.3,flat_throughput,2025,412.8,384.0,28.8,69.9,5.6
E06000011,East Riding of Yorkshire,None,0.3,flat_throughput,2026,426.0,384.0,42.0,74.0,5.9
E06000011,East Riding of Yorkshire,None,0.3,flat_throughput,2027,439.6,384.0,55.6,78.4,6.3
E06000011,East Riding of Yorkshire,None,0.3,flat_throughput,2028,453.7,384.0,69.7,83.0,6.6
E06000011,East Riding of Yorkshire,None,0.3,flat_throughput,2029,468.2,384.0,84.2,87.8,7.0
E06000011,East Riding of Yorkshire,None,0.3,flat_throughput,2030,483.2,384.0,99.2,93.0,7.4
E10000011,East Sussex,None,0.4,continuation,2024,420.0,344.0,76.0,252.0,20.2
E10000011,East Sussex,None,0.4,continuation,2025,470.9,380.2,90.7,284.1,22.7
E10000011,East Sussex,None,0.4,continuation,2026,527.9,420.2,107.8,320.4,25.6
E10000011,East Sussex,None,0.4,continuation,2027,591.9,464.4,127.5,361.2,28.9
E10000011,East Sussex,None,0.4,continuation,2028,663.6,513.2,150.4,407.3,32.6
E10000011,East Sussex,None,0.4,continuation,2029,744.0,567.2,176.8,459.2,36.7
E10000011,East Sussex,None,0.4,continuation,2030,834.1,626.8,207.3,517.7,41.4
E10000011,East Sussex,None,0.4,asd_semh_accel,2024,420.0,344.0,76.0,252.0,20.2
E10000011,East Sussex,None,0.4,asd_semh_accel,2025,484.5,380.2,104.4,287.6,23.0
E10000011,East Sussex,None,0.4,asd_semh_accel,2026,559.0,420.2,138.8,328.1,26.3
E10000011,East Sussex,None,0.4,asd_semh_accel,2027,644.9,464.4,180.5,374.4,30.0
E10000011,East Sussex,None,0.4,asd_semh_accel,2028,744.0,513.2,230.8,427.3,34.2
E10000011,East Sussex,None,0.4,asd_semh_accel,2029,858.3,567.2,291.1,487.6,39.0
E10000011,East Sussex,None,0.4,asd_semh_accel,2030,990.2,626.8,363.4,556.4,44.5
E10000011,East Sussex,None,0.4,cost_inflation,2024,420.0,344.0,76.0,252.0,20.2
E10000011,East Sussex,None,0.4,cost_inflation,2025,470.9,380.2,90.7,284.1,25.0
E10000011,East Sussex,None,0.4,cost_inflation,2026,527.9,420.2,107.8,320.4,31.0
E10000011,East Sussex,None,0.4,cost_inflation,2027,591.9,464.4,127.5,361.2,38.5
E10000011,East Sussex,None,0.4,cost_inflation,2028,663.6,513.2,150.4,407.3,47.7
E10000011,East Sussex,None,0.4,cost_inflation,2029,744.0,567.2,176.8,459.2,59.2
E10000011,East Sussex,None,0.4,cost_inflation,2030,834.1,626.8,207.3,517.7,73.4
E10000011,East Sussex,None,0.4,capacity_improvement,2024,420.0,273.0,147.0,252.0,20.2
E10000011,East Sussex,None,0.4,capacity_improvement,2025,470.9,306.1,164.8,282.4,22.6
E10000011,East Sussex,None,0.4,capacity_improvement,2026,527.9,343.2,184.8,316.5,25.3
E10000011,East Sussex,None,0.4,capacity_improvement,2027,591.9,384.7,207.2,354.8,28.4
E10000011,East Sussex,None,0.4,capacity_improvement,2028,663.6,431.3,232.3,397.6,31.8
E10000011,East Sussex,None,0.4,capacity_improvement,2029,744.0,483.6,260.4,445.6,35.6
E10000011,East Sussex,None,0.4,capacity_improvement,2030,834.1,542.2,291.9,499.4,40.0
E10000011,East Sussex,None,0.4,flat_throughput,2024,420.0,344.0,76.0,252.0,20.2
E10000011,East Sussex,None,0.4,flat_throughput,2025,470.9,344.0,126.9,284.1,22.7
E10000011,East Sussex,None,0.4,flat_throughput,2026,527.9,344.0,183.9,320.4,25.6
E10000011,East Sussex,None,0.4,flat_throughput,2027,591.9,344.0,247.9,361.2,28.9
E10000011,East Sussex,None,0.4,flat_throughput,2028,663.6,344.0,319.6,407.3,32.6
E10000011,East Sussex,None,0.4,flat_throughput,2029,744.0,344.0,400.0,459.2,36.7
E10000011,East Sussex,None,0.4,flat_throughput,2030,834.1,344.0,490.1,517.7,41.4
E09000010,Enfield,None,0.5,continuation,2024,706.0,603.0,103.0,101.0,8.1
E09000010,Enfield,None,0.5,continuation,2025,695.9,666.4,29.5,101.0,8.1
E09000010,Enfield,None,0.5,continuation,2026,686.0,686.0,0.0,101.0,8.1
E09000010,Enfield,None,0.5,continuation,2027,676.2,676.2,0.0,101.0,8.1
E09000010,Enfield,None,0.5,continuation,2028,666.6,666.6,0.0,101.0,8.1
E09000010,Enfield,None,0.5,continuation,2029,657.0,657.0,0.0,101.0,8.1
E09000010,Enfield,None,0.5,continuation,2030,647.7,647.7,0.0,101.0,8.1
E09000010,Enfield,None,0.5,asd_semh_accel,2024,706.0,603.0,103.0,101.0,8.1
E09000010,Enfield,None,0.5,asd_semh_accel,2025,693.4,666.4,27.0,101.0,8.1
E09000010,Enfield,None,0.5,asd_semh_accel,2026,681.1,681.1,0.0,101.0,8.1
E09000010,Enfield,None,0.5,asd_semh_accel,2027,669.0,669.0,0.0,101.0,8.1
E09000010,Enfield,None,0.5,asd_semh_accel,2028,657.0,657.0,0.0,101.0,8.1
E09000010,Enfield,None,0.5,asd_semh_accel,2029,645.3,645.3,0.0,101.0,8.1
E09000010,Enfield,None,0.5,asd_semh_accel,2030,633.8,633.8,0.0,101.0,8.1
E09000010,Enfield,None,0.5,cost_inflation,2024,706.0,603.0,103.0,101.0,8.1
E09000010,Enfield,None,0.5,cost_inflation,2025,695.9,666.4,29.5,101.0,8.9
E09000010,Enfield,None,0.5,cost_inflation,2026,686.0,686.0,0.0,101.0,9.8
E09000010,Enfield,None,0.5,cost_inflation,2027,676.2,676.2,0.0,101.0,10.8
E09000010,Enfield,None,0.5,cost_inflation,2028,666.6,666.6,0.0,101.0,11.8
E09000010,Enfield,None,0.5,cost_inflation,2029,657.0,657.0,0.0,101.0,13.0
E09000010,Enfield,None,0.5,cost_inflation,2030,647.7,647.7,0.0,101.0,14.3
E09000010,Enfield,None,0.5,capacity_improvement,2024,706.0,458.9,247.1,101.0,8.1
E09000010,Enfield,None,0.5,capacity_improvement,2025,695.9,452.4,243.6,101.0,8.1
E09000010,Enfield,None,0.5,capacity_improvement,2026,686.0,445.9,240.1,101.0,8.1
E09000010,Enfield,None,0.5,capacity_improvement,2027,676.2,439.5,236.7,101.0,8.1
E09000010,Enfield,None,0.5,capacity_improvement,2028,666.6,433.3,233.3,101.0,8.1
E09000010,Enfield,None,0.5,capacity_improvement,2029,657.0,427.1,230.0,101.0,8.1
E09000010,Enfield,None,0.5,capacity_improvement,2030,647.7,421.0,226.7,101.0,8.1
E09000010,Enfield,None,0.5,flat_throughput,2024,706.0,603.0,103.0,101.0,8.1
E09000010,Enfield,None,0.5,flat_throughput,2025,695.9,603.0,92.9,101.0,8.1
E09000010,Enfield,None,0.5,flat_throughput,2026,686.0,603.0,83.0,101.0,8.1
E09000010,Enfield,None,0.5,flat_throughput,2027,676.2,603.0,73.2,101.0,8.1
E09000010,Enfield,None,0.5,flat_throughput,2028,666.6,603.0,63.6,101.0,8.1
E09000010,Enfield,None,0.5,flat_throughput,2029,657.0,603.0,54.0,101.0,8.1
E09000010,Enfield,None,0.5,flat_throughput,2030,647.7,603.0,44.7,101.0,8.1
E10000012,Essex,None,0.9,continuation,2024,1833.0,297.0,1536.0,383.0,30.6
E10000012,Essex,None,0.9,continuation,2025,2066.7,255.6,1811.1,410.1,32.8
E10000012,Essex,None,0.9,continuation,2026,2330.2,220.0,2110.2,439.1,35.1
E10000012,Essex,None,0.9,continuation,2027,2627.3,189.4,2437.9,470.1,37.6
E10000012,Essex,None,0.9,continuation,2028,2962.3,163.0,2799.3,503.4,40.3
E10000012,Essex,None,0.9,continuation,2029,3339.9,140.3,3199.7,539.0,43.1
E10000012,Essex,None,0.9,continuation,2030,3765.8,120.8,3645.0,577.1,46.2
E10000012,Essex,None,0.9,asd_semh_accel,2024,1833.0,297.0,1536.0,383.0,30.6
E10000012,Essex,None,0.9,asd_semh_accel,2025,2129.6,255.6,1874.0,412.9,33.0
E10000012,Essex,None,0.9,asd_semh_accel,2026,2474.3,220.0,2254.3,445.1,35.6
E10000012,Essex,None,0.9,asd_semh_accel,2027,2874.7,189.4,2685.3,479.9,38.4
E10000012,Essex,None,0.9,asd_semh_accel,2028,3339.9,163.0,3176.9,517.3,41.4
E10000012,Essex,None,0.9,asd_semh_accel,2029,3880.5,140.3,3740.2,557.7,44.6
E10000012,Essex,None,0.9,asd_semh_accel,2030,4508.5,120.8,4387.7,601.2,48.1
E10000012,Essex,None,0.9,cost_inflation,2024,1833.0,297.0,1536.0,383.0,30.6
E10000012,Essex,None,0.9,cost_inflation,2025,2066.7,255.6,1811.1,410.1,36.1
E10000012,Essex,None,0.9,cost_inflation,2026,2330.2,220.0,2110.2,439.1,42.5
E10000012,Essex,None,0.9,cost_inflation,2027,2627.3,189.4,2437.9,470.1,50.1
E10000012,Essex,None,0.9,cost_inflation,2028,2962.3,163.0,2799.3,503.4,59.0
E10000012,Essex,None,0.9,cost_inflation,2029,3339.9,140.3,3199.7,539.0,69.4
E10000012,Essex,None,0.9,cost_inflation,2030,3765.8,120.8,3645.0,577.1,81.8
E10000012,Essex,None,0.9,capacity_improvement,2024,1833.0,297.0,1536.0,383.0,30.6
E10000012,Essex,None,0.9,capacity_improvement,2025,2066.7,438.2,1628.5,408.7,32.7
E10000012,Essex,None,0.9,capacity_improvement,2026,2330.2,610.6,1719.6,436.1,34.9
E10000012,Essex,None,0.9,capacity_improvement,2027,2627.3,819.8,1807.5,465.3,37.2
E10000012,Essex,None,0.9,capacity_improvement,2028,2962.3,1072.4,1889.8,496.5,39.7
E10000012,Essex,None,0.9,capacity_improvement,2029,3339.9,1376.2,1963.8,529.8,42.4
E10000012,Essex,None,0.9,capacity_improvement,2030,3765.8,1739.9,2025.9,565.4,45.2
E10000012,Essex,None,0.9,flat_throughput,2024,1833.0,297.0,1536.0,383.0,30.6
E10000012,Essex,None,0.9,flat_throughput,2025,2066.7,297.0,1769.7,410.1,32.8
E10000012,Essex,None,0.9,flat_throughput,2026,2330.2,297.0,2033.2,439.1,35.1
E10000012,Essex,None,0.9,flat_throughput,2027,2627.3,297.0,2330.3,470.1,37.6
E10000012,Essex,None,0.9,flat_throughput,2028,2962.3,297.0,2665.3,503.4,40.3
E10000012,Essex,None,0.9,flat_throughput,2029,3339.9,297.0,3042.9,539.0,43.1
E10000012,Essex,None,0.9,flat_throughput,2030,3765.8,297.0,3468.8,577.1,46.2
E08000037,Gateshead,None,0.1,continuation,2024,266.0,219.0,47.0,34.0,2.7
E08000037,Gateshead,None,0.1,continuation,2025,286.3,233.6,52.7,36.1,2.9
E08000037,Gateshead,None,0.1,continuation,2026,308.1,249.2,58.9,38.4,3.1
E08000037,Gateshead,None,0.1,continuation,2027,331.6,265.8,65.8,40.8,3.3
E08000037,Gateshead,None,0.1,continuation,2028,356.9,283.5,73.4,43.4,3.5
E08000037,Gateshead,None,0.1,continuation,2029,384.0,302.4,81.7,46.1,3.7
E08000037,Gateshead,None,0.1,continuation,2030,413.3,322.5,90.8,49.0,3.9
E08000037,Gateshead,None,0.1,asd_semh_accel,2024,266.0,219.0,47.0,34.0,2.7
E08000037,Gateshead,None,0.1,asd_semh_accel,2025,291.6,233.6,58.0,36.4,2.9
E08000037,Gateshead,None,0.1,asd_semh_accel,2026,319.6,249.2,70.5,38.9,3.1
E08000037,Gateshead,None,0.1,asd_semh_accel,2027,350.4,265.8,84.6,41.6,3.3
E08000037,Gateshead,None,0.1,asd_semh_accel,2028,384.0,283.5,100.6,44.4,3.6
E08000037,Gateshead,None,0.1,asd_semh_accel,2029,421.0,302.4,118.6,47.5,3.8
E08000037,Gateshead,None,0.1,asd_semh_accel,2030,461.5,322.5,138.9,50.8,4.1
E08000037,Gateshead,None,0.1,cost_inflation,2024,266.0,219.0,47.0,34.0,2.7
E08000037,Gateshead,None,0.1,cost_inflation,2025,286.3,233.6,52.7,36.1,3.2
E08000037,Gateshead,None,0.1,cost_inflation,2026,308.1,249.2,58.9,38.4,3.7
E08000037,Gateshead,None,0.1,cost_inflation,2027,331.6,265.8,65.8,40.8,4.3
E08000037,Gateshead,None,0.1,cost_inflation,2028,356.9,283.5,73.4,43.4,5.1
E08000037,Gateshead,None,0.1,cost_inflation,2029,384.0,302.4,81.7,46.1,5.9
E08000037,Gateshead,None,0.1,cost_inflation,2030,413.3,322.5,90.8,49.0,6.9
E08000037,Gateshead,None,0.1,capacity_improvement,2024,266.0,172.9,93.1,34.0,2.7
E08000037,Gateshead,None,0.1,capacity_improvement,2025,286.3,186.1,100.2,36.0,2.9
E08000037,Gateshead,None,0.1,capacity_improvement,2026,308.1,200.3,107.8,38.2,3.1
E08000037,Gateshead,None,0.1,capacity_improvement,2027,331.6,215.5,116.1,40.4,3.2
E08000037,Gateshead,None,0.1,capacity_improvement,2028,356.9,232.0,124.9,42.8,3.4
E08000037,Gateshead,None,0.1,capacity_improvement,2029,384.0,249.6,134.4,45.4,3.6
E08000037,Gateshead,None,0.1,capacity_improvement,2030,413.3,268.7,144.7,48.1,3.8
E08000037,Gateshead,None,0.1,flat_throughput,2024,266.0,219.0,47.0,34.0,2.7
E08000037,Gateshead,None,0.1,flat_throughput,2025,286.3,219.0,67.3,36.1,2.9
E08000037,Gateshead,None,0.1,flat_throughput,2026,308.1,219.0,89.1,38.4,3.1
E08000037,Gateshead,None,0.1,flat_throughput,2027,331.6,219.0,112.6,40.8,3.3
E08000037,Gateshead,None,0.1,flat_throughput,2028,356.9,219.0,137.9,43.4,3.5
E08000037,Gateshead,None,0.1,flat_throughput,2029,384.0,219.0,165.0,46.1,3.7
E08000037,Gateshead,None,0.1,flat_throughput,2030,413.3,219.0,194.3,49.0,3.9
E10000013,Gloucestershire,None,0.6,continuation,2024,910.0,239.0,671.0,217.0,17.4
E10000013,Gloucestershire,None,0.6,continuation,2025,1026.0,214.9,811.1,238.2,19.1
E10000013,Gloucestershire,None,0.6,continuation,2026,1156.8,193.3,963.5,261.5,20.9
E10000013,Gloucestershire,None,0.6,continuation,2027,1304.3,173.9,1130.5,287.1,23.0
E10000013,Gloucestershire,None,0.6,continuation,2028,1470.6,156.4,1314.3,315.1,25.2
E10000013,Gloucestershire,None,0.6,continuation,2029,1658.1,140.6,1517.5,346.0,27.7
E10000013,Gloucestershire,None,0.6,continuation,2030,1869.5,126.5,1743.1,379.8,30.4
E10000013,Gloucestershire,None,0.6,asd_semh_accel,2024,910.0,239.0,671.0,217.0,17.4
E10000013,Gloucestershire,None,0.6,asd_semh_accel,2025,1057.3,214.9,842.3,240.4,19.2
E10000013,Gloucestershire,None,0.6,asd_semh_accel,2026,1228.4,193.3,1035.1,266.4,21.3
E10000013,Gloucestershire,None,0.6,asd_semh_accel,2027,1427.2,173.9,1253.3,295.2,23.6
E10000013,Gloucestershire,None,0.6,asd_semh_accel,2028,1658.1,156.4,1501.8,327.1,26.2
E10000013,Gloucestershire,None,0.6,asd_semh_accel,2029,1926.5,140.6,1785.9,362.5,29.0
E10000013,Gloucestershire,None,0.6,asd_semh_accel,2030,2238.2,126.5,2111.8,401.6,32.1
E10000013,Gloucestershire,None,0.6,cost_inflation,2024,910.0,239.0,671.0,217.0,17.4
E10000013,Gloucestershire,None,0.6,cost_inflation,2025,1026.0,214.9,811.1,238.2,21.0
E10000013,Gloucestershire,None,0.6,cost_inflation,2026,1156.8,193.3,963.5,261.5,25.3
E10000013,Gloucestershire,None,0.6,cost_inflation,2027,1304.3,173.9,1130.5,287.1,30.6
E10000013,Gloucestershire,None,0.6,cost_inflation,2028,1470.6,156.4,1314.3,315.1,36.9
E10000013,Gloucestershire,None,0.6,cost_inflation,2029,1658.1,140.6,1517.5,346.0,44.6
E10000013,Gloucestershire,None,0.6,cost_inflation,2030,1869.5,126.5,1743.1,379.8,53.8
E10000013,Gloucestershire,None,0.6,capacity_improvement,2024,910.0,239.0,671.0,217.0,17.4
E10000013,Gloucestershire,None,0.6,capacity_improvement,2025,1026.0,320.8,705.2,237.1,19.0
E10000013,Gloucestershire,None,0.6,capacity_improvement,2026,1156.8,419.5,737.3,259.1,20.7
E10000013,Gloucestershire,None,0.6,capacity_improvement,2027,1304.3,538.2,766.1,283.1,22.6
E10000013,Gloucestershire,None,0.6,capacity_improvement,2028,1470.6,680.4,790.3,309.3,24.7
E10000013,Gloucestershire,None,0.6,capacity_improvement,2029,1658.1,850.0,808.1,338.0,27.0
E10000013,Gloucestershire,None,0.6,capacity_improvement,2030,1869.5,1051.9,817.7,369.3,29.5
E10000013,Gloucestershire,None,0.6,flat_throughput,2024,910.0,239.0,671.0,217.0,17.4
E10000013,Gloucestershire,None,0.6,flat_throughput,2025,1026.0,239.0,787.0,238.2,19.1
E10000013,Gloucestershire,None,0.6,flat_throughput,2026,1156.8,239.0,917.8,261.5,20.9
E10000013,Gloucestershire,None,0.6,flat_throughput,2027,1304.3,239.0,1065.3,287.1,23.0
E10000013,Gloucestershire,None,0.6,flat_throughput,2028,1470.6,239.0,1231.6,315.1,25.2
E10000013,Gloucestershire,None,0.6,flat_throughput,2029,1658.1,239.0,1419.1,346.0,27.7
E10000013,Gloucestershire,None,0.6,flat_throughput,2030,1869.5,239.0,1630.5,379.8,30.4
E09000011,Greenwich,None,0.5,continuation,2024,680.0,224.0,456.0,87.0,7.0
E09000011,Greenwich,None,0.5,continuation,2025,766.7,247.6,519.1,94.6,7.6
E09000011,Greenwich,None,0.5,continuation,2026,864.4,273.6,590.9,102.8,8.2
E09000011,Greenwich,None,0.5,continuation,2027,974.7,302.4,672.3,111.7,8.9
E09000011,Greenwich,None,0.5,continuation,2028,1098.9,334.2,764.8,121.4,9.7
E09000011,Greenwich,None,0.5,continuation,2029,1239.0,369.3,869.7,132.0,10.6
E09000011,Greenwich,None,0.5,continuation,2030,1397.0,408.2,988.9,143.4,11.5
E09000011,Greenwich,None,0.5,asd_semh_accel,2024,680.0,224.0,456.0,87.0,7.0
E09000011,Greenwich,None,0.5,asd_semh_accel,2025,790.0,247.6,542.5,95.4,7.6
E09000011,Greenwich,None,0.5,asd_semh_accel,2026,917.9,273.6,644.3,104.5,8.4
E09000011,Greenwich,None,0.5,asd_semh_accel,2027,1066.5,302.4,764.1,114.5,9.2
E09000011,Greenwich,None,0.5,asd_semh_accel,2028,1239.0,334.2,904.9,125.5,10.0
E09000011,Greenwich,None,0.5,asd_semh_accel,2029,1439.6,369.3,1070.2,137.6,11.0
E09000011,Greenwich,None,0.5,asd_semh_accel,2030,1672.5,408.2,1264.4,150.8,12.1
E09000011,Greenwich,None,0.5,cost_inflation,2024,680.0,224.0,456.0,87.0,7.0
E09000011,Greenwich,None,0.5,cost_inflation,2025,766.7,247.6,519.1,94.6,8.3
E09000011,Greenwich,None,0.5,cost_inflation,2026,864.4,273.6,590.9,102.8,9.9
E09000011,Greenwich,None,0.5,cost_inflation,2027,974.7,302.4,672.3,111.7,11.9
E09000011,Greenwich,None,0.5,cost_inflation,2028,1098.9,334.2,764.8,121.4,14.2
E09000011,Greenwich,None,0.5,cost_inflation,2029,1239.0,369.3,869.7,132.0,17.0
E09000011,Greenwich,None,0.5,cost_inflation,2030,1397.0,408.2,988.9,143.4,20.3
E09000011,Greenwich,None,0.5,capacity_improvement,2024,680.0,224.0,456.0,87.0,7.0
E09000011,Greenwich,None,0.5,capacity_improvement,2025,766.7,290.9,475.8,94.2,7.5
E09000011,Greenwich,None,0.5,capacity_improvement,2026,864.4,371.2,493.2,101.9,8.2
E09000011,Greenwich,None,0.5,capacity_improvement,2027,974.7,467.3,507.4,110.3,8.8
E09000011,Greenwich,None,0.5,capacity_improvement,2028,1098.9,581.8,517.1,119.4,9.6
E09000011,Greenwich,None,0.5,capacity_improvement,2029,1239.0,717.9,521.1,129.2,10.3
E09000011,Greenwich,None,0.5,capacity_improvement,2030,1397.0,879.3,517.7,139.9,11.2
E09000011,Greenwich,None,0.5,flat_throughput,2024,680.0,224.0,456.0,87.0,7.0
E09000011,Greenwich,None,0.5,flat_throughput,2025,766.7,224.0,542.7,94.6,7.6
E09000011,Greenwich,None,0.5,flat_throughput,2026,864.4,224.0,640.4,102.8,8.2
E09000011,Greenwich,None,0.5,flat_throughput,2027,974.7,224.0,750.7,111.7,8.9
E09000011,Greenwich,None,0.5,flat_throughput,2028,1098.9,224.0,874.9,121.4,9.7
E09000011,Greenwich,None,0.5,flat_throughput,2029,1239.0,224.0,1015.0,132.0,10.6
E09000011,Greenwich,None,0.5,flat_throughput,2030,1397.0,224.0,1173.0,143.4,11.5
E09000012,Hackney,None,0.7,continuation,2024,465.0,186.0,279.0,0.0,0.0
E09000012,Hackney,None,0.7,continuation,2025,460.5,184.9,275.6,0.0,0.0
E09000012,Hackney,None,0.7,continuation,2026,456.1,183.8,272.3,0.0,0.0
E09000012,Hackney,None,0.7,continuation,2027,451.7,182.7,269.0,0.0,0.0
E09000012,Hackney,None,0.7,continuation,2028,447.4,181.6,265.8,0.0,0.0
E09000012,Hackney,None,0.7,continuation,2029,443.1,180.5,262.6,0.0,0.0
E09000012,Hackney,None,0.7,continuation,2030,438.9,179.5,259.4,0.0,0.0
E09000012,Hackney,None,0.7,asd_semh_accel,2024,465.0,186.0,279.0,0.0,0.0
E09000012,Hackney,None,0.7,asd_semh_accel,2025,459.4,184.9,274.5,0.0,0.0
E09000012,Hackney,None,0.7,asd_semh_accel,2026,453.9,183.8,270.1,0.0,0.0
E09000012,Hackney,None,0.7,asd_semh_accel,2027,448.5,182.7,265.8,0.0,0.0
E09000012,Hackney,None,0.7,asd_semh_accel,2028,443.1,181.6,261.5,0.0,0.0
E09000012,Hackney,None,0.7,asd_semh_accel,2029,437.8,180.5,257.2,0.0,0.0
E09000012,Hackney,None,0.7,asd_semh_accel,2030,432.5,179.5,253.1,0.0,0.0
E09000012,Hackney,None,0.7,cost_inflation,2024,465.0,186.0,279.0,0.0,0.0
E09000012,Hackney,None,0.7,cost_inflation,2025,460.5,184.9,275.6,0.0,0.0
E09000012,Hackney,None,0.7,cost_inflation,2026,456.1,183.8,272.3,0.0,0.0
E09000012,Hackney,None,0.7,cost_inflation,2027,451.7,182.7,269.0,0.0,0.0
E09000012,Hackney,None,0.7,cost_inflation,2028,447.4,181.6,265.8,0.0,0.0
E09000012,Hackney,None,0.7,cost_inflation,2029,443.1,180.5,262.6,0.0,0.0
E09000012,Hackney,None,0.7,cost_inflation,2030,438.9,179.5,259.4,0.0,0.0
E09000012,Hackney,None,0.7,capacity_improvement,2024,465.0,186.0,279.0,0.0,0.0
E09000012,Hackney,None,0.7,capacity_improvement,2025,460.5,207.2,253.3,0.0,0.0
E09000012,Hackney,None,0.7,capacity_improvement,2026,456.1,228.1,228.1,0.0,0.0
E09000012,Hackney,None,0.7,capacity_improvement,2027,451.7,248.5,203.3,0.0,0.0
E09000012,Hackney,None,0.7,capacity_improvement,2028,447.4,268.4,179.0,0.0,0.0
E09000012,Hackney,None,0.7,capacity_improvement,2029,443.1,288.0,155.1,0.0,0.0
E09000012,Hackney,None,0.7,capacity_improvement,2030,438.9,285.3,153.6,0.0,0.0
E09000012,Hackney,None,0.7,flat_throughput,2024,465.0,186.0,279.0,0.0,0.0
E09000012,Hackney,None,0.7,flat_throughput,2025,460.5,186.0,274.5,0.0,0.0
E09000012,Hackney,None,0.7,flat_throughput,2026,456.1,186.0,270.1,0.0,0.0
E09000012,Hackney,None,0.7,flat_throughput,2027,451.7,186.0,265.7,0.0,0.0
E09000012,Hackney,None,0.7,flat_throughput,2028,447.4,186.0,261.4,0.0,0.0
E09000012,Hackney,None,0.7,flat_throughput,2029,443.1,186.0,257.1,0.0,0.0
E09000012,Hackney,None,0.7,flat_throughput,2030,438.9,186.0,252.9,0.0,0.0
E06000006,Halton,None,0.3,continuation,2024,208.0,121.0,87.0,89.0,7.1
E06000006,Halton,None,0.3,continuation,2025,217.6,129.6,87.9,99.3,7.9
E06000006,Halton,None,0.3,continuation,2026,227.5,138.9,88.6,110.8,8.9
E06000006,Halton,None,0.3,continuation,2027,238.0,148.8,89.1,123.6,9.9
E06000006,Halton,None,0.3,continuation,2028,248.9,159.5,89.4,137.9,11.0
E06000006,Halton,None,0.3,continuation,2029,260.4,170.9,89.5,153.9,12.3
E06000006,Halton,None,0.3,continuation,2030,272.3,183.1,89.2,171.7,13.7
E06000006,Halton,None,0.3,asd_semh_accel,2024,208.0,121.0,87.0,89.0,7.1
E06000006,Halton,None,0.3,asd_semh_accel,2025,220.0,129.6,90.4,100.4,8.0
E06000006,Halton,None,0.3,asd_semh_accel,2026,232.7,138.9,93.8,113.2,9.1
E06000006,Halton,None,0.3,asd_semh_accel,2027,246.1,148.8,97.3,127.7,10.2
E06000006,Halton,None,0.3,asd_semh_accel,2028,260.4,159.5,100.9,144.1,11.5
E06000006,Halton,None,0.3,asd_semh_accel,2029,275.4,170.9,104.5,162.5,13.0
E06000006,Halton,None,0.3,asd_semh_accel,2030,291.3,183.1,108.2,183.3,14.7
E06000006,Halton,None,0.3,cost_inflation,2024,208.0,121.0,87.0,89.0,7.1
E06000006,Halton,None,0.3,cost_inflation,2025,217.6,129.6,87.9,99.3,8.7
E06000006,Halton,None,0.3,cost_inflation,2026,227.5,138.9,88.6,110.8,10.7
E06000006,Halton,None,0.3,cost_inflation,2027,238.0,148.8,89.1,123.6,13.2
E06000006,Halton,None,0.3,cost_inflation,2028,248.9,159.5,89.4,137.9,16.2
E06000006,Halton,None,0.3,cost_inflation,2029,260.4,170.9,89.5,153.9,19.8
E06000006,Halton,None,0.3,cost_inflation,2030,272.3,183.1,89.2,171.7,24.3
E06000006,Halton,None,0.3,capacity_improvement,2024,208.0,121.0,87.0,89.0,7.1
E06000006,Halton,None,0.3,capacity_improvement,2025,217.6,137.4,80.1,98.8,7.9
E06000006,Halton,None,0.3,capacity_improvement,2026,227.5,147.9,79.6,109.6,8.8
E06000006,Halton,None,0.3,capacity_improvement,2027,238.0,154.7,83.3,121.6,9.7
E06000006,Halton,None,0.3,capacity_improvement,2028,248.9,161.8,87.1,134.9,10.8
E06000006,Halton,None,0.3,capacity_improvement,2029,260.4,169.2,91.1,149.7,12.0
E06000006,Halton,None,0.3,capacity_improvement,2030,272.3,177.0,95.3,166.1,13.3
E06000006,Halton,None,0.3,flat_throughput,2024,208.0,121.0,87.0,89.0,7.1
E06000006,Halton,None,0.3,flat_throughput,2025,217.6,121.0,96.6,99.3,7.9
E06000006,Halton,None,0.3,flat_throughput,2026,227.5,121.0,106.5,110.8,8.9
E06000006,Halton,None,0.3,flat_throughput,2027,238.0,121.0,117.0,123.6,9.9
E06000006,Halton,None,0.3,flat_throughput,2028,248.9,121.0,127.9,137.9,11.0
E06000006,Halton,None,0.3,flat_throughput,2029,260.4,121.0,139.4,153.9,12.3
E06000006,Halton,None,0.3,flat_throughput,2030,272.3,121.0,151.3,171.7,13.7
E09000013,Hammersmith and Fulham,None,0.5,continuation,2024,172.0,146.0,26.0,110.0,8.8
E09000013,Hammersmith and Fulham,None,0.5,continuation,2025,180.1,161.3,18.8,124.0,9.9
E09000013,Hammersmith and Fulham,None,0.5,continuation,2026,188.6,178.2,10.4,139.8,11.2
E09000013,Hammersmith and Fulham,None,0.5,continuation,2027,197.4,196.9,0.6,157.7,12.6
E09000013,Hammersmith and Fulham,None,0.5,continuation,2028,206.7,206.7,0.0,177.8,14.2
E09000013,Hammersmith and Fulham,None,0.5,continuation,2029,216.5,216.5,0.0,200.4,16.0
E09000013,Hammersmith and Fulham,None,0.5,continuation,2030,226.6,226.6,0.0,226.0,18.1
E09000013,Hammersmith and Fulham,None,0.5,asd_semh_accel,2024,172.0,146.0,26.0,110.0,8.8
E09000013,Hammersmith and Fulham,None,0.5,asd_semh_accel,2025,182.2,161.3,20.9,125.5,10.0
E09000013,Hammersmith and Fulham,None,0.5,asd_semh_accel,2026,193.0,178.2,14.8,143.2,11.5
E09000013,Hammersmith and Fulham,None,0.5,asd_semh_accel,2027,204.4,196.9,7.5,163.4,13.1
E09000013,Hammersmith and Fulham,None,0.5,asd_semh_accel,2028,216.5,216.5,0.0,186.5,14.9
E09000013,Hammersmith and Fulham,None,0.5,asd_semh_accel,2029,229.3,229.3,0.0,212.8,17.0
E09000013,Hammersmith and Fulham,None,0.5,asd_semh_accel,2030,242.8,242.8,0.0,242.9,19.4
E09000013,Hammersmith and Fulham,None,0.5,cost_inflation,2024,172.0,146.0,26.0,110.0,8.8
E09000013,Hammersmith and Fulham,None,0.5,cost_inflation,2025,180.1,161.3,18.8,124.0,10.9
E09000013,Hammersmith and Fulham,None,0.5,cost_inflation,2026,188.6,178.2,10.4,139.8,13.5
E09000013,Hammersmith and Fulham,None,0.5,cost_inflation,2027,197.4,196.9,0.6,157.7,16.8
E09000013,Hammersmith and Fulham,None,0.5,cost_inflation,2028,206.7,206.7,0.0,177.8,20.8
E09000013,Hammersmith and Fulham,None,0.5,cost_inflation,2029,216.5,216.5,0.0,200.4,25.8
E09000013,Hammersmith and Fulham,None,0.5,cost_inflation,2030,226.6,226.6,0.0,226.0,32.0
E09000013,Hammersmith and Fulham,None,0.5,capacity_improvement,2024,172.0,111.8,60.2,110.0,8.8
E09000013,Hammersmith and Fulham,None,0.5,capacity_improvement,2025,180.1,117.1,63.0,123.3,9.9
E09000013,Hammersmith and Fulham,None,0.5,capacity_improvement,2026,188.6,122.6,66.0,138.2,11.1
E09000013,Hammersmith and Fulham,None,0.5,capacity_improvement,2027,197.4,128.3,69.1,154.9,12.4
E09000013,Hammersmith and Fulham,None,0.5,capacity_improvement,2028,206.7,134.4,72.4,173.6,13.9
E09000013,Hammersmith and Fulham,None,0.5,capacity_improvement,2029,216.5,140.7,75.8,194.5,15.6
E09000013,Hammersmith and Fulham,None,0.5,capacity_improvement,2030,226.6,147.3,79.3,218.0,17.4
E09000013,Hammersmith and Fulham,None,0.5,flat_throughput,2024,172.0,146.0,26.0,110.0,8.8
E09000013,Hammersmith and Fulham,None,0.5,flat_throughput,2025,180.1,146.0,34.1,124.0,9.9
E09000013,Hammersmith and Fulham,None,0.5,flat_throughput,2026,188.6,146.0,42.6,139.8,11.2
E09000013,Hammersmith and Fulham,None,0.5,flat_throughput,2027,197.4,146.0,51.4,157.7,12.6
E09000013,Hammersmith and Fulham,None,0.5,flat_throughput,2028,206.7,146.0,60.7,177.8,14.2
E09000013,Hammersmith and Fulham,None,0.5,flat_throughput,2029,216.5,146.0,70.5,200.4,16.0
E09000013,Hammersmith and Fulham,None,0.5,flat_throughput,2030,226.6,146.0,80.6,226.0,18.1
E10000014,Hampshire,None,1.0,continuation,2024,2340.0,959.0,1381.0,959.0,76.7
E10000014,Hampshire,None,1.0,continuation,2025,2638.3,1059.9,1578.5,1081.3,86.5
E10000014,Hampshire,None,1.0,continuation,2026,2974.7,1171.3,1803.4,1219.1,97.5
E10000014,Hampshire,None,1.0,continuation,2027,3354.0,1294.5,2059.5,1374.6,110.0
E10000014,Hampshire,None,1.0,continuation,2028,3781.6,1430.7,2351.0,1549.8,124.0
E10000014,Hampshire,None,1.0,continuation,2029,4263.8,1581.1,2682.6,1747.4,139.8
E10000014,Hampshire,None,1.0,continuation,2030,4807.4,1747.4,3060.0,1970.2,157.6
E10000014,Hampshire,None,1.0,asd_semh_accel,2024,2340.0,959.0,1381.0,959.0,76.7
E10000014,Hampshire,None,1.0,asd_semh_accel,2025,2718.7,1059.9,1658.8,1094.3,87.5
E10000014,Hampshire,None,1.0,asd_semh_accel,2026,3158.7,1171.3,1987.3,1248.7,99.9
E10000014,Hampshire,None,1.0,asd_semh_accel,2027,3669.9,1294.5,2375.3,1424.9,114.0
E10000014,Hampshire,None,1.0,asd_semh_accel,2028,4263.8,1430.7,2833.1,1626.0,130.1
E10000014,Hampshire,None,1.0,asd_semh_accel,2029,4953.8,1581.1,3372.7,1855.5,148.4
E10000014,Hampshire,None,1.0,asd_semh_accel,2030,5755.5,1747.4,4008.1,2117.3,169.4
E10000014,Hampshire,None,1.0,cost_inflation,2024,2340.0,959.0,1381.0,959.0,76.7
E10000014,Hampshire,None,1.0,cost_inflation,2025,2638.3,1059.9,1578.5,1081.3,95.2
E10000014,Hampshire,None,1.0,cost_inflation,2026,2974.7,1171.3,1803.4,1219.1,118.0
E10000014,Hampshire,None,1.0,cost_inflation,2027,3354.0,1294.5,2059.5,1374.6,146.4
E10000014,Hampshire,None,1.0,cost_inflation,2028,3781.6,1430.7,2351.0,1549.8,181.5
E10000014,Hampshire,None,1.0,cost_inflation,2029,4263.8,1581.1,2682.6,1747.4,225.1
E10000014,Hampshire,None,1.0,cost_inflation,2030,4807.4,1747.4,3060.0,1970.2,279.2
E10000014,Hampshire,None,1.0,capacity_improvement,2024,2340.0,959.0,1381.0,959.0,76.7
E10000014,Hampshire,None,1.0,capacity_improvement,2025,2638.3,1213.2,1425.2,1074.8,86.0
E10000014,Hampshire,None,1.0,capacity_improvement,2026,2974.7,1516.6,1458.1,1204.6,96.4
E10000014,Hampshire,None,1.0,capacity_improvement,2027,3354.0,1877.7,1476.3,1350.0,108.0
E10000014,Hampshire,None,1.0,capacity_improvement,2028,3781.6,2306.1,1475.5,1513.1,121.0
E10000014,Hampshire,None,1.0,capacity_improvement,2029,4263.8,2771.4,1492.3,1695.8,135.7
E10000014,Hampshire,None,1.0,capacity_improvement,2030,4807.4,3124.8,1682.6,1900.5,152.0
E10000014,Hampshire,None,1.0,flat_throughput,2024,2340.0,959.0,1381.0,959.0,76.7
E10000014,Hampshire,None,1.0,flat_throughput,2025,2638.3,959.0,1679.3,1081.3,86.5
E10000014,Hampshire,None,1.0,flat_throughput,2026,2974.7,959.0,2015.7,1219.1,97.5
E10000014,Hampshire,None,1.0,flat_throughput,2027,3354.0,959.0,2395.0,1374.6,110.0
E10000014,Hampshire,None,1.0,flat_throughput,2028,3781.6,959.0,2822.6,1549.8,124.0
E10000014,Hampshire,None,1.0,flat_throughput,2029,4263.8,959.0,3304.8,1747.4,139.8
E10000014,Hampshire,None,1.0,flat_throughput,2030,4807.4,959.0,3848.4,1970.2,157.6
E09000014,Haringey,None,0.6,continuation,2024,219.0,181.0,38.0,91.0,7.3
E09000014,Haringey,None,0.6,continuation,2025,208.3,178.3,30.0,90.5,7.2
E09000014,Haringey,None,0.6,continuation,2026,198.2,175.6,22.6,90.0,7.2
E09000014,Haringey,None,0.6,continuation,2027,188.5,172.9,15.6,89.5,7.2
E09000014,Haringey,None,0.6,continuation,2028,179.3,170.3,9.0,89.0,7.1
E09000014,Haringey,None,0.6,continuation,2029,170.6,167.8,2.8,88.6,7.1
E09000014,Haringey,None,0.6,continuation,2030,162.2,162.2,0.0,88.1,7.0
E09000014,Haringey,None,0.6,asd_semh_accel,2024,219.0,181.0,38.0,91.0,7.3
E09000014,Haringey,None,0.6,asd_semh_accel,2025,205.7,178.3,27.5,90.5,7.2
E09000014,Haringey,None,0.6,asd_semh_accel,2026,193.3,175.6,17.7,89.9,7.2
E09000014,Haringey,None,0.6,asd_semh_accel,2027,181.6,172.9,8.6,89.4,7.2
E09000014,Haringey,None,0.6,asd_semh_accel,2028,170.6,170.3,0.2,88.9,7.1
E09000014,Haringey,None,0.6,asd_semh_accel,2029,160.2,160.2,0.0,88.3,7.1
E09000014,Haringey,None,0.6,asd_semh_accel,2030,150.5,150.5,0.0,87.8,7.0
E09000014,Haringey,None,0.6,cost_inflation,2024,219.0,181.0,38.0,91.0,7.3
E09000014,Haringey,None,0.6,cost_inflation,2025,208.3,178.3,30.0,90.5,8.0
E09000014,Haringey,None,0.6,cost_inflation,2026,198.2,175.6,22.6,90.0,8.7
E09000014,Haringey,None,0.6,cost_inflation,2027,188.5,172.9,15.6,89.5,9.5
E09000014,Haringey,None,0.6,cost_inflation,2028,179.3,170.3,9.0,89.0,10.4
E09000014,Haringey,None,0.6,cost_inflation,2029,170.6,167.8,2.8,88.6,11.4
E09000014,Haringey,None,0.6,cost_inflation,2030,162.2,162.2,0.0,88.1,12.5
E09000014,Haringey,None,0.6,capacity_improvement,2024,219.0,142.3,76.7,91.0,7.3
E09000014,Haringey,None,0.6,capacity_improvement,2025,208.3,135.4,72.9,90.5,7.2
E09000014,Haringey,None,0.6,capacity_improvement,2026,198.2,128.8,69.4,90.1,7.2
E09000014,Haringey,None,0.6,capacity_improvement,2027,188.5,122.5,66.0,89.6,7.2
E09000014,Haringey,None,0.6,capacity_improvement,2028,179.3,116.5,62.8,89.1,7.1
E09000014,Haringey,None,0.6,capacity_improvement,2029,170.6,110.9,59.7,88.7,7.1
E09000014,Haringey,None,0.6,capacity_improvement,2030,162.2,105.5,56.8,88.2,7.1
E09000014,Haringey,None,0.6,flat_throughput,2024,219.0,181.0,38.0,91.0,7.3
E09000014,Haringey,None,0.6,flat_throughput,2025,208.3,181.0,27.3,90.5,7.2
E09000014,Haringey,None,0.6,flat_throughput,2026,198.2,181.0,17.2,90.0,7.2
E09000014,Haringey,None,0.6,flat_throughput,2027,188.5,181.0,7.5,89.5,7.2
E09000014,Haringey,None,0.6,flat_throughput,2028,179.3,181.0,0.0,89.0,7.1
E09000014,Haringey,None,0.6,flat_throughput,2029,170.6,181.0,0.0,88.6,7.1
E09000014,Haringey,None,0.6,flat_throughput,2030,162.2,181.0,0.0,88.1,7.0
E09000015,Harrow,None,0.6,continuation,2024,468.0,184.0,284.0,173.0,13.8
E09000015,Harrow,None,0.6,continuation,2025,527.7,202.7,325.0,195.1,15.6
E09000015,Harrow,None,0.6,continuation,2026,594.9,223.3,371.6,219.9,17.6
E09000015,Harrow,None,0.6,continuation,2027,670.8,246.0,424.8,248.0,19.8
E09000015,Harrow,None,0.6,continuation,2028,756.3,271.0,485.3,279.6,22.4
E09000015,Harrow,None,0.6,continuation,2029,852.8,298.6,554.1,315.2,25.2
E09000015,Harrow,None,0.6,continuation,2030,961.5,329.0,632.5,355.4,28.4
E09000015,Harrow,None,0.6,asd_semh_accel,2024,468.0,184.0,284.0,173.0,13.8
E09000015,Harrow,None,0.6,asd_semh_accel,2025,543.7,202.7,341.0,197.4,15.8
E09000015,Harrow,None,0.6,asd_semh_accel,2026,631.7,223.3,408.4,225.3,18.0
E09000015,Harrow,None,0.6,asd_semh_accel,2027,734.0,246.0,487.9,257.1,20.6
E09000015,Harrow,None,0.6,asd_semh_accel,2028,852.8,271.0,581.7,293.3,23.5
E09000015,Harrow,None,0.6,asd_semh_accel,2029,990.8,298.6,692.2,334.7,26.8
E09000015,Harrow,None,0.6,asd_semh_accel,2030,1151.1,329.0,822.1,382.0,30.6
E09000015,Harrow,None,0.6,cost_inflation,2024,468.0,184.0,284.0,173.0,13.8
E09000015,Harrow,None,0.6,cost_inflation,2025,527.7,202.7,325.0,195.1,17.2
E09000015,Harrow,None,0.6,cost_inflation,2026,594.9,223.3,371.6,219.9,21.3
E09000015,Harrow,None,0.6,cost_inflation,2027,670.8,246.0,424.8,248.0,26.4
E09000015,Harrow,None,0.6,cost_inflation,2028,756.3,271.0,485.3,279.6,32.7
E09000015,Harrow,None,0.6,cost_inflation,2029,852.8,298.6,554.1,315.2,40.6
E09000015,Harrow,None,0.6,cost_inflation,2030,961.5,329.0,632.5,355.4,50.4
E09000015,Harrow,None,0.6,capacity_improvement,2024,468.0,184.0,284.0,173.0,13.8
E09000015,Harrow,None,0.6,capacity_improvement,2025,527.7,233.8,293.8,193.9,15.5
E09000015,Harrow,None,0.6,capacity_improvement,2026,594.9,293.4,301.5,217.3,17.4
E09000015,Harrow,None,0.6,capacity_improvement,2027,670.8,364.4,306.4,243.5,19.5
E09000015,Harrow,None,0.6,capacity_improvement,2028,756.3,448.6,307.7,273.0,21.8
E09000015,Harrow,None,0.6,capacity_improvement,2029,852.8,548.5,304.3,305.9,24.5
E09000015,Harrow,None,0.6,capacity_improvement,2030,961.5,625.0,336.5,342.8,27.4
E09000015,Harrow,None,0.6,flat_throughput,2024,468.0,184.0,284.0,173.0,13.8
E09000015,Harrow,None,0.6,flat_throughput,2025,527.7,184.0,343.7,195.1,15.6
E09000015,Harrow,None,0.6,flat_throughput,2026,594.9,184.0,410.9,219.9,17.6
E09000015,Harrow,None,0.6,flat_throughput,2027,670.8,184.0,486.8,248.0,19.8
E09000015,Harrow,None,0.6,flat_throughput,2028,756.3,184.0,572.3,279.6,22.4
E09000015,Harrow,None,0.6,flat_throughput,2029,852.8,184.0,668.8,315.2,25.2
E09000015,Harrow,None,0.6,flat_throughput,2030,961.5,184.0,777.5,355.4,28.4
E06000001,Hartlepool,None,0.5,continuation,2024,122.0,91.0,31.0,60.0,4.8
E06000001,Hartlepool,None,0.5,continuation,2025,125.9,100.6,25.4,66.4,5.3
E06000001,Hartlepool,None,0.5,continuation,2026,130.0,111.1,18.9,73.5,5.9
E06000001,Hartlepool,None,0.5,continuation,2027,134.2,122.8,11.4,81.4,6.5
E06000001,Hartlepool,None,0.5,continuation,2028,138.5,135.8,2.8,90.1,7.2
E06000001,Hartlepool,None,0.5,continuation,2029,143.0,143.0,0.0,99.7,8.0
E06000001,Hartlepool,None,0.5,continuation,2030,147.6,147.6,0.0,110.4,8.8
E06000001,Hartlepool,None,0.5,asd_semh_accel,2024,122.0,91.0,31.0,60.0,4.8
E06000001,Hartlepool,None,0.5,asd_semh_accel,2025,126.9,100.6,26.4,67.1,5.4
E06000001,Hartlepool,None,0.5,asd_semh_accel,2026,132.1,111.1,20.9,75.0,6.0
E06000001,Hartlepool,None,0.5,asd_semh_accel,2027,137.4,122.8,14.6,83.9,6.7
E06000001,Hartlepool,None,0.5,asd_semh_accel,2028,143.0,135.8,7.3,93.8,7.5
E06000001,Hartlepool,None,0.5,asd_semh_accel,2029,148.8,148.8,0.0,104.9,8.4
E06000001,Hartlepool,None,0.5,asd_semh_accel,2030,154.8,154.8,0.0,117.3,9.4
E06000001,Hartlepool,None,0.5,cost_inflation,2024,122.0,91.0,31.0,60.0,4.8
E06000001,Hartlepool,None,0.5,cost_inflation,2025,125.9,100.6,25.4,66.4,5.8
E06000001,Hartlepool,None,0.5,cost_inflation,2026,130.0,111.1,18.9,73.5,7.1
E06000001,Hartlepool,None,0.5,cost_inflation,2027,134.2,122.8,11.4,81.4,8.7
E06000001,Hartlepool,None,0.5,cost_inflation,2028,138.5,135.8,2.8,90.1,10.6
E06000001,Hartlepool,None,0.5,cost_inflation,2029,143.0,143.0,0.0,99.7,12.8
E06000001,Hartlepool,None,0.5,cost_inflation,2030,147.6,147.6,0.0,110.4,15.6
E06000001,Hartlepool,None,0.5,capacity_improvement,2024,122.0,79.3,42.7,60.0,4.8
E06000001,Hartlepool,None,0.5,capacity_improvement,2025,125.9,81.9,44.1,66.1,5.3
E06000001,Hartlepool,None,0.5,capacity_improvement,2026,130.0,84.5,45.5,72.8,5.8
E06000001,Hartlepool,None,0.5,capacity_improvement,2027,134.2,87.2,47.0,80.1,6.4
E06000001,Hartlepool,None,0.5,capacity_improvement,2028,138.5,90.1,48.5,88.3,7.1
E06000001,Hartlepool,None,0.5,capacity_improvement,2029,143.0,93.0,50.1,97.2,7.8
E06000001,Hartlepool,None,0.5,capacity_improvement,2030,147.6,96.0,51.7,107.1,8.6
E06000001,Hartlepool,None,0.5,flat_throughput,2024,122.0,91.0,31.0,60.0,4.8
E06000001,Hartlepool,None,0.5,flat_throughput,2025,125.9,91.0,34.9,66.4,5.3
E06000001,Hartlepool,None,0.5,flat_throughput,2026,130.0,91.0,39.0,73.5,5.9
E06000001,Hartlepool,None,0.5,flat_throughput,2027,134.2,91.0,43.2,81.4,6.5
E06000001,Hartlepool,None,0.5,flat_throughput,2028,138.5,91.0,47.5,90.1,7.2
E06000001,Hartlepool,None,0.5,flat_throughput,2029,143.0,91.0,52.0,99.7,8.0
E06000001,Hartlepool,None,0.5,flat_throughput,2030,147.6,91.0,56.6,110.4,8.8
E09000016,Havering,None,0.5,continuation,2024,439.0,129.0,310.0,56.0,4.5
E09000016,Havering,None,0.5,continuation,2025,495.0,142.6,352.4,59.8,4.8
E09000016,Havering,None,0.5,continuation,2026,558.1,157.6,400.5,63.9,5.1
E09000016,Havering,None,0.5,continuation,2027,629.2,174.1,455.1,68.3,5.5
E09000016,Havering,None,0.5,continuation,2028,709.5,192.4,517.0,72.9,5.8
E09000016,Havering,None,0.5,continuation,2029,799.9,212.7,587.2,77.9,6.2
E09000016,Havering,None,0.5,continuation,2030,901.9,235.1,666.8,83.2,6.7
E09000016,Havering,None,0.5,asd_semh_accel,2024,439.0,129.0,310.0,56.0,4.5
E09000016,Havering,None,0.5,asd_semh_accel,2025,510.0,142.6,367.5,60.2,4.8
E09000016,Havering,None,0.5,asd_semh_accel,2026,592.6,157.6,435.0,64.8,5.2
E09000016,Havering,None,0.5,asd_semh_accel,2027,688.5,174.1,514.4,69.6,5.6
E09000016,Havering,None,0.5,asd_semh_accel,2028,799.9,192.4,607.5,74.9,6.0
E09000016,Havering,None,0.5,asd_semh_accel,2029,929.4,212.7,716.7,80.5,6.4
E09000016,Havering,None,0.5,asd_semh_accel,2030,1079.8,235.1,844.7,86.6,6.9
E09000016,Havering,None,0.5,cost_inflation,2024,439.0,129.0,310.0,56.0,4.5
E09000016,Havering,None,0.5,cost_inflation,2025,495.0,142.6,352.4,59.8,5.3
E09000016,Havering,None,0.5,cost_inflation,2026,558.1,157.6,400.5,63.9,6.2
E09000016,Havering,None,0.5,cost_inflation,2027,629.2,174.1,455.1,68.3,7.3
E09000016,Havering,None,0.5,cost_inflation,2028,709.5,192.4,517.0,72.9,8.5
E09000016,Havering,None,0.5,cost_inflation,2029,799.9,212.7,587.2,77.9,10.0
E09000016,Havering,None,0.5,cost_inflation,2030,901.9,235.1,666.8,83.2,11.8
E09000016,Havering,None,0.5,capacity_improvement,2024,439.0,129.0,310.0,56.0,4.5
E09000016,Havering,None,0.5,capacity_improvement,2025,495.0,170.2,324.8,59.6,4.8
E09000016,Havering,None,0.5,capacity_improvement,2026,558.1,219.8,338.3,63.5,5.1
E09000016,Havering,None,0.5,capacity_improvement,2027,629.2,279.3,349.9,67.6,5.4
E09000016,Havering,None,0.5,capacity_improvement,2028,709.5,350.4,359.1,72.0,5.8
E09000016,Havering,None,0.5,capacity_improvement,2029,799.9,435.0,364.9,76.6,6.1
E09000016,Havering,None,0.5,capacity_improvement,2030,901.9,535.6,366.3,81.6,6.5
E09000016,Havering,None,0.5,flat_throughput,2024,439.0,129.0,310.0,56.0,4.5
E09000016,Havering,None,0.5,flat_throughput,2025,495.0,129.0,366.0,59.8,4.8
E09000016,Havering,None,0.5,flat_throughput,2026,558.1,129.0,429.1,63.9,5.1
E09000016,Havering,None,0.5,flat_throughput,2027,629.2,129.0,500.2,68.3,5.5
E09000016,Havering,None,0.5,flat_throughput,2028,709.5,129.0,580.5,72.9,5.8
E09000016,Havering,None,0.5,flat_throughput,2029,799.9,129.0,670.9,77.9,6.2
E09000016,Havering,None,0.5,flat_throughput,2030,901.9,129.0,772.9,83.2,6.7
E06000019,"Herefordshire, County of",None,0.0,continuation,2024,334.0,225.0,109.0,47.0,3.8
E06000019,"Herefordshire, County of",None,0.0,continuation,2025,376.6,248.7,127.9,53.0,4.2
E06000019,"Herefordshire, County of",None,0.0,continuation,2026,424.6,274.8,149.8,59.7,4.8
E06000019,"Herefordshire, County of",None,0.0,continuation,2027,478.7,303.7,175.0,67.4,5.4
E06000019,"Herefordshire, County of",None,0.0,continuation,2028,539.8,335.7,204.1,76.0,6.1
E06000019,"Herefordshire, County of",None,0.0,continuation,2029,608.6,371.0,237.6,85.6,6.9
E06000019,"Herefordshire, County of",None,0.0,continuation,2030,686.2,410.0,276.2,96.6,7.7
E06000019,"Herefordshire, County of",None,0.0,asd_semh_accel,2024,334.0,225.0,109.0,47.0,3.8
E06000019,"Herefordshire, County of",None,0.0,asd_semh_accel,2025,388.1,248.7,139.4,53.6,4.3
E06000019,"Herefordshire, County of",None,0.0,asd_semh_accel,2026,450.9,274.8,176.0,61.2,4.9
E06000019,"Herefordshire, County of",None,0.0,asd_semh_accel,2027,523.8,303.7,220.1,69.8,5.6
E06000019,"Herefordshire, County of",None,0.0,asd_semh_accel,2028,608.6,335.7,272.9,79.7,6.4
E06000019,"Herefordshire, County of",None,0.0,asd_semh_accel,2029,707.1,371.0,336.1,90.9,7.3
E06000019,"Herefordshire, County of",None,0.0,asd_semh_accel,2030,821.5,410.0,411.5,103.8,8.3
E06000019,"Herefordshire, County of",None,0.0,cost_inflation,2024,334.0,225.0,109.0,47.0,3.8
E06000019,"Herefordshire, County of",None,0.0,cost_inflation,2025,376.6,248.7,127.9,53.0,4.7
E06000019,"Herefordshire, County of",None,0.0,cost_inflation,2026,424.6,274.8,149.8,59.7,5.8
E06000019,"Herefordshire, County of",None,0.0,cost_inflation,2027,478.7,303.7,175.0,67.4,7.2
E06000019,"Herefordshire, County of",None,0.0,cost_inflation,2028,539.8,335.7,204.1,76.0,8.9
E06000019,"Herefordshire, County of",None,0.0,cost_inflation,2029,608.6,371.0,237.6,85.6,11.0
E06000019,"Herefordshire, County of",None,0.0,cost_inflation,2030,686.2,410.0,276.2,96.6,13.7
E06000019,"Herefordshire, County of",None,0.0,capacity_improvement,2024,334.0,217.1,116.9,47.0,3.8
E06000019,"Herefordshire, County of",None,0.0,capacity_improvement,2025,376.6,244.8,131.8,52.7,4.2
E06000019,"Herefordshire, County of",None,0.0,capacity_improvement,2026,424.6,276.0,148.6,59.0,4.7
E06000019,"Herefordshire, County of",None,0.0,capacity_improvement,2027,478.7,311.2,167.6,66.2,5.3
E06000019,"Herefordshire, County of",None,0.0,capacity_improvement,2028,539.8,350.8,188.9,74.2,5.9
E06000019,"Herefordshire, County of",None,0.0,capacity_improvement,2029,608.6,395.6,213.0,83.1,6.6
E06000019,"Herefordshire, County of",None,0.0,capacity_improvement,2030,686.2,446.0,240.2,93.1,7.5
E06000019,"Herefordshire, County of",None,0.0,flat_throughput,2024,334.0,225.0,109.0,47.0,3.8
E06000019,"Herefordshire, County of",None,0.0,flat_throughput,2025,376.6,225.0,151.6,53.0,4.2
E06000019,"Herefordshire, County of",None,0.0,flat_throughput,2026,424.6,225.0,199.6,59.7,4.8
E06000019,"Herefordshire, County of",None,0.0,flat_throughput,2027,478.7,225.0,253.7,67.4,5.4
E06000019,"Herefordshire, County of",None,0.0,flat_throughput,2028,539.8,225.0,314.8,76.0,6.1
E06000019,"Herefordshire, County of",None,0.0,flat_throughput,2029,608.6,225.0,383.6,85.6,6.9
E06000019,"Herefordshire, County of",None,0.0,flat_throughput,2030,686.2,225.0,461.2,96.6,7.7
E10000015,Hertfordshire,None,0.4,continuation,2024,1781.0,984.0,797.0,236.0,18.9
E10000015,Hertfordshire,None,0.4,continuation,2025,1928.1,921.8,1006.3,266.1,21.3
E10000015,Hertfordshire,None,0.4,continuation,2026,2087.4,863.5,1223.9,300.0,24.0
E10000015,Hertfordshire,None,0.4,continuation,2027,2259.8,809.0,1450.9,338.3,27.1
E10000015,Hertfordshire,None,0.4,continuation,2028,2446.5,757.8,1688.7,381.4,30.5
E10000015,Hertfordshire,None,0.4,continuation,2029,2648.6,709.9,1938.7,430.0,34.4
E10000015,Hertfordshire,None,0.4,continuation,2030,2867.4,665.1,2202.3,484.8,38.8
E10000015,Hertfordshire,None,0.4,asd_semh_accel,2024,1781.0,984.0,797.0,236.0,18.9
E10000015,Hertfordshire,None,0.4,asd_semh_accel,2025,1966.8,921.8,1045.0,269.3,21.5
E10000015,Hertfordshire,None,0.4,asd_semh_accel,2026,2171.9,863.5,1308.4,307.3,24.6
E10000015,Hertfordshire,None,0.4,asd_semh_accel,2027,2398.4,809.0,1589.5,350.7,28.1
E10000015,Hertfordshire,None,0.4,asd_semh_accel,2028,2648.6,757.8,1890.8,400.1,32.0
E10000015,Hertfordshire,None,0.4,asd_semh_accel,2029,2924.8,709.9,2214.9,456.6,36.5
E10000015,Hertfordshire,None,0.4,asd_semh_accel,2030,3229.9,665.1,2564.8,521.0,41.7
E10000015,Hertfordshire,None,0.4,cost_inflation,2024,1781.0,984.0,797.0,236.0,18.9
E10000015,Hertfordshire,None,0.4,cost_inflation,2025,1928.1,921.8,1006.3,266.1,23.4
E10000015,Hertfordshire,None,0.4,cost_inflation,2026,2087.4,863.5,1223.9,300.0,29.0
E10000015,Hertfordshire,None,0.4,cost_inflation,2027,2259.8,809.0,1450.9,338.3,36.0
E10000015,Hertfordshire,None,0.4,cost_inflation,2028,2446.5,757.8,1688.7,381.4,44.7
E10000015,Hertfordshire,None,0.4,cost_inflation,2029,2648.6,709.9,1938.7,430.0,55.4
E10000015,Hertfordshire,None,0.4,cost_inflation,2030,2867.4,665.1,2202.3,484.8,68.7
E10000015,Hertfordshire,None,0.4,capacity_improvement,2024,1781.0,984.0,797.0,236.0,18.9
E10000015,Hertfordshire,None,0.4,capacity_improvement,2025,1928.1,1161.7,766.4,264.5,21.2
E10000015,Hertfordshire,None,0.4,capacity_improvement,2026,2087.4,1356.8,730.6,296.4,23.7
E10000015,Hertfordshire,None,0.4,capacity_improvement,2027,2259.8,1468.9,790.9,332.2,26.6
E10000015,Hertfordshire,None,0.4,capacity_improvement,2028,2446.5,1590.2,856.3,372.3,29.8
E10000015,Hertfordshire,None,0.4,capacity_improvement,2029,2648.6,1721.6,927.0,417.3,33.4
E10000015,Hertfordshire,None,0.4,capacity_improvement,2030,2867.4,1863.8,1003.6,467.7,37.4
E10000015,Hertfordshire,None,0.4,flat_throughput,2024,1781.0,984.0,797.0,236.0,18.9
E10000015,Hertfordshire,None,0.4,flat_throughput,2025,1928.1,984.0,944.1,266.1,21.3
E10000015,Hertfordshire,None,0.4,flat_throughput,2026,2087.4,984.0,1103.4,300.0,24.0
E10000015,Hertfordshire,None,0.4,flat_throughput,2027,2259.8,984.0,1275.8,338.3,27.1
E10000015,Hertfordshire,None,0.4,flat_throughput,2028,2446.5,984.0,1462.5,381.4,30.5
E10000015,Hertfordshire,None,0.4,flat_throughput,2029,2648.6,984.0,1664.6,430.0,34.4
E10000015,Hertfordshire,None,0.4,flat_throughput,2030,2867.4,984.0,1883.4,484.8,38.8
E09000017,Hillingdon,None,0.4,continuation,2024,361.0,322.0,39.0,174.0,13.9
E09000017,Hillingdon,None,0.4,continuation,2025,381.4,355.9,25.5,196.2,15.7
E09000017,Hillingdon,None,0.4,continuation,2026,402.9,393.3,9.6,221.2,17.7
E09000017,Hillingdon,None,0.4,continuation,2027,425.6,425.6,0.0,249.4,20.0
E09000017,Hillingdon,None,0.4,continuation,2028,449.6,449.6,0.0,281.2,22.5
E09000017,Hillingdon,None,0.4,continuation,2029,475.0,475.0,0.0,317.0,25.4
E09000017,Hillingdon,None,0.4,continuation,2030,501.7,501.7,0.0,357.5,28.6
E09000017,Hillingdon,None,0.4,asd_semh_accel,2024,361.0,322.0,39.0,174.0,13.9
E09000017,Hillingdon,None,0.4,asd_semh_accel,2025,386.6,355.9,30.8,198.6,15.9
E09000017,Hillingdon,None,0.4,asd_semh_accel,2026,414.1,393.3,20.8,226.6,18.1
E09000017,Hillingdon,None,0.4,asd_semh_accel,2027,443.5,434.7,8.8,258.5,20.7
E09000017,Hillingdon,None,0.4,asd_semh_accel,2028,475.0,475.0,0.0,295.0,23.6
E09000017,Hillingdon,None,0.4,asd_semh_accel,2029,508.7,508.7,0.0,336.7,26.9
E09000017,Hillingdon,None,0.4,asd_semh_accel,2030,544.8,544.8,0.0,384.2,30.7
E09000017,Hillingdon,None,0.4,cost_inflation,2024,361.0,322.0,39.0,174.0,13.9
E09000017,Hillingdon,None,0.4,cost_inflation,2025,381.4,355.9,25.5,196.2,17.3
E09000017,Hillingdon,None,0.4,cost_inflation,2026,402.9,393.3,9.6,221.2,21.4
E09000017,Hillingdon,None,0.4,cost_inflation,2027,425.6,425.6,0.0,249.4,26.6
E09000017,Hillingdon,None,0.4,cost_inflation,2028,449.6,449.6,0.0,281.2,32.9
E09000017,Hillingdon,None,0.4,cost_inflation,2029,475.0,475.0,0.0,317.0,40.8
E09000017,Hillingdon,None,0.4,cost_inflation,2030,501.7,501.7,0.0,357.5,50.7
E09000017,Hillingdon,None,0.4,capacity_improvement,2024,361.0,234.7,126.3,174.0,13.9
E09000017,Hillingdon,None,0.4,capacity_improvement,2025,381.4,247.9,133.5,195.0,15.6
E09000017,Hillingdon,None,0.4,capacity_improvement,2026,402.9,261.9,141.0,218.6,17.5
E09000017,Hillingdon,None,0.4,capacity_improvement,2027,425.6,276.6,149.0,245.0,19.6
E09000017,Hillingdon,None,0.4,capacity_improvement,2028,449.6,292.2,157.4,274.5,22.0
E09000017,Hillingdon,None,0.4,capacity_improvement,2029,475.0,308.7,166.2,307.7,24.6
E09000017,Hillingdon,None,0.4,capacity_improvement,2030,501.7,326.1,175.6,344.8,27.6
E09000017,Hillingdon,None,0.4,flat_throughput,2024,361.0,322.0,39.0,174.0,13.9
E09000017,Hillingdon,None,0.4,flat_throughput,2025,381.4,322.0,59.4,196.2,15.7
E09000017,Hillingdon,None,0.4,flat_throughput,2026,402.9,322.0,80.9,221.2,17.7
E09000017,Hillingdon,None,0.4,flat_throughput,2027,425.6,322.0,103.6,249.4,20.0
E09000017,Hillingdon,None,0.4,flat_throughput,2028,449.6,322.0,127.6,281.2,22.5
E09000017,Hillingdon,None,0.4,flat_throughput,2029,475.0,322.0,153.0,317.0,25.4
E09000017,Hillingdon,None,0.4,flat_throughput,2030,501.7,322.0,179.7,357.5,28.6
E09000018,Hounslow,None,0.3,continuation,2024,398.0,310.0,88.0,179.0,14.3
E09000018,Hounslow,None,0.3,continuation,2025,407.2,342.6,64.6,191.4,15.3
E09000018,Hounslow,None,0.3,continuation,2026,416.7,378.6,38.0,204.8,16.4
E09000018,Hounslow,None,0.3,continuation,2027,426.3,418.5,7.8,219.0,17.5
E09000018,Hounslow,None,0.3,continuation,2028,436.2,436.2,0.0,234.2,18.7
E09000018,Hounslow,None,0.3,continuation,2029,446.3,446.3,0.0,250.5,20.0
E09000018,Hounslow,None,0.3,continuation,2030,456.6,456.6,0.0,267.9,21.4
E09000018,Hounslow,None,0.3,asd_semh_accel,2024,398.0,310.0,88.0,179.0,14.3
E09000018,Hounslow,None,0.3,asd_semh_accel,2025,409.6,342.6,67.0,192.7,15.4
E09000018,Hounslow,None,0.3,asd_semh_accel,2026,421.5,378.6,42.8,207.5,16.6
E09000018,Hounslow,None,0.3,asd_semh_accel,2027,433.7,418.5,15.2,223.4,17.9
E09000018,Hounslow,None,0.3,asd_semh_accel,2028,446.3,446.3,0.0,240.6,19.2
E09000018,Hounslow,None,0.3,asd_semh_accel,2029,459.2,459.2,0.0,259.1,20.7
E09000018,Hounslow,None,0.3,asd_semh_accel,2030,472.6,472.6,0.0,278.9,22.3
E09000018,Hounslow,None,0.3,cost_inflation,2024,398.0,310.0,88.0,179.0,14.3
E09000018,Hounslow,None,0.3,cost_inflation,2025,407.2,342.6,64.6,191.4,16.8
E09000018,Hounslow,None,0.3,cost_inflation,2026,416.7,378.6,38.0,204.8,19.8
E09000018,Hounslow,None,0.3,cost_inflation,2027,426.3,418.5,7.8,219.0,23.3
E09000018,Hounslow,None,0.3,cost_inflation,2028,436.2,436.2,0.0,234.2,27.4
E09000018,Hounslow,None,0.3,cost_inflation,2029,446.3,446.3,0.0,250.5,32.3
E09000018,Hounslow,None,0.3,cost_inflation,2030,456.6,456.6,0.0,267.9,38.0
E09000018,Hounslow,None,0.3,capacity_improvement,2024,398.0,258.7,139.3,179.0,14.3
E09000018,Hounslow,None,0.3,capacity_improvement,2025,407.2,264.7,142.5,190.8,15.3
E09000018,Hounslow,None,0.3,capacity_improvement,2026,416.7,270.8,145.8,203.4,16.3
E09000018,Hounslow,None,0.3,capacity_improvement,2027,426.3,277.1,149.2,216.8,17.3
E09000018,Hounslow,None,0.3,capacity_improvement,2028,436.2,283.5,152.7,231.1,18.5
E09000018,Hounslow,None,0.3,capacity_improvement,2029,446.3,290.1,156.2,246.3,19.7
E09000018,Hounslow,None,0.3,capacity_improvement,2030,456.6,296.8,159.8,262.6,21.0
E09000018,Hounslow,None,0.3,flat_throughput,2024,398.0,310.0,88.0,179.0,14.3
E09000018,Hounslow,None,0.3,flat_throughput,2025,407.2,310.0,97.2,191.4,15.3
E09000018,Hounslow,None,0.3,flat_throughput,2026,416.7,310.0,106.7,204.8,16.4
E09000018,Hounslow,None,0.3,flat_throughput,2027,426.3,310.0,116.3,219.0,17.5
E09000018,Hounslow,None,0.3,flat_throughput,2028,436.2,310.0,126.2,234.2,18.7
E09000018,Hounslow,None,0.3,flat_throughput,2029,446.3,310.0,136.3,250.5,20.0
E09000018,Hounslow,None,0.3,flat_throughput,2030,456.6,310.0,146.6,267.9,21.4
E06000046,Isle of Wight,None,0.1,continuation,2024,7.0,2.0,5.0,10.0,0.8
E06000046,Isle of Wight,None,0.1,continuation,2025,6.7,1.7,4.9,9.5,0.8
E06000046,Isle of Wight,None,0.1,continuation,2026,6.3,1.5,4.9,9.0,0.7
E06000046,Isle of Wight,None,0.1,continuation,2027,6.0,1.3,4.7,8.6,0.7
E06000046,Isle of Wight,None,0.1,continuation,2028,5.7,1.1,4.6,8.2,0.7
E06000046,Isle of Wight,None,0.1,continuation,2029,5.5,0.9,4.5,7.8,0.6
E06000046,Isle of Wight,None,0.1,continuation,2030,5.2,0.8,4.4,7.4,0.6
E06000046,Isle of Wight,None,0.1,asd_semh_accel,2024,7.0,2.0,5.0,10.0,0.8
E06000046,Isle of Wight,None,0.1,asd_semh_accel,2025,6.6,1.7,4.9,9.5,0.8
E06000046,Isle of Wight,None,0.1,asd_semh_accel,2026,6.2,1.5,4.7,9.0,0.7
E06000046,Isle of Wight,None,0.1,asd_semh_accel,2027,5.8,1.3,4.5,8.5,0.7
E06000046,Isle of Wight,None,0.1,asd_semh_accel,2028,5.5,1.1,4.4,8.0,0.6
E06000046,Isle of Wight,None,0.1,asd_semh_accel,2029,5.1,0.9,4.2,7.6,0.6
E06000046,Isle of Wight,None,0.1,asd_semh_accel,2030,4.8,0.8,4.0,7.2,0.6
E06000046,Isle of Wight,None,0.1,cost_inflation,2024,7.0,2.0,5.0,10.0,0.8
E06000046,Isle of Wight,None,0.1,cost_inflation,2025,6.7,1.7,4.9,9.5,0.8
E06000046,Isle of Wight,None,0.1,cost_inflation,2026,6.3,1.5,4.9,9.0,0.9
E06000046,Isle of Wight,None,0.1,cost_inflation,2027,6.0,1.3,4.7,8.6,0.9
E06000046,Isle of Wight,None,0.1,cost_inflation,2028,5.7,1.1,4.6,8.2,1.0
E06000046,Isle of Wight,None,0.1,cost_inflation,2029,5.5,0.9,4.5,7.8,1.0
E06000046,Isle of Wight,None,0.1,cost_inflation,2030,5.2,0.8,4.4,7.4,1.0
E06000046,Isle of Wight,None,0.1,capacity_improvement,2024,7.0,2.0,5.0,10.0,0.8
E06000046,Isle of Wight,None,0.1,capacity_improvement,2025,6.7,2.2,4.4,9.5,0.8
E06000046,Isle of Wight,None,0.1,capacity_improvement,2026,6.3,2.4,3.9,9.1,0.7
E06000046,Isle of Wight,None,0.1,capacity_improvement,2027,6.0,2.6,3.4,8.7,0.7
E06000046,Isle of Wight,None,0.1,capacity_improvement,2028,5.7,2.8,2.9,8.3,0.7
E06000046,Isle of Wight,None,0.1,capacity_improvement,2029,5.5,2.9,2.5,7.9,0.6
E06000046,Isle of Wight,None,0.1,capacity_improvement,2030,5.2,3.0,2.1,7.5,0.6
E06000046,Isle of Wight,None,0.1,flat_throughput,2024,7.0,2.0,5.0,10.0,0.8
E06000046,Isle of Wight,None,0.1,flat_throughput,2025,6.7,2.0,4.7,9.5,0.8
E06000046,Isle of Wight,None,0.1,flat_throughput,2026,6.3,2.0,4.3,9.0,0.7
E06000046,Isle of Wight,None,0.1,flat_throughput,2027,6.0,2.0,4.0,8.6,0.7
E06000046,Isle of Wight,None,0.1,flat_throughput,2028,5.7,2.0,3.7,8.2,0.7
E06000046,Isle of Wight,None,0.1,flat_throughput,2029,5.5,2.0,3.5,7.8,0.6
E06000046,Isle of Wight,None,0.1,flat_throughput,2030,5.2,2.0,3.2,7.4,0.6
E06000053,Isles of Scilly,None,,continuation,2024,1.0,1.0,0.0,0.0,0.0
E06000053,Isles of Scilly,None,,continuation,2025,1.1,0.9,0.1,0.0,0.0
E06000053,Isles of Scilly,None,,continuation,2026,1.1,0.9,0.2,0.0,0.0
E06000053,Isles of Scilly,None,,continuation,2027,1.2,0.9,0.4,0.0,0.0
E06000053,Isles of Scilly,None,,continuation,2028,1.3,0.8,0.5,0.0,0.0
E06000053,Isles of Scilly,None,,continuation,2029,1.4,0.8,0.6,0.0,0.0
E06000053,Isles of Scilly,None,,continuation,2030,1.5,0.7,0.8,0.0,0.0
E06000053,Isles of Scilly,None,,asd_semh_accel,2024,1.0,1.0,0.0,0.0,0.0
E06000053,Isles of Scilly,None,,asd_semh_accel,2025,1.1,0.9,0.1,0.0,0.0
E06000053,Isles of Scilly,None,,asd_semh_accel,2026,1.2,0.9,0.3,0.0,0.0
E06000053,Isles of Scilly,None,,asd_semh_accel,2027,1.3,0.9,0.4,0.0,0.0
E06000053,Isles of Scilly,None,,asd_semh_accel,2028,1.4,0.8,0.6,0.0,0.0
E06000053,Isles of Scilly,None,,asd_semh_accel,2029,1.5,0.8,0.8,0.0,0.0
E06000053,Isles of Scilly,None,,asd_semh_accel,2030,1.7,0.7,1.0,0.0,0.0
E06000053,Isles of Scilly,None,,cost_inflation,2024,1.0,1.0,0.0,0.0,0.0
E06000053,Isles of Scilly,None,,cost_inflation,2025,1.1,0.9,0.1,0.0,0.0
E06000053,Isles of Scilly,None,,cost_inflation,2026,1.1,0.9,0.2,0.0,0.0
E06000053,Isles of Scilly,None,,cost_inflation,2027,1.2,0.9,0.4,0.0,0.0
E06000053,Isles of Scilly,None,,cost_inflation,2028,1.3,0.8,0.5,0.0,0.0
E06000053,Isles of Scilly,None,,cost_inflation,2029,1.4,0.8,0.6,0.0,0.0
E06000053,Isles of Scilly,None,,cost_inflation,2030,1.5,0.7,0.8,0.0,0.0
E06000053,Isles of Scilly,None,,capacity_improvement,2024,1.0,0.7,0.3,0.0,0.0
E06000053,Isles of Scilly,None,,capacity_improvement,2025,1.1,0.7,0.4,0.0,0.0
E06000053,Isles of Scilly,None,,capacity_improvement,2026,1.1,0.7,0.4,0.0,0.0
E06000053,Isles of Scilly,None,,capacity_improvement,2027,1.2,0.8,0.4,0.0,0.0
E06000053,Isles of Scilly,None,,capacity_improvement,2028,1.3,0.9,0.5,0.0,0.0
E06000053,Isles of Scilly,None,,capacity_improvement,2029,1.4,0.9,0.5,0.0,0.0
E06000053,Isles of Scilly,None,,capacity_improvement,2030,1.5,1.0,0.5,0.0,0.0
E06000053,Isles of Scilly,None,,flat_throughput,2024,1.0,1.0,0.0,0.0,0.0
E06000053,Isles of Scilly,None,,flat_throughput,2025,1.1,1.0,0.1,0.0,0.0
E06000053,Isles of Scilly,None,,flat_throughput,2026,1.1,1.0,0.1,0.0,0.0
E06000053,Isles of Scilly,None,,flat_throughput,2027,1.2,1.0,0.2,0.0,0.0
E06000053,Isles of Scilly,None,,flat_throughput,2028,1.3,1.0,0.3,0.0,0.0
E06000053,Isles of Scilly,None,,flat_throughput,2029,1.4,1.0,0.4,0.0,0.0
E06000053,Isles of Scilly,None,,flat_throughput,2030,1.5,1.0,0.5,0.0,0.0
E09000019,Islington,None,0.2,continuation,2024,295.0,232.0,63.0,37.0,3.0
E09000019,Islington,None,0.2,continuation,2025,332.6,256.4,76.2,36.3,2.9
E09000019,Islington,None,0.2,continuation,2026,375.0,283.4,91.7,35.5,2.8
E09000019,Islington,None,0.2,continuation,2027,422.8,313.2,109.7,34.8,2.8
E09000019,Islington,None,0.2,continuation,2028,476.7,346.1,130.6,34.1,2.7
E09000019,Islington,None,0.2,continuation,2029,537.5,382.5,155.0,33.4,2.7
E09000019,Islington,None,0.2,continuation,2030,606.1,422.7,183.3,32.7,2.6
E09000019,Islington,None,0.2,asd_semh_accel,2024,295.0,232.0,63.0,37.0,3.0
E09000019,Islington,None,0.2,asd_semh_accel,2025,342.7,256.4,86.3,36.2,2.9
E09000019,Islington,None,0.2,asd_semh_accel,2026,398.2,283.4,114.8,35.4,2.8
E09000019,Islington,None,0.2,asd_semh_accel,2027,462.7,313.2,149.5,34.6,2.8
E09000019,Islington,None,0.2,asd_semh_accel,2028,537.5,346.1,191.4,33.8,2.7
E09000019,Islington,None,0.2,asd_semh_accel,2029,624.5,382.5,242.0,33.1,2.6
E09000019,Islington,None,0.2,asd_semh_accel,2030,725.6,422.7,302.9,32.3,2.6
E09000019,Islington,None,0.2,cost_inflation,2024,295.0,232.0,63.0,37.0,3.0
E09000019,Islington,None,0.2,cost_inflation,2025,332.6,256.4,76.2,36.3,3.2
E09000019,Islington,None,0.2,cost_inflation,2026,375.0,283.4,91.7,35.5,3.4
E09000019,Islington,None,0.2,cost_inflation,2027,422.8,313.2,109.7,34.8,3.7
E09000019,Islington,None,0.2,cost_inflation,2028,476.7,346.1,130.6,34.1,4.0
E09000019,Islington,None,0.2,cost_inflation,2029,537.5,382.5,155.0,33.4,4.3
E09000019,Islington,None,0.2,cost_inflation,2030,606.1,422.7,183.3,32.7,4.6
E09000019,Islington,None,0.2,capacity_improvement,2024,295.0,191.8,103.2,37.0,3.0
E09000019,Islington,None,0.2,capacity_improvement,2025,332.6,216.2,116.4,36.3,2.9
E09000019,Islington,None,0.2,capacity_improvement,2026,375.0,243.8,131.3,35.6,2.8
E09000019,Islington,None,0.2,capacity_improvement,2027,422.8,274.8,148.0,34.9,2.8
E09000019,Islington,None,0.2,capacity_improvement,2028,476.7,309.9,166.9,34.2,2.7
E09000019,Islington,None,0.2,capacity_improvement,2029,537.5,349.4,188.1,33.6,2.7
E09000019,Islington,None,0.2,capacity_improvement,2030,606.1,393.9,212.1,32.9,2.6
E09000019,Islington,None,0.2,flat_throughput,2024,295.0,232.0,63.0,37.0,3.0
E09000019,Islington,None,0.2,flat_throughput,2025,332.6,232.0,100.6,36.3,2.9
E09000019,Islington,None,0.2,flat_throughput,2026,375.0,232.0,143.0,35.5,2.8
E09000019,Islington,None,0.2,flat_throughput,2027,422.8,232.0,190.8,34.8,2.8
E09000019,Islington,None,0.2,flat_throughput,2028,476.7,232.0,244.7,34.1,2.7
E09000019,Islington,None,0.2,flat_throughput,2029,537.5,232.0,305.5,33.4,2.7
E09000019,Islington,None,0.2,flat_throughput,2030,606.1,232.0,374.1,32.7,2.6
E09000020,Kensington and Chelsea,None,0.1,continuation,2024,98.0,97.0,1.0,39.0,3.1
E09000020,Kensington and Chelsea,None,0.1,continuation,2025,101.6,101.6,0.0,39.1,3.1
E09000020,Kensington and Chelsea,None,0.1,continuation,2026,105.3,105.3,0.0,39.2,3.1
E09000020,Kensington and Chelsea,None,0.1,continuation,2027,109.2,109.2,0.0,39.3,3.1
E09000020,Kensington and Chelsea,None,0.1,continuation,2028,113.2,113.2,0.0,39.3,3.1
E09000020,Kensington and Chelsea,None,0.1,continuation,2029,117.4,117.4,0.0,39.4,3.2
E09000020,Kensington and Chelsea,None,0.1,continuation,2030,121.7,121.7,0.0,39.5,3.2
E09000020,Kensington and Chelsea,None,0.1,asd_semh_accel,2024,98.0,97.0,1.0,39.0,3.1
E09000020,Kensington and Chelsea,None,0.1,asd_semh_accel,2025,102.5,102.3,0.3,39.1,3.1
E09000020,Kensington and Chelsea,None,0.1,asd_semh_accel,2026,107.3,107.3,0.0,39.2,3.1
E09000020,Kensington and Chelsea,None,0.1,asd_semh_accel,2027,112.2,112.2,0.0,39.3,3.1
E09000020,Kensington and Chelsea,None,0.1,asd_semh_accel,2028,117.4,117.4,0.0,39.4,3.1
E09000020,Kensington and Chelsea,None,0.1,asd_semh_accel,2029,122.8,122.8,0.0,39.5,3.2
E09000020,Kensington and Chelsea,None,0.1,asd_semh_accel,2030,128.5,128.5,0.0,39.6,3.2
E09000020,Kensington and Chelsea,None,0.1,cost_inflation,2024,98.0,97.0,1.0,39.0,3.1
E09000020,Kensington and Chelsea,None,0.1,cost_inflation,2025,101.6,101.6,0.0,39.1,3.4
E09000020,Kensington and Chelsea,None,0.1,cost_inflation,2026,105.3,105.3,0.0,39.2,3.8
E09000020,Kensington and Chelsea,None,0.1,cost_inflation,2027,109.2,109.2,0.0,39.3,4.2
E09000020,Kensington and Chelsea,None,0.1,cost_inflation,2028,113.2,113.2,0.0,39.3,4.6
E09000020,Kensington and Chelsea,None,0.1,cost_inflation,2029,117.4,117.4,0.0,39.4,5.1
E09000020,Kensington and Chelsea,None,0.1,cost_inflation,2030,121.7,121.7,0.0,39.5,5.6
E09000020,Kensington and Chelsea,None,0.1,capacity_improvement,2024,98.0,63.7,34.3,39.0,3.1
E09000020,Kensington and Chelsea,None,0.1,capacity_improvement,2025,101.6,66.0,35.6,39.1,3.1
E09000020,Kensington and Chelsea,None,0.1,capacity_improvement,2026,105.3,68.5,36.9,39.2,3.1
E09000020,Kensington and Chelsea,None,0.1,capacity_improvement,2027,109.2,71.0,38.2,39.2,3.1
E09000020,Kensington and Chelsea,None,0.1,capacity_improvement,2028,113.2,73.6,39.6,39.3,3.1
E09000020,Kensington and Chelsea,None,0.1,capacity_improvement,2029,117.4,76.3,41.1,39.4,3.2
E09000020,Kensington and Chelsea,None,0.1,capacity_improvement,2030,121.7,79.1,42.6,39.5,3.2
E09000020,Kensington and Chelsea,None,0.1,flat_throughput,2024,98.0,97.0,1.0,39.0,3.1
E09000020,Kensington and Chelsea,None,0.1,flat_throughput,2025,101.6,97.0,4.6,39.1,3.1
E09000020,Kensington and Chelsea,None,0.1,flat_throughput,2026,105.3,97.0,8.3,39.2,3.1
E09000020,Kensington and Chelsea,None,0.1,flat_throughput,2027,109.2,97.0,12.2,39.3,3.1
E09000020,Kensington and Chelsea,None,0.1,flat_throughput,2028,113.2,97.0,16.2,39.3,3.1
E09000020,Kensington and Chelsea,None,0.1,flat_throughput,2029,117.4,97.0,20.4,39.4,3.2
E09000020,Kensington and Chelsea,None,0.1,flat_throughput,2030,121.7,97.0,24.7,39.5,3.2
E10000016,Kent,None,1.0,continuation,2024,2424.0,784.0,1640.0,1500.0,120.0
E10000016,Kent,None,1.0,continuation,2025,2454.0,769.3,1684.6,1691.2,135.3
E10000016,Kent,None,1.0,continuation,2026,2484.4,755.0,1729.4,1906.9,152.5
E10000016,Kent,None,1.0,continuation,2027,2515.1,740.8,1774.2,2150.0,172.0
E10000016,Kent,None,1.0,continuation,2028,2546.2,727.0,1819.2,2424.1,193.9
E10000016,Kent,None,1.0,continuation,2029,2577.7,713.4,1864.3,2733.2,218.7
E10000016,Kent,None,1.0,continuation,2030,2609.6,700.1,1909.5,3081.6,246.5
E10000016,Kent,None,1.0,asd_semh_accel,2024,2424.0,784.0,1640.0,1500.0,120.0
E10000016,Kent,None,1.0,asd_semh_accel,2025,2461.5,769.3,1692.2,1711.7,136.9
E10000016,Kent,None,1.0,asd_semh_accel,2026,2499.7,755.0,1744.7,1953.2,156.3
E10000016,Kent,None,1.0,asd_semh_accel,2027,2538.4,740.8,1797.5,2228.8,178.3
E10000016,Kent,None,1.0,asd_semh_accel,2028,2577.7,727.0,1850.7,2543.3,203.5
E10000016,Kent,None,1.0,asd_semh_accel,2029,2617.6,713.4,1904.2,2902.2,232.2
E10000016,Kent,None,1.0,asd_semh_accel,2030,2658.2,700.1,1958.1,3311.7,264.9
E10000016,Kent,None,1.0,cost_inflation,2024,2424.0,784.0,1640.0,1500.0,120.0
E10000016,Kent,None,1.0,cost_inflation,2025,2454.0,769.3,1684.6,1691.2,148.8
E10000016,Kent,None,1.0,cost_inflation,2026,2484.4,755.0,1729.4,1906.9,184.6
E10000016,Kent,None,1.0,cost_inflation,2027,2515.1,740.8,1774.2,2150.0,228.9
E10000016,Kent,None,1.0,cost_inflation,2028,2546.2,727.0,1819.2,2424.1,283.9
E10000016,Kent,None,1.0,cost_inflation,2029,2577.7,713.4,1864.3,2733.2,352.1
E10000016,Kent,None,1.0,cost_inflation,2030,2609.6,700.1,1909.5,3081.6,436.7
E10000016,Kent,None,1.0,capacity_improvement,2024,2424.0,784.0,1640.0,1500.0,120.0
E10000016,Kent,None,1.0,capacity_improvement,2025,2454.0,916.4,1537.6,1681.1,134.5
E10000016,Kent,None,1.0,capacity_improvement,2026,2484.4,1052.0,1432.4,1884.1,150.7
E10000016,Kent,None,1.0,capacity_improvement,2027,2515.1,1190.7,1324.4,2111.6,168.9
E10000016,Kent,None,1.0,capacity_improvement,2028,2546.2,1332.8,1213.4,2366.6,189.3
E10000016,Kent,None,1.0,capacity_improvement,2029,2577.7,1478.1,1099.6,2652.4,212.2
E10000016,Kent,None,1.0,capacity_improvement,2030,2609.6,1626.9,982.7,2972.7,237.8
E10000016,Kent,None,1.0,flat_throughput,2024,2424.0,784.0,1640.0,1500.0,120.0
E10000016,Kent,None,1.0,flat_throughput,2025,2454.0,784.0,1670.0,1691.2,135.3
E10000016,Kent,None,1.0,flat_throughput,2026,2484.4,784.0,1700.4,1906.9,152.5
E10000016,Kent,None,1.0,flat_throughput,2027,2515.1,784.0,1731.1,2150.0,172.0
E10000016,Kent,None,1.0,flat_throughput,2028,2546.2,784.0,1762.2,2424.1,193.9
E10000016,Kent,None,1.0,flat_throughput,2029,2577.7,784.0,1793.7,2733.2,218.7
E10000016,Kent,None,1.0,flat_throughput,2030,2609.6,784.0,1825.6,3081.6,246.5
E06000010,"Kingston upon Hull, City of",None,0.4,continuation,2024,500.0,29.0,471.0,26.0,2.1
E06000010,"Kingston upon Hull, City of",None,0.4,continuation,2025,558.0,25.0,533.0,26.7,2.1
E06000010,"Kingston upon Hull, City of",None,0.4,continuation,2026,622.7,21.5,601.2,27.4,2.2
E06000010,"Kingston upon Hull, City of",None,0.4,continuation,2027,694.9,18.5,676.4,28.2,2.3
E06000010,"Kingston upon Hull, City of",None,0.4,continuation,2028,775.5,15.9,759.6,29.0,2.3
E06000010,"Kingston upon Hull, City of",None,0.4,continuation,2029,865.4,13.7,851.7,29.7,2.4
E06000010,"Kingston upon Hull, City of",None,0.4,continuation,2030,965.8,11.8,954.0,30.6,2.4
E06000010,"Kingston upon Hull, City of",None,0.4,asd_semh_accel,2024,500.0,29.0,471.0,26.0,2.1
E06000010,"Kingston upon Hull, City of",None,0.4,asd_semh_accel,2025,573.5,25.0,548.5,26.8,2.1
E06000010,"Kingston upon Hull, City of",None,0.4,asd_semh_accel,2026,657.8,21.5,636.3,27.6,2.2
E06000010,"Kingston upon Hull, City of",None,0.4,asd_semh_accel,2027,754.5,18.5,736.0,28.4,2.3
E06000010,"Kingston upon Hull, City of",None,0.4,asd_semh_accel,2028,865.4,15.9,849.5,29.3,2.3
E06000010,"Kingston upon Hull, City of",None,0.4,asd_semh_accel,2029,992.7,13.7,979.0,30.1,2.4
E06000010,"Kingston upon Hull, City of",None,0.4,asd_semh_accel,2030,1138.6,11.8,1126.8,31.1,2.5
E06000010,"Kingston upon Hull, City of",None,0.4,cost_inflation,2024,500.0,29.0,471.0,26.0,2.1
E06000010,"Kingston upon Hull, City of",None,0.4,cost_inflation,2025,558.0,25.0,533.0,26.7,2.4
E06000010,"Kingston upon Hull, City of",None,0.4,cost_inflation,2026,622.7,21.5,601.2,27.4,2.7
E06000010,"Kingston upon Hull, City of",None,0.4,cost_inflation,2027,694.9,18.5,676.4,28.2,3.0
E06000010,"Kingston upon Hull, City of",None,0.4,cost_inflation,2028,775.5,15.9,759.6,29.0,3.4
E06000010,"Kingston upon Hull, City of",None,0.4,cost_inflation,2029,865.4,13.7,851.7,29.7,3.8
E06000010,"Kingston upon Hull, City of",None,0.4,cost_inflation,2030,965.8,11.8,954.0,30.6,4.3
E06000010,"Kingston upon Hull, City of",None,0.4,capacity_improvement,2024,500.0,29.0,471.0,26.0,2.1
E06000010,"Kingston upon Hull, City of",None,0.4,capacity_improvement,2025,558.0,60.3,497.7,26.7,2.1
E06000010,"Kingston upon Hull, City of",None,0.4,capacity_improvement,2026,622.7,98.4,524.3,27.4,2.2
E06000010,"Kingston upon Hull, City of",None,0.4,capacity_improvement,2027,694.9,144.5,550.4,28.1,2.2
E06000010,"Kingston upon Hull, City of",None,0.4,capacity_improvement,2028,775.5,200.1,575.4,28.8,2.3
E06000010,"Kingston upon Hull, City of",None,0.4,capacity_improvement,2029,865.4,266.6,598.9,29.5,2.4
E06000010,"Kingston upon Hull, City of",None,0.4,capacity_improvement,2030,965.8,345.8,620.0,30.3,2.4
E06000010,"Kingston upon Hull, City of",None,0.4,flat_throughput,2024,500.0,29.0,471.0,26.0,2.1
E06000010,"Kingston upon Hull, City of",None,0.4,flat_throughput,2025,558.0,29.0,529.0,26.7,2.1
E06000010,"Kingston upon Hull, City of",None,0.4,flat_throughput,2026,622.7,29.0,593.7,27.4,2.2
E06000010,"Kingston upon Hull, City of",None,0.4,flat_throughput,2027,694.9,29.0,665.9,28.2,2.3
E06000010,"Kingston upon Hull, City of",None,0.4,flat_throughput,2028,775.5,29.0,746.5,29.0,2.3
E06000010,"Kingston upon Hull, City of",None,0.4,flat_throughput,2029,865.4,29.0,836.4,29.7,2.4
E06000010,"Kingston upon Hull, City of",None,0.4,flat_throughput,2030,965.8,29.0,936.8,30.6,2.4
E09000021,Kingston upon Thames,None,0.1,continuation,2024,277.0,259.0,18.0,101.0,8.1
E09000021,Kingston upon Thames,None,0.1,continuation,2025,296.9,262.6,34.2,97.4,7.8
E09000021,Kingston upon Thames,None,0.1,continuation,2026,318.2,266.3,51.9,94.0,7.5
E09000021,Kingston upon Thames,None,0.1,continuation,2027,341.0,270.1,70.9,90.7,7.3
E09000021,Kingston upon Thames,None,0.1,continuation,2028,365.5,273.9,91.6,87.5,7.0
E09000021,Kingston upon Thames,None,0.1,continuation,2029,391.7,277.7,114.0,84.4,6.8
E09000021,Kingston upon Thames,None,0.1,continuation,2030,419.8,281.6,138.2,81.5,6.5
E09000021,Kingston upon Thames,None,0.1,asd_semh_accel,2024,277.0,259.0,18.0,101.0,8.1
E09000021,Kingston upon Thames,None,0.1,asd_semh_accel,2025,302.1,262.6,39.4,97.1,7.8
E09000021,Kingston upon Thames,None,0.1,asd_semh_accel,2026,329.4,266.3,63.1,93.4,7.5
E09000021,Kingston upon Thames,None,0.1,asd_semh_accel,2027,359.2,270.1,89.1,89.7,7.2
E09000021,Kingston upon Thames,None,0.1,asd_semh_accel,2028,391.7,273.9,117.8,86.3,6.9
E09000021,Kingston upon Thames,None,0.1,asd_semh_accel,2029,427.2,277.7,149.4,82.9,6.6
E09000021,Kingston upon Thames,None,0.1,asd_semh_accel,2030,465.8,281.6,184.2,79.7,6.4
E09000021,Kingston upon Thames,None,0.1,cost_inflation,2024,277.0,259.0,18.0,101.0,8.1
E09000021,Kingston upon Thames,None,0.1,cost_inflation,2025,296.9,262.6,34.2,97.4,8.6
E09000021,Kingston upon Thames,None,0.1,cost_inflation,2026,318.2,266.3,51.9,94.0,9.1
E09000021,Kingston upon Thames,None,0.1,cost_inflation,2027,341.0,270.1,70.9,90.7,9.7
E09000021,Kingston upon Thames,None,0.1,cost_inflation,2028,365.5,273.9,91.6,87.5,10.3
E09000021,Kingston upon Thames,None,0.1,cost_inflation,2029,391.7,277.7,114.0,84.4,10.9
E09000021,Kingston upon Thames,None,0.1,cost_inflation,2030,419.8,281.6,138.2,81.5,11.5
E09000021,Kingston upon Thames,None,0.1,capacity_improvement,2024,277.0,180.1,96.9,101.0,8.1
E09000021,Kingston upon Thames,None,0.1,capacity_improvement,2025,296.9,193.0,103.9,97.6,7.8
E09000021,Kingston upon Thames,None,0.1,capacity_improvement,2026,318.2,206.8,111.4,94.4,7.5
E09000021,Kingston upon Thames,None,0.1,capacity_improvement,2027,341.0,221.7,119.4,91.2,7.3
E09000021,Kingston upon Thames,None,0.1,capacity_improvement,2028,365.5,237.6,127.9,88.2,7.1
E09000021,Kingston upon Thames,None,0.1,capacity_improvement,2029,391.7,254.6,137.1,85.2,6.8
E09000021,Kingston upon Thames,None,0.1,capacity_improvement,2030,419.8,272.9,146.9,82.4,6.6
E09000021,Kingston upon Thames,None,0.1,flat_throughput,2024,277.0,259.0,18.0,101.0,8.1
E09000021,Kingston upon Thames,None,0.1,flat_throughput,2025,296.9,259.0,37.9,97.4,7.8
E09000021,Kingston upon Thames,None,0.1,flat_throughput,2026,318.2,259.0,59.2,94.0,7.5
E09000021,Kingston upon Thames,None,0.1,flat_throughput,2027,341.0,259.0,82.0,90.7,7.3
E09000021,Kingston upon Thames,None,0.1,flat_throughput,2028,365.5,259.0,106.5,87.5,7.0
E09000021,Kingston upon Thames,None,0.1,flat_throughput,2029,391.7,259.0,132.7,84.4,6.8
E09000021,Kingston upon Thames,None,0.1,flat_throughput,2030,419.8,259.0,160.8,81.5,6.5
E08000034,Kirklees,None,0.6,continuation,2024,785.0,180.0,605.0,111.0,8.9
E08000034,Kirklees,None,0.6,continuation,2025,885.1,154.9,730.2,124.4,9.9
E08000034,Kirklees,None,0.6,continuation,2026,997.9,133.3,864.6,139.3,11.1
E08000034,Kirklees,None,0.6,continuation,2027,1125.2,114.8,1010.4,156.1,12.5
E08000034,Kirklees,None,0.6,continuation,2028,1268.6,98.8,1169.8,174.8,14.0
E08000034,Kirklees,None,0.6,continuation,2029,1430.4,85.0,1345.3,195.9,15.7
E08000034,Kirklees,None,0.6,continuation,2030,1612.7,73.2,1539.5,219.4,17.6
E08000034,Kirklees,None,0.6,asd_semh_accel,2024,785.0,180.0,605.0,111.0,8.9
E08000034,Kirklees,None,0.6,asd_semh_accel,2025,912.0,154.9,757.1,125.8,10.1
E08000034,Kirklees,None,0.6,asd_semh_accel,2026,1059.6,133.3,926.3,142.5,11.4
E08000034,Kirklees,None,0.6,asd_semh_accel,2027,1231.1,114.8,1116.4,161.5,12.9
E08000034,Kirklees,None,0.6,asd_semh_accel,2028,1430.4,98.8,1331.6,183.0,14.6
E08000034,Kirklees,None,0.6,asd_semh_accel,2029,1661.8,85.0,1576.8,207.3,16.6
E08000034,Kirklees,None,0.6,asd_semh_accel,2030,1930.8,73.2,1857.6,234.9,18.8
E08000034,Kirklees,None,0.6,cost_inflation,2024,785.0,180.0,605.0,111.0,8.9
E08000034,Kirklees,None,0.6,cost_inflation,2025,885.1,154.9,730.2,124.4,10.9
E08000034,Kirklees,None,0.6,cost_inflation,2026,997.9,133.3,864.6,139.3,13.5
E08000034,Kirklees,None,0.6,cost_inflation,2027,1125.2,114.8,1010.4,156.1,16.6
E08000034,Kirklees,None,0.6,cost_inflation,2028,1268.6,98.8,1169.8,174.8,20.5
E08000034,Kirklees,None,0.6,cost_inflation,2029,1430.4,85.0,1345.3,195.9,25.2
E08000034,Kirklees,None,0.6,cost_inflation,2030,1612.7,73.2,1539.5,219.4,31.1
E08000034,Kirklees,None,0.6,capacity_improvement,2024,785.0,180.0,605.0,111.0,8.9
E08000034,Kirklees,None,0.6,capacity_improvement,2025,885.1,247.2,637.9,123.6,9.9
E08000034,Kirklees,None,0.6,capacity_improvement,2026,997.9,328.6,669.3,137.7,11.0
E08000034,Kirklees,None,0.6,capacity_improvement,2027,1125.2,426.8,698.4,153.4,12.3
E08000034,Kirklees,None,0.6,capacity_improvement,2028,1268.6,544.6,724.0,170.9,13.7
E08000034,Kirklees,None,0.6,capacity_improvement,2029,1430.4,685.6,744.8,190.4,15.2
E08000034,Kirklees,None,0.6,capacity_improvement,2030,1612.7,853.6,759.1,212.1,17.0
E08000034,Kirklees,None,0.6,flat_throughput,2024,785.0,180.0,605.0,111.0,8.9
E08000034,Kirklees,None,0.6,flat_throughput,2025,885.1,180.0,705.1,124.4,9.9
E08000034,Kirklees,None,0.6,flat_throughput,2026,997.9,180.0,817.9,139.3,11.1
E08000034,Kirklees,None,0.6,flat_throughput,2027,1125.2,180.0,945.2,156.1,12.5
E08000034,Kirklees,None,0.6,flat_throughput,2028,1268.6,180.0,1088.6,174.8,14.0
E08000034,Kirklees,None,0.6,flat_throughput,2029,1430.4,180.0,1250.4,195.9,15.7
E08000034,Kirklees,None,0.6,flat_throughput,2030,1612.7,180.0,1432.7,219.4,17.6
E08000011,Knowsley,None,0.2,continuation,2024,449.0,248.0,201.0,136.0,10.9
E08000011,Knowsley,None,0.2,continuation,2025,506.2,272.3,233.9,153.3,12.3
E08000011,Knowsley,None,0.2,continuation,2026,570.8,299.1,271.7,172.9,13.8
E08000011,Knowsley,None,0.2,continuation,2027,643.6,328.4,315.2,194.9,15.6
E08000011,Knowsley,None,0.2,continuation,2028,725.6,360.6,365.0,219.8,17.6
E08000011,Knowsley,None,0.2,continuation,2029,818.1,396.0,422.1,247.8,19.8
E08000011,Knowsley,None,0.2,continuation,2030,922.4,434.9,487.6,279.4,22.4
E08000011,Knowsley,None,0.2,asd_semh_accel,2024,449.0,248.0,201.0,136.0,10.9
E08000011,Knowsley,None,0.2,asd_semh_accel,2025,521.7,272.3,249.3,155.2,12.4
E08000011,Knowsley,None,0.2,asd_semh_accel,2026,606.1,299.1,307.0,177.1,14.2
E08000011,Knowsley,None,0.2,asd_semh_accel,2027,704.2,328.4,375.8,202.1,16.2
E08000011,Knowsley,None,0.2,asd_semh_accel,2028,818.1,360.6,457.5,230.6,18.4
E08000011,Knowsley,None,0.2,asd_semh_accel,2029,950.5,396.0,554.5,263.1,21.1
E08000011,Knowsley,None,0.2,asd_semh_accel,2030,1104.4,434.9,669.5,300.3,24.0
E08000011,Knowsley,None,0.2,cost_inflation,2024,449.0,248.0,201.0,136.0,10.9
E08000011,Knowsley,None,0.2,cost_inflation,2025,506.2,272.3,233.9,153.3,13.5
E08000011,Knowsley,None,0.2,cost_inflation,2026,570.8,299.1,271.7,172.9,16.7
E08000011,Knowsley,None,0.2,cost_inflation,2027,643.6,328.4,315.2,194.9,20.8
E08000011,Knowsley,None,0.2,cost_inflation,2028,725.6,360.6,365.0,219.8,25.7
E08000011,Knowsley,None,0.2,cost_inflation,2029,818.1,396.0,422.1,247.8,31.9
E08000011,Knowsley,None,0.2,cost_inflation,2030,922.4,434.9,487.6,279.4,39.6
E08000011,Knowsley,None,0.2,capacity_improvement,2024,449.0,248.0,201.0,136.0,10.9
E08000011,Knowsley,None,0.2,capacity_improvement,2025,506.2,304.9,201.3,152.4,12.2
E08000011,Knowsley,None,0.2,capacity_improvement,2026,570.8,371.0,199.8,170.8,13.7
E08000011,Knowsley,None,0.2,capacity_improvement,2027,643.6,418.3,225.2,191.5,15.3
E08000011,Knowsley,None,0.2,capacity_improvement,2028,725.6,471.7,254.0,214.6,17.2
E08000011,Knowsley,None,0.2,capacity_improvement,2029,818.1,531.8,286.3,240.5,19.2
E08000011,Knowsley,None,0.2,capacity_improvement,2030,922.4,599.6,322.9,269.5,21.6
E08000011,Knowsley,None,0.2,flat_throughput,2024,449.0,248.0,201.0,136.0,10.9
E08000011,Knowsley,None,0.2,flat_throughput,2025,506.2,248.0,258.2,153.3,12.3
E08000011,Knowsley,None,0.2,flat_throughput,2026,570.8,248.0,322.8,172.9,13.8
E08000011,Knowsley,None,0.2,flat_throughput,2027,643.6,248.0,395.6,194.9,15.6
E08000011,Knowsley,None,0.2,flat_throughput,2028,725.6,248.0,477.6,219.8,17.6
E08000011,Knowsley,None,0.2,flat_throughput,2029,818.1,248.0,570.1,247.8,19.8
E08000011,Knowsley,None,0.2,flat_throughput,2030,922.4,248.0,674.4,279.4,22.4
E09000022,Lambeth,None,0.3,continuation,2024,423.0,355.0,68.0,71.0,5.7
E09000022,Lambeth,None,0.3,continuation,2025,452.6,392.3,60.2,67.5,5.4
E09000022,Lambeth,None,0.3,continuation,2026,484.2,433.6,50.6,64.2,5.1
E09000022,Lambeth,None,0.3,continuation,2027,518.0,479.2,38.8,61.1,4.9
E09000022,Lambeth,None,0.3,continuation,2028,554.2,529.6,24.6,58.1,4.7
E09000022,Lambeth,None,0.3,continuation,2029,593.0,585.3,7.7,55.3,4.4
E09000022,Lambeth,None,0.3,continuation,2030,634.4,634.4,0.0,52.6,4.2
E09000022,Lambeth,None,0.3,asd_semh_accel,2024,423.0,355.0,68.0,71.0,5.7
E09000022,Lambeth,None,0.3,asd_semh_accel,2025,460.3,392.3,67.9,67.2,5.4
E09000022,Lambeth,None,0.3,asd_semh_accel,2026,500.8,433.6,67.2,63.6,5.1
E09000022,Lambeth,None,0.3,asd_semh_accel,2027,545.0,479.2,65.8,60.2,4.8
E09000022,Lambeth,None,0.3,asd_semh_accel,2028,593.0,529.6,63.4,57.0,4.6
E09000022,Lambeth,None,0.3,asd_semh_accel,2029,645.2,585.3,59.9,53.9,4.3
E09000022,Lambeth,None,0.3,asd_semh_accel,2030,702.1,646.9,55.2,51.0,4.1
E09000022,Lambeth,None,0.3,cost_inflation,2024,423.0,355.0,68.0,71.0,5.7
E09000022,Lambeth,None,0.3,cost_inflation,2025,452.6,392.3,60.2,67.5,5.9
E09000022,Lambeth,None,0.3,cost_inflation,2026,484.2,433.6,50.6,64.2,6.2
E09000022,Lambeth,None,0.3,cost_inflation,2027,518.0,479.2,38.8,61.1,6.5
E09000022,Lambeth,None,0.3,cost_inflation,2028,554.2,529.6,24.6,58.1,6.8
E09000022,Lambeth,None,0.3,cost_inflation,2029,593.0,585.3,7.7,55.3,7.1
E09000022,Lambeth,None,0.3,cost_inflation,2030,634.4,634.4,0.0,52.6,7.5
E09000022,Lambeth,None,0.3,capacity_improvement,2024,423.0,274.9,148.1,71.0,5.7
E09000022,Lambeth,None,0.3,capacity_improvement,2025,452.6,294.2,158.4,67.7,5.4
E09000022,Lambeth,None,0.3,capacity_improvement,2026,484.2,314.7,169.5,64.6,5.2
E09000022,Lambeth,None,0.3,capacity_improvement,2027,518.0,336.7,181.3,61.6,4.9
E09000022,Lambeth,None,0.3,capacity_improvement,2028,554.2,360.3,194.0,58.7,4.7
E09000022,Lambeth,None,0.3,capacity_improvement,2029,593.0,385.4,207.5,56.0,4.5
E09000022,Lambeth,None,0.3,capacity_improvement,2030,634.4,412.4,222.0,53.4,4.3
E09000022,Lambeth,None,0.3,flat_throughput,2024,423.0,355.0,68.0,71.0,5.7
E09000022,Lambeth,None,0.3,flat_throughput,2025,452.6,355.0,97.6,67.5,5.4
E09000022,Lambeth,None,0.3,flat_throughput,2026,484.2,355.0,129.2,64.2,5.1
E09000022,Lambeth,None,0.3,flat_throughput,2027,518.0,355.0,163.0,61.1,4.9
E09000022,Lambeth,None,0.3,flat_throughput,2028,554.2,355.0,199.2,58.1,4.7
E09000022,Lambeth,None,0.3,flat_throughput,2029,593.0,355.0,238.0,55.3,4.4
E09000022,Lambeth,None,0.3,flat_throughput,2030,634.4,355.0,279.4,52.6,4.2
E10000017,Lancashire,None,0.6,continuation,2024,1720.0,298.0,1422.0,572.0,45.8
E10000017,Lancashire,None,0.6,continuation,2025,1936.5,277.1,1659.4,597.3,47.8
E10000017,Lancashire,None,0.6,continuation,2026,2180.2,257.7,1922.5,623.8,49.9
E10000017,Lancashire,None,0.6,continuation,2027,2454.6,239.6,2215.0,651.4,52.1
E10000017,Lancashire,None,0.6,continuation,2028,2763.5,222.8,2540.7,680.2,54.4
E10000017,Lancashire,None,0.6,continuation,2029,3111.3,207.2,2904.2,710.4,56.8
E10000017,Lancashire,None,0.6,continuation,2030,3502.9,192.7,3310.3,741.8,59.3
E10000017,Lancashire,None,0.6,asd_semh_accel,2024,1720.0,298.0,1422.0,572.0,45.8
E10000017,Lancashire,None,0.6,asd_semh_accel,2025,1994.7,277.1,1717.6,599.9,48.0
E10000017,Lancashire,None,0.6,asd_semh_accel,2026,2313.3,257.7,2055.7,629.2,50.3
E10000017,Lancashire,None,0.6,asd_semh_accel,2027,2682.8,239.6,2443.2,659.9,52.8
E10000017,Lancashire,None,0.6,asd_semh_accel,2028,3111.3,222.8,2888.5,692.1,55.4
E10000017,Lancashire,None,0.6,asd_semh_accel,2029,3608.3,207.2,3401.1,725.9,58.1
E10000017,Lancashire,None,0.6,asd_semh_accel,2030,4184.6,192.7,3992.0,761.3,60.9
E10000017,Lancashire,None,0.6,cost_inflation,2024,1720.0,298.0,1422.0,572.0,45.8
E10000017,Lancashire,None,0.6,cost_inflation,2025,1936.5,277.1,1659.4,597.3,52.6
E10000017,Lancashire,None,0.6,cost_inflation,2026,2180.2,257.7,1922.5,623.8,60.4
E10000017,Lancashire,None,0.6,cost_inflation,2027,2454.6,239.6,2215.0,651.4,69.4
E10000017,Lancashire,None,0.6,cost_inflation,2028,2763.5,222.8,2540.7,680.2,79.7
E10000017,Lancashire,None,0.6,cost_inflation,2029,3111.3,207.2,2904.2,710.4,91.5
E10000017,Lancashire,None,0.6,cost_inflation,2030,3502.9,192.7,3310.3,741.8,105.1
E10000017,Lancashire,None,0.6,capacity_improvement,2024,1720.0,298.0,1422.0,572.0,45.8
E10000017,Lancashire,None,0.6,capacity_improvement,2025,1936.5,432.3,1504.1,596.0,47.7
E10000017,Lancashire,None,0.6,capacity_improvement,2026,2180.2,595.8,1584.4,621.1,49.7
E10000017,Lancashire,None,0.6,capacity_improvement,2027,2454.6,793.5,1661.1,647.2,51.8
E10000017,Lancashire,None,0.6,capacity_improvement,2028,2763.5,1031.5,1732.0,674.4,53.9
E10000017,Lancashire,None,0.6,capacity_improvement,2029,3111.3,1316.9,1794.5,702.7,56.2
E10000017,Lancashire,None,0.6,capacity_improvement,2030,3502.9,1657.8,1845.2,732.2,58.6
E10000017,Lancashire,None,0.6,flat_throughput,2024,1720.0,298.0,1422.0,572.0,45.8
E10000017,Lancashire,None,0.6,flat_throughput,2025,1936.5,298.0,1638.5,597.3,47.8
E10000017,Lancashire,None,0.6,flat_throughput,2026,2180.2,298.0,1882.2,623.8,49.9
E10000017,Lancashire,None,0.6,flat_throughput,2027,2454.6,298.0,2156.6,651.4,52.1
E10000017,Lancashire,None,0.6,flat_throughput,2028,2763.5,298.0,2465.5,680.2,54.4
E10000017,Lancashire,None,0.6,flat_throughput,2029,3111.3,298.0,2813.3,710.4,56.8
E10000017,Lancashire,None,0.6,flat_throughput,2030,3502.9,298.0,3204.9,741.8,59.3
E08000035,Leeds,None,0.1,continuation,2024,717.0,67.0,650.0,117.0,9.4
E08000035,Leeds,None,0.1,continuation,2025,759.1,57.7,701.4,131.7,10.5
E08000035,Leeds,None,0.1,continuation,2026,803.6,49.6,753.9,148.2,11.9
E08000035,Leeds,None,0.1,continuation,2027,850.7,42.7,808.0,166.8,13.3
E08000035,Leeds,None,0.1,continuation,2028,900.6,36.8,863.8,187.7,15.0
E08000035,Leeds,None,0.1,continuation,2029,953.4,31.6,921.8,211.2,16.9
E08000035,Leeds,None,0.1,continuation,2030,1009.4,27.2,982.1,237.7,19.0
E08000035,Leeds,None,0.1,asd_semh_accel,2024,717.0,67.0,650.0,117.0,9.4
E08000035,Leeds,None,0.1,asd_semh_accel,2025,770.0,57.7,712.3,133.2,10.7
E08000035,Leeds,None,0.1,asd_semh_accel,2026,826.8,49.6,777.2,151.7,12.1
E08000035,Leeds,None,0.1,asd_semh_accel,2027,887.9,42.7,845.2,172.8,13.8
E08000035,Leeds,None,0.1,asd_semh_accel,2028,953.4,36.8,916.7,196.8,15.7
E08000035,Leeds,None,0.1,asd_semh_accel,2029,1023.9,31.6,992.2,224.1,17.9
E08000035,Leeds,None,0.1,asd_semh_accel,2030,1099.5,27.2,1072.2,255.2,20.4
E08000035,Leeds,None,0.1,cost_inflation,2024,717.0,67.0,650.0,117.0,9.4
E08000035,Leeds,None,0.1,cost_inflation,2025,759.1,57.7,701.4,131.7,11.6
E08000035,Leeds,None,0.1,cost_inflation,2026,803.6,49.6,753.9,148.2,14.3
E08000035,Leeds,None,0.1,cost_inflation,2027,850.7,42.7,808.0,166.8,17.8
E08000035,Leeds,None,0.1,cost_inflation,2028,900.6,36.8,863.8,187.7,22.0
E08000035,Leeds,None,0.1,cost_inflation,2029,953.4,31.6,921.8,211.2,27.2
E08000035,Leeds,None,0.1,cost_inflation,2030,1009.4,27.2,982.1,237.7,33.7
E08000035,Leeds,None,0.1,capacity_improvement,2024,717.0,67.0,650.0,117.0,9.4
E08000035,Leeds,None,0.1,capacity_improvement,2025,759.1,108.9,650.2,130.9,10.5
E08000035,Leeds,None,0.1,capacity_improvement,2026,803.6,155.4,648.1,146.4,11.7
E08000035,Leeds,None,0.1,capacity_improvement,2027,850.7,207.1,643.6,163.8,13.1
E08000035,Leeds,None,0.1,capacity_improvement,2028,900.6,264.3,636.3,183.3,14.7
E08000035,Leeds,None,0.1,capacity_improvement,2029,953.4,327.5,626.0,205.1,16.4
E08000035,Leeds,None,0.1,capacity_improvement,2030,1009.4,397.1,612.2,229.4,18.4
E08000035,Leeds,None,0.1,flat_throughput,2024,717.0,67.0,650.0,117.0,9.4
E08000035,Leeds,None,0.1,flat_throughput,2025,759.1,67.0,692.1,131.7,10.5
E08000035,Leeds,None,0.1,flat_throughput,2026,803.6,67.0,736.6,148.2,11.9
E08000035,Leeds,None,0.1,flat_throughput,2027,850.7,67.0,783.7,166.8,13.3
E08000035,Leeds,None,0.1,flat_throughput,2028,900.6,67.0,833.6,187.7,15.0
E08000035,Leeds,None,0.1,flat_throughput,2029,953.4,67.0,886.4,211.2,16.9
E08000035,Leeds,None,0.1,flat_throughput,2030,1009.4,67.0,942.4,237.7,19.0
E06000016,Leicester,None,0.7,continuation,2024,575.0,298.0,277.0,150.0,12.0
E06000016,Leicester,None,0.7,continuation,2025,648.3,329.3,319.0,164.9,13.2
E06000016,Leicester,None,0.7,continuation,2026,731.0,364.0,367.0,181.2,14.5
E06000016,Leicester,None,0.7,continuation,2027,824.2,402.3,421.9,199.1,15.9
E06000016,Leicester,None,0.7,continuation,2028,929.2,444.6,484.7,218.9,17.5
E06000016,Leicester,None,0.7,continuation,2029,1047.7,491.3,556.4,240.5,19.2
E06000016,Leicester,None,0.7,continuation,2030,1181.3,543.0,638.3,264.4,21.2
E06000016,Leicester,None,0.7,asd_semh_accel,2024,575.0,298.0,277.0,150.0,12.0
E06000016,Leicester,None,0.7,asd_semh_accel,2025,668.1,329.3,338.7,166.4,13.3
E06000016,Leicester,None,0.7,asd_semh_accel,2026,776.2,364.0,412.2,184.6,14.8
E06000016,Leicester,None,0.7,asd_semh_accel,2027,901.8,402.3,499.5,204.9,16.4
E06000016,Leicester,None,0.7,asd_semh_accel,2028,1047.7,444.6,603.2,227.3,18.2
E06000016,Leicester,None,0.7,asd_semh_accel,2029,1217.3,491.3,726.0,252.2,20.2
E06000016,Leicester,None,0.7,asd_semh_accel,2030,1414.3,543.0,871.3,279.8,22.4
E06000016,Leicester,None,0.7,cost_inflation,2024,575.0,298.0,277.0,150.0,12.0
E06000016,Leicester,None,0.7,cost_inflation,2025,648.3,329.3,319.0,164.9,14.5
E06000016,Leicester,None,0.7,cost_inflation,2026,731.0,364.0,367.0,181.2,17.5
E06000016,Leicester,None,0.7,cost_inflation,2027,824.2,402.3,421.9,199.1,21.2
E06000016,Leicester,None,0.7,cost_inflation,2028,929.2,444.6,484.7,218.9,25.6
E06000016,Leicester,None,0.7,cost_inflation,2029,1047.7,491.3,556.4,240.5,31.0
E06000016,Leicester,None,0.7,cost_inflation,2030,1181.3,543.0,638.3,264.4,37.5
E06000016,Leicester,None,0.7,capacity_improvement,2024,575.0,298.0,277.0,150.0,12.0
E06000016,Leicester,None,0.7,capacity_improvement,2025,648.3,368.4,279.9,164.1,13.1
E06000016,Leicester,None,0.7,capacity_improvement,2026,731.0,451.9,279.0,179.5,14.4
E06000016,Leicester,None,0.7,capacity_improvement,2027,824.2,535.7,288.5,196.3,15.7
E06000016,Leicester,None,0.7,capacity_improvement,2028,929.2,604.0,325.2,214.8,17.2
E06000016,Leicester,None,0.7,capacity_improvement,2029,1047.7,681.0,366.7,234.9,18.8
E06000016,Leicester,None,0.7,capacity_improvement,2030,1181.3,767.8,413.5,257.0,20.6
E06000016,Leicester,None,0.7,flat_throughput,2024,575.0,298.0,277.0,150.0,12.0
E06000016,Leicester,None,0.7,flat_throughput,2025,648.3,298.0,350.3,164.9,13.2
E06000016,Leicester,None,0.7,flat_throughput,2026,731.0,298.0,433.0,181.2,14.5
E06000016,Leicester,None,0.7,flat_throughput,2027,824.2,298.0,526.2,199.1,15.9
E06000016,Leicester,None,0.7,flat_throughput,2028,929.2,298.0,631.2,218.9,17.5
E06000016,Leicester,None,0.7,flat_throughput,2029,1047.7,298.0,749.7,240.5,19.2
E06000016,Leicester,None,0.7,flat_throughput,2030,1181.3,298.0,883.3,264.4,21.2
E10000018,Leicestershire,None,0.7,continuation,2024,772.0,33.0,739.0,380.0,30.4
E10000018,Leicestershire,None,0.7,continuation,2025,750.1,28.4,721.7,381.3,30.5
E10000018,Leicestershire,None,0.7,continuation,2026,728.8,24.4,704.4,382.7,30.6
E10000018,Leicestershire,None,0.7,continuation,2027,708.1,21.0,687.1,384.0,30.7
E10000018,Leicestershire,None,0.7,continuation,2028,688.0,18.1,669.9,385.4,30.8
E10000018,Leicestershire,None,0.7,continuation,2029,668.5,15.6,652.9,386.7,30.9
E10000018,Leicestershire,None,0.7,continuation,2030,649.5,13.4,636.1,388.1,31.0
E10000018,Leicestershire,None,0.7,asd_semh_accel,2024,772.0,33.0,739.0,380.0,30.4
E10000018,Leicestershire,None,0.7,asd_semh_accel,2025,744.7,28.4,716.3,381.5,30.5
E10000018,Leicestershire,None,0.7,asd_semh_accel,2026,718.4,24.4,693.9,383.0,30.6
E10000018,Leicestershire,None,0.7,asd_semh_accel,2027,693.0,21.0,671.9,384.4,30.8
E10000018,Leicestershire,None,0.7,asd_semh_accel,2028,668.5,18.1,650.4,385.9,30.9
E10000018,Leicestershire,None,0.7,asd_semh_accel,2029,644.9,15.6,629.3,387.4,31.0
E10000018,Leicestershire,None,0.7,asd_semh_accel,2030,622.1,13.4,608.6,388.9,31.1
E10000018,Leicestershire,None,0.7,cost_inflation,2024,772.0,33.0,739.0,380.0,30.4
E10000018,Leicestershire,None,0.7,cost_inflation,2025,750.1,28.4,721.7,381.3,33.6
E10000018,Leicestershire,None,0.7,cost_inflation,2026,728.8,24.4,704.4,382.7,37.0
E10000018,Leicestershire,None,0.7,cost_inflation,2027,708.1,21.0,687.1,384.0,40.9
E10000018,Leicestershire,None,0.7,cost_inflation,2028,688.0,18.1,669.9,385.4,45.1
E10000018,Leicestershire,None,0.7,cost_inflation,2029,668.5,15.6,652.9,386.7,49.8
E10000018,Leicestershire,None,0.7,cost_inflation,2030,649.5,13.4,636.1,388.1,55.0
E10000018,Leicestershire,None,0.7,capacity_improvement,2024,772.0,33.0,739.0,380.0,30.4
E10000018,Leicestershire,None,0.7,capacity_improvement,2025,750.1,69.6,680.5,381.3,30.5
E10000018,Leicestershire,None,0.7,capacity_improvement,2026,728.8,104.0,624.8,382.5,30.6
E10000018,Leicestershire,None,0.7,capacity_improvement,2027,708.1,136.5,571.6,383.8,30.7
E10000018,Leicestershire,None,0.7,capacity_improvement,2028,688.0,167.0,521.0,385.1,30.8
E10000018,Leicestershire,None,0.7,capacity_improvement,2029,668.5,195.7,472.8,386.4,30.9
E10000018,Leicestershire,None,0.7,capacity_improvement,2030,649.5,222.6,426.9,387.7,31.0
E10000018,Leicestershire,None,0.7,flat_throughput,2024,772.0,33.0,739.0,380.0,30.4
E10000018,Leicestershire,None,0.7,flat_throughput,2025,750.1,33.0,717.1,381.3,30.5
E10000018,Leicestershire,None,0.7,flat_throughput,2026,728.8,33.0,695.8,382.7,30.6
E10000018,Leicestershire,None,0.7,flat_throughput,2027,708.1,33.0,675.1,384.0,30.7
E10000018,Leicestershire,None,0.7,flat_throughput,2028,688.0,33.0,655.0,385.4,30.8
E10000018,Leicestershire,None,0.7,flat_throughput,2029,668.5,33.0,635.5,386.7,30.9
E10000018,Leicestershire,None,0.7,flat_throughput,2030,649.5,33.0,616.5,388.1,31.0
E10000019,Lincolnshire,None,0.2,continuation,2024,1099.0,1088.0,11.0,155.0,12.4
E10000019,Lincolnshire,None,0.2,continuation,2025,1113.9,1113.9,0.0,170.3,13.6
E10000019,Lincolnshire,None,0.2,continuation,2026,1128.9,1128.9,0.0,187.1,15.0
E10000019,Lincolnshire,None,0.2,continuation,2027,1144.2,1144.2,0.0,205.6,16.5
E10000019,Lincolnshire,None,0.2,continuation,2028,1159.7,1159.7,0.0,226.0,18.1
E10000019,Lincolnshire,None,0.2,continuation,2029,1175.3,1175.3,0.0,248.3,19.9
E10000019,Lincolnshire,None,0.2,continuation,2030,1191.2,1191.2,0.0,272.8,21.8
E10000019,Lincolnshire,None,0.2,asd_semh_accel,2024,1099.0,1088.0,11.0,155.0,12.4
E10000019,Lincolnshire,None,0.2,asd_semh_accel,2025,1117.6,1117.6,0.0,171.9,13.8
E10000019,Lincolnshire,None,0.2,asd_semh_accel,2026,1136.5,1136.5,0.0,190.7,15.3
E10000019,Lincolnshire,None,0.2,asd_semh_accel,2027,1155.8,1155.8,0.0,211.5,16.9
E10000019,Lincolnshire,None,0.2,asd_semh_accel,2028,1175.3,1175.3,0.0,234.6,18.8
E10000019,Lincolnshire,None,0.2,asd_semh_accel,2029,1195.2,1195.2,0.0,260.3,20.8
E10000019,Lincolnshire,None,0.2,asd_semh_accel,2030,1215.5,1215.5,0.0,288.7,23.1
E10000019,Lincolnshire,None,0.2,cost_inflation,2024,1099.0,1088.0,11.0,155.0,12.4
E10000019,Lincolnshire,None,0.2,cost_inflation,2025,1113.9,1113.9,0.0,170.3,15.0
E10000019,Lincolnshire,None,0.2,cost_inflation,2026,1128.9,1128.9,0.0,187.1,18.1
E10000019,Lincolnshire,None,0.2,cost_inflation,2027,1144.2,1144.2,0.0,205.6,21.9
E10000019,Lincolnshire,None,0.2,cost_inflation,2028,1159.7,1159.7,0.0,226.0,26.5
E10000019,Lincolnshire,None,0.2,cost_inflation,2029,1175.3,1175.3,0.0,248.3,32.0
E10000019,Lincolnshire,None,0.2,cost_inflation,2030,1191.2,1191.2,0.0,272.8,38.7
E10000019,Lincolnshire,None,0.2,capacity_improvement,2024,1099.0,714.4,384.6,155.0,12.4
E10000019,Lincolnshire,None,0.2,capacity_improvement,2025,1113.9,724.0,389.9,169.5,13.6
E10000019,Lincolnshire,None,0.2,capacity_improvement,2026,1128.9,733.8,395.1,185.4,14.8
E10000019,Lincolnshire,None,0.2,capacity_improvement,2027,1144.2,743.7,400.5,202.8,16.2
E10000019,Lincolnshire,None,0.2,capacity_improvement,2028,1159.7,753.8,405.9,221.7,17.7
E10000019,Lincolnshire,None,0.2,capacity_improvement,2029,1175.3,764.0,411.4,242.5,19.4
E10000019,Lincolnshire,None,0.2,capacity_improvement,2030,1191.2,774.3,416.9,265.2,21.2
E10000019,Lincolnshire,None,0.2,flat_throughput,2024,1099.0,1088.0,11.0,155.0,12.4
E10000019,Lincolnshire,None,0.2,flat_throughput,2025,1113.9,1088.0,25.9,170.3,13.6
E10000019,Lincolnshire,None,0.2,flat_throughput,2026,1128.9,1088.0,40.9,187.1,15.0
E10000019,Lincolnshire,None,0.2,flat_throughput,2027,1144.2,1088.0,56.2,205.6,16.5
E10000019,Lincolnshire,None,0.2,flat_throughput,2028,1159.7,1088.0,71.7,226.0,18.1
E10000019,Lincolnshire,None,0.2,flat_throughput,2029,1175.3,1088.0,87.3,248.3,19.9
E10000019,Lincolnshire,None,0.2,flat_throughput,2030,1191.2,1088.0,103.2,272.8,21.8
E08000012,Liverpool,None,0.7,continuation,2024,1285.0,1258.0,27.0,143.0,11.4
E08000012,Liverpool,None,0.7,continuation,2025,1448.8,1390.3,58.5,161.2,12.9
E08000012,Liverpool,None,0.7,continuation,2026,1633.6,1536.5,97.0,181.8,14.5
E08000012,Liverpool,None,0.7,continuation,2027,1841.8,1698.1,143.7,205.0,16.4
E08000012,Liverpool,None,0.7,continuation,2028,2076.7,1876.7,199.9,231.1,18.5
E08000012,Liverpool,None,0.7,continuation,2029,2341.4,2074.1,267.3,260.6,20.8
E08000012,Liverpool,None,0.7,continuation,2030,2639.9,2292.2,347.7,293.8,23.5
E08000012,Liverpool,None,0.7,asd_semh_accel,2024,1285.0,1258.0,27.0,143.0,11.4
E08000012,Liverpool,None,0.7,asd_semh_accel,2025,1493.0,1390.3,102.7,163.2,13.1
E08000012,Liverpool,None,0.7,asd_semh_accel,2026,1734.6,1536.5,198.0,186.2,14.9
E08000012,Liverpool,None,0.7,asd_semh_accel,2027,2015.3,1698.1,317.2,212.5,17.0
E08000012,Liverpool,None,0.7,asd_semh_accel,2028,2341.4,1876.7,464.7,242.5,19.4
E08000012,Liverpool,None,0.7,asd_semh_accel,2029,2720.3,2074.1,646.3,276.7,22.1
E08000012,Liverpool,None,0.7,asd_semh_accel,2030,3160.6,2292.2,868.4,315.7,25.3
E08000012,Liverpool,None,0.7,cost_inflation,2024,1285.0,1258.0,27.0,143.0,11.4
E08000012,Liverpool,None,0.7,cost_inflation,2025,1448.8,1390.3,58.5,161.2,14.2
E08000012,Liverpool,None,0.7,cost_inflation,2026,1633.6,1536.5,97.0,181.8,17.6
E08000012,Liverpool,None,0.7,cost_inflation,2027,1841.8,1698.1,143.7,205.0,21.8
E08000012,Liverpool,None,0.7,cost_inflation,2028,2076.7,1876.7,199.9,231.1,27.1
E08000012,Liverpool,None,0.7,cost_inflation,2029,2341.4,2074.1,267.3,260.6,33.6
E08000012,Liverpool,None,0.7,cost_inflation,2030,2639.9,2292.2,347.7,293.8,41.6
E08000012,Liverpool,None,0.7,capacity_improvement,2024,1285.0,835.2,449.8,143.0,11.4
E08000012,Liverpool,None,0.7,capacity_improvement,2025,1448.8,941.7,507.1,160.3,12.8
E08000012,Liverpool,None,0.7,capacity_improvement,2026,1633.6,1061.8,571.7,179.6,14.4
E08000012,Liverpool,None,0.7,capacity_improvement,2027,1841.8,1197.2,644.6,201.3,16.1
E08000012,Liverpool,None,0.7,capacity_improvement,2028,2076.7,1349.8,726.8,225.6,18.0
E08000012,Liverpool,None,0.7,capacity_improvement,2029,2341.4,1521.9,819.5,252.9,20.2
E08000012,Liverpool,None,0.7,capacity_improvement,2030,2639.9,1716.0,924.0,283.4,22.7
E08000012,Liverpool,None,0.7,flat_throughput,2024,1285.0,1258.0,27.0,143.0,11.4
E08000012,Liverpool,None,0.7,flat_throughput,2025,1448.8,1258.0,190.8,161.2,12.9
E08000012,Liverpool,None,0.7,flat_throughput,2026,1633.6,1258.0,375.6,181.8,14.5
E08000012,Liverpool,None,0.7,flat_throughput,2027,1841.8,1258.0,583.8,205.0,16.4
E08000012,Liverpool,None,0.7,flat_throughput,2028,2076.7,1258.0,818.7,231.1,18.5
E08000012,Liverpool,None,0.7,flat_throughput,2029,2341.4,1258.0,1083.4,260.6,20.8
E08000012,Liverpool,None,0.7,flat_throughput,2030,2639.9,1258.0,1381.9,293.8,23.5
E06000032,Luton,None,0.3,continuation,2024,377.0,111.0,266.0,32.0,2.6
E06000032,Luton,None,0.3,continuation,2025,419.0,103.1,315.9,34.0,2.7
E06000032,Luton,None,0.3,continuation,2026,465.6,95.8,369.8,36.0,2.9
E06000032,Luton,None,0.3,continuation,2027,517.5,89.0,428.5,38.3,3.1
E06000032,Luton,None,0.3,continuation,2028,575.1,82.7,492.4,40.6,3.2
E06000032,Luton,None,0.3,continuation,2029,639.1,76.8,562.3,43.1,3.4
E06000032,Luton,None,0.3,continuation,2030,710.3,71.4,638.9,45.8,3.7
E06000032,Luton,None,0.3,asd_semh_accel,2024,377.0,111.0,266.0,32.0,2.6
E06000032,Luton,None,0.3,asd_semh_accel,2025,430.2,103.1,327.1,34.2,2.7
E06000032,Luton,None,0.3,asd_semh_accel,2026,490.9,95.8,395.1,36.5,2.9
E06000032,Luton,None,0.3,asd_semh_accel,2027,560.1,89.0,471.1,39.0,3.1
E06000032,Luton,None,0.3,asd_semh_accel,2028,639.1,82.7,556.4,41.6,3.3
E06000032,Luton,None,0.3,asd_semh_accel,2029,729.3,76.8,652.5,44.4,3.6
E06000032,Luton,None,0.3,asd_semh_accel,2030,832.2,71.4,760.8,47.4,3.8
E06000032,Luton,None,0.3,cost_inflation,2024,377.0,111.0,266.0,32.0,2.6
E06000032,Luton,None,0.3,cost_inflation,2025,419.0,103.1,315.9,34.0,3.0
E06000032,Luton,None,0.3,cost_inflation,2026,465.6,95.8,369.8,36.0,3.5
E06000032,Luton,None,0.3,cost_inflation,2027,517.5,89.0,428.5,38.3,4.1
E06000032,Luton,None,0.3,cost_inflation,2028,575.1,82.7,492.4,40.6,4.8
E06000032,Luton,None,0.3,cost_inflation,2029,639.1,76.8,562.3,43.1,5.6
E06000032,Luton,None,0.3,cost_inflation,2030,710.3,71.4,638.9,45.8,6.5
E06000032,Luton,None,0.3,capacity_improvement,2024,377.0,111.0,266.0,32.0,2.6
E06000032,Luton,None,0.3,capacity_improvement,2025,419.0,144.3,274.7,33.9,2.7
E06000032,Luton,None,0.3,capacity_improvement,2026,465.6,183.7,282.0,35.8,2.9
E06000032,Luton,None,0.3,capacity_improvement,2027,517.5,230.0,287.5,37.9,3.0
E06000032,Luton,None,0.3,capacity_improvement,2028,575.1,284.3,290.7,40.1,3.2
E06000032,Luton,None,0.3,capacity_improvement,2029,639.1,348.0,291.2,42.5,3.4
E06000032,Luton,None,0.3,capacity_improvement,2030,710.3,422.2,288.1,44.9,3.6
E06000032,Luton,None,0.3,flat_throughput,2024,377.0,111.0,266.0,32.0,2.6
E06000032,Luton,None,0.3,flat_throughput,2025,419.0,111.0,308.0,34.0,2.7
E06000032,Luton,None,0.3,flat_throughput,2026,465.6,111.0,354.6,36.0,2.9
E06000032,Luton,None,0.3,flat_throughput,2027,517.5,111.0,406.5,38.3,3.1
E06000032,Luton,None,0.3,flat_throughput,2028,575.1,111.0,464.1,40.6,3.2
E06000032,Luton,None,0.3,flat_throughput,2029,639.1,111.0,528.1,43.1,3.4
E06000032,Luton,None,0.3,flat_throughput,2030,710.3,111.0,599.3,45.8,3.7
E08000003,Manchester,None,0.5,continuation,2024,1657.0,1052.0,605.0,147.0,11.8
E08000003,Manchester,None,0.5,continuation,2025,1868.3,1162.6,705.6,162.5,13.0
E08000003,Manchester,None,0.5,continuation,2026,2106.5,1284.9,821.5,179.7,14.4
E08000003,Manchester,None,0.5,continuation,2027,2375.0,1420.1,955.0,198.6,15.9
E08000003,Manchester,None,0.5,continuation,2028,2677.8,1569.4,1108.4,219.6,17.6
E08000003,Manchester,None,0.5,continuation,2029,3019.3,1734.5,1284.8,242.8,19.4
E08000003,Manchester,None,0.5,continuation,2030,3404.2,1916.9,1487.3,268.4,21.5
E08000003,Manchester,None,0.5,asd_semh_accel,2024,1657.0,1052.0,605.0,147.0,11.8
E08000003,Manchester,None,0.5,asd_semh_accel,2025,1925.2,1162.6,762.5,164.2,13.1
E08000003,Manchester,None,0.5,asd_semh_accel,2026,2236.7,1284.9,951.8,183.3,14.7
E08000003,Manchester,None,0.5,asd_semh_accel,2027,2598.7,1420.1,1178.6,204.7,16.4
E08000003,Manchester,None,0.5,asd_semh_accel,2028,3019.3,1569.4,1449.9,228.6,18.3
E08000003,Manchester,None,0.5,asd_semh_accel,2029,3507.9,1734.5,1773.4,255.3,20.4
E08000003,Manchester,None,0.5,asd_semh_accel,2030,4075.6,1916.9,2158.7,285.1,22.8
E08000003,Manchester,None,0.5,cost_inflation,2024,1657.0,1052.0,605.0,147.0,11.8
E08000003,Manchester,None,0.5,cost_inflation,2025,1868.3,1162.6,705.6,162.5,14.3
E08000003,Manchester,None,0.5,cost_inflation,2026,2106.5,1284.9,821.5,179.7,17.4
E08000003,Manchester,None,0.5,cost_inflation,2027,2375.0,1420.1,955.0,198.6,21.2
E08000003,Manchester,None,0.5,cost_inflation,2028,2677.8,1569.4,1108.4,219.6,25.7
E08000003,Manchester,None,0.5,cost_inflation,2029,3019.3,1734.5,1284.8,242.8,31.3
E08000003,Manchester,None,0.5,cost_inflation,2030,3404.2,1916.9,1487.3,268.4,38.0
E08000003,Manchester,None,0.5,capacity_improvement,2024,1657.0,1052.0,605.0,147.0,11.8
E08000003,Manchester,None,0.5,capacity_improvement,2025,1868.3,1214.4,653.9,161.7,12.9
E08000003,Manchester,None,0.5,capacity_improvement,2026,2106.5,1369.2,737.3,177.9,14.2
E08000003,Manchester,None,0.5,capacity_improvement,2027,2375.0,1543.8,831.3,195.7,15.7
E08000003,Manchester,None,0.5,capacity_improvement,2028,2677.8,1740.6,937.2,215.2,17.2
E08000003,Manchester,None,0.5,capacity_improvement,2029,3019.3,1962.5,1056.7,236.8,18.9
E08000003,Manchester,None,0.5,capacity_improvement,2030,3404.2,2212.7,1191.5,260.5,20.8
E08000003,Manchester,None,0.5,flat_throughput,2024,1657.0,1052.0,605.0,147.0,11.8
E08000003,Manchester,None,0.5,flat_throughput,2025,1868.3,1052.0,816.3,162.5,13.0
E08000003,Manchester,None,0.5,flat_throughput,2026,2106.5,1052.0,1054.5,179.7,14.4
E08000003,Manchester,None,0.5,flat_throughput,2027,2375.0,1052.0,1323.0,198.6,15.9
E08000003,Manchester,None,0.5,flat_throughput,2028,2677.8,1052.0,1625.8,219.6,17.6
E08000003,Manchester,None,0.5,flat_throughput,2029,3019.3,1052.0,1967.3,242.8,19.4
E08000003,Manchester,None,0.5,flat_throughput,2030,3404.2,1052.0,2352.2,268.4,21.5
E06000035,Medway,None,0.5,continuation,2024,377.0,44.0,333.0,305.0,24.4
E06000035,Medway,None,0.5,continuation,2025,396.7,37.9,358.8,343.9,27.5
E06000035,Medway,None,0.5,continuation,2026,417.3,32.6,384.7,387.7,31.0
E06000035,Medway,None,0.5,continuation,2027,439.1,28.1,411.0,437.2,35.0
E06000035,Medway,None,0.5,continuation,2028,462.0,24.1,437.8,492.9,39.4
E06000035,Medway,None,0.5,continuation,2029,486.0,20.8,465.3,555.7,44.5
E06000035,Medway,None,0.5,continuation,2030,511.4,17.9,493.5,626.6,50.1
E06000035,Medway,None,0.5,asd_semh_accel,2024,377.0,44.0,333.0,305.0,24.4
E06000035,Medway,None,0.5,asd_semh_accel,2025,401.7,37.9,363.9,348.0,27.8
E06000035,Medway,None,0.5,asd_semh_accel,2026,428.1,32.6,395.5,397.1,31.8
E06000035,Medway,None,0.5,asd_semh_accel,2027,456.1,28.1,428.1,453.2,36.3
E06000035,Medway,None,0.5,asd_semh_accel,2028,486.0,24.1,461.9,517.1,41.4
E06000035,Medway,None,0.5,asd_semh_accel,2029,517.9,20.8,497.1,590.1,47.2
E06000035,Medway,None,0.5,asd_semh_accel,2030,551.9,17.9,534.0,673.4,53.9
E06000035,Medway,None,0.5,cost_inflation,2024,377.0,44.0,333.0,305.0,24.4
E06000035,Medway,None,0.5,cost_inflation,2025,396.7,37.9,358.8,343.9,30.3
E06000035,Medway,None,0.5,cost_inflation,2026,417.3,32.6,384.7,387.7,37.5
E06000035,Medway,None,0.5,cost_inflation,2027,439.1,28.1,411.0,437.2,46.5
E06000035,Medway,None,0.5,cost_inflation,2028,462.0,24.1,437.8,492.9,57.7
E06000035,Medway,None,0.5,cost_inflation,2029,486.0,20.8,465.3,555.7,71.6
E06000035,Medway,None,0.5,cost_inflation,2030,511.4,17.9,493.5,626.6,88.8
E06000035,Medway,None,0.5,capacity_improvement,2024,377.0,44.0,333.0,305.0,24.4
E06000035,Medway,None,0.5,capacity_improvement,2025,396.7,66.1,330.5,341.8,27.3
E06000035,Medway,None,0.5,capacity_improvement,2026,417.3,90.4,326.9,383.1,30.6
E06000035,Medway,None,0.5,capacity_improvement,2027,439.1,117.1,322.0,429.4,34.3
E06000035,Medway,None,0.5,capacity_improvement,2028,462.0,146.3,315.7,481.2,38.5
E06000035,Medway,None,0.5,capacity_improvement,2029,486.0,178.2,307.8,539.3,43.1
E06000035,Medway,None,0.5,capacity_improvement,2030,511.4,213.1,298.3,604.4,48.4
E06000035,Medway,None,0.5,flat_throughput,2024,377.0,44.0,333.0,305.0,24.4
E06000035,Medway,None,0.5,flat_throughput,2025,396.7,44.0,352.7,343.9,27.5
E06000035,Medway,None,0.5,flat_throughput,2026,417.3,44.0,373.3,387.7,31.0
E06000035,Medway,None,0.5,flat_throughput,2027,439.1,44.0,395.1,437.2,35.0
E06000035,Medway,None,0.5,flat_throughput,2028,462.0,44.0,418.0,492.9,39.4
E06000035,Medway,None,0.5,flat_throughput,2029,486.0,44.0,442.0,555.7,44.5
E06000035,Medway,None,0.5,flat_throughput,2030,511.4,44.0,467.4,626.6,50.1
E09000024,Merton,None,0.5,continuation,2024,402.0,297.0,105.0,274.0,21.9
E09000024,Merton,None,0.5,continuation,2025,410.4,322.1,88.3,291.3,23.3
E09000024,Merton,None,0.5,continuation,2026,418.9,349.4,69.6,309.8,24.8
E09000024,Merton,None,0.5,continuation,2027,427.7,378.9,48.7,329.4,26.4
E09000024,Merton,None,0.5,continuation,2028,436.6,411.0,25.6,350.2,28.0
E09000024,Merton,None,0.5,continuation,2029,445.7,445.7,0.0,372.4,29.8
E09000024,Merton,None,0.5,continuation,2030,455.0,455.0,0.0,396.0,31.7
E09000024,Merton,None,0.5,asd_semh_accel,2024,402.0,297.0,105.0,274.0,21.9
E09000024,Merton,None,0.5,asd_semh_accel,2025,412.5,322.1,90.4,293.1,23.5
E09000024,Merton,None,0.5,asd_semh_accel,2026,423.3,349.4,73.9,313.6,25.1
E09000024,Merton,None,0.5,asd_semh_accel,2027,434.3,378.9,55.4,335.5,26.8
E09000024,Merton,None,0.5,asd_semh_accel,2028,445.7,411.0,34.7,359.0,28.7
E09000024,Merton,None,0.5,asd_semh_accel,2029,457.3,445.8,11.6,384.0,30.7
E09000024,Merton,None,0.5,asd_semh_accel,2030,469.2,469.2,0.0,410.8,32.9
E09000024,Merton,None,0.5,cost_inflation,2024,402.0,297.0,105.0,274.0,21.9
E09000024,Merton,None,0.5,cost_inflation,2025,410.4,322.1,88.3,291.3,25.6
E09000024,Merton,None,0.5,cost_inflation,2026,418.9,349.4,69.6,309.8,30.0
E09000024,Merton,None,0.5,cost_inflation,2027,427.7,378.9,48.7,329.4,35.1
E09000024,Merton,None,0.5,cost_inflation,2028,436.6,411.0,25.6,350.2,41.0
E09000024,Merton,None,0.5,cost_inflation,2029,445.7,445.7,0.0,372.4,48.0
E09000024,Merton,None,0.5,cost_inflation,2030,455.0,455.0,0.0,396.0,56.1
E09000024,Merton,None,0.5,capacity_improvement,2024,402.0,261.3,140.7,274.0,21.9
E09000024,Merton,None,0.5,capacity_improvement,2025,410.4,266.7,143.6,290.5,23.2
E09000024,Merton,None,0.5,capacity_improvement,2026,418.9,272.3,146.6,307.9,24.6
E09000024,Merton,None,0.5,capacity_improvement,2027,427.7,278.0,149.7,326.4,26.1
E09000024,Merton,None,0.5,capacity_improvement,2028,436.6,283.8,152.8,346.0,27.7
E09000024,Merton,None,0.5,capacity_improvement,2029,445.7,289.7,156.0,366.7,29.3
E09000024,Merton,None,0.5,capacity_improvement,2030,455.0,295.7,159.2,388.8,31.1
E09000024,Merton,None,0.5,flat_throughput,2024,402.0,297.0,105.0,274.0,21.9
E09000024,Merton,None,0.5,flat_throughput,2025,410.4,297.0,113.4,291.3,23.3
E09000024,Merton,None,0.5,flat_throughput,2026,418.9,297.0,121.9,309.8,24.8
E09000024,Merton,None,0.5,flat_throughput,2027,427.7,297.0,130.7,329.4,26.4
E09000024,Merton,None,0.5,flat_throughput,2028,436.6,297.0,139.6,350.2,28.0
E09000024,Merton,None,0.5,flat_throughput,2029,445.7,297.0,148.7,372.4,29.8
E09000024,Merton,None,0.5,flat_throughput,2030,455.0,297.0,158.0,396.0,31.7
E06000002,Middlesbrough,None,0.0,continuation,2024,306.0,300.0,6.0,80.0,6.4
E06000002,Middlesbrough,None,0.0,continuation,2025,345.0,331.6,13.5,90.2,7.2
E06000002,Middlesbrough,None,0.0,continuation,2026,389.0,366.4,22.6,101.7,8.1
E06000002,Middlesbrough,None,0.0,continuation,2027,438.6,405.0,33.6,114.7,9.2
E06000002,Middlesbrough,None,0.0,continuation,2028,494.5,447.5,47.0,129.3,10.3
E06000002,Middlesbrough,None,0.0,continuation,2029,557.6,494.6,63.0,145.8,11.7
E06000002,Middlesbrough,None,0.0,continuation,2030,628.7,546.6,82.0,164.4,13.1
E06000002,Middlesbrough,None,0.0,asd_semh_accel,2024,306.0,300.0,6.0,80.0,6.4
E06000002,Middlesbrough,None,0.0,asd_semh_accel,2025,355.5,331.6,24.0,91.3,7.3
E06000002,Middlesbrough,None,0.0,asd_semh_accel,2026,413.1,366.4,46.6,104.2,8.3
E06000002,Middlesbrough,None,0.0,asd_semh_accel,2027,479.9,405.0,74.9,118.9,9.5
E06000002,Middlesbrough,None,0.0,asd_semh_accel,2028,557.6,447.5,110.0,135.6,10.9
E06000002,Middlesbrough,None,0.0,asd_semh_accel,2029,647.8,494.6,153.2,154.8,12.4
E06000002,Middlesbrough,None,0.0,asd_semh_accel,2030,752.6,546.6,206.0,176.6,14.1
E06000002,Middlesbrough,None,0.0,cost_inflation,2024,306.0,300.0,6.0,80.0,6.4
E06000002,Middlesbrough,None,0.0,cost_inflation,2025,345.0,331.6,13.5,90.2,7.9
E06000002,Middlesbrough,None,0.0,cost_inflation,2026,389.0,366.4,22.6,101.7,9.8
E06000002,Middlesbrough,None,0.0,cost_inflation,2027,438.6,405.0,33.6,114.7,12.2
E06000002,Middlesbrough,None,0.0,cost_inflation,2028,494.5,447.5,47.0,129.3,15.1
E06000002,Middlesbrough,None,0.0,cost_inflation,2029,557.6,494.6,63.0,145.8,18.8
E06000002,Middlesbrough,None,0.0,cost_inflation,2030,628.7,546.6,82.0,164.4,23.3
E06000002,Middlesbrough,None,0.0,capacity_improvement,2024,306.0,198.9,107.1,80.0,6.4
E06000002,Middlesbrough,None,0.0,capacity_improvement,2025,345.0,224.3,120.8,89.7,7.2
E06000002,Middlesbrough,None,0.0,capacity_improvement,2026,389.0,252.9,136.2,100.5,8.0
E06000002,Middlesbrough,None,0.0,capacity_improvement,2027,438.6,285.1,153.5,112.6,9.0
E06000002,Middlesbrough,None,0.0,capacity_improvement,2028,494.5,321.4,173.1,126.2,10.1
E06000002,Middlesbrough,None,0.0,capacity_improvement,2029,557.6,362.4,195.1,141.5,11.3
E06000002,Middlesbrough,None,0.0,capacity_improvement,2030,628.7,408.6,220.0,158.5,12.7
E06000002,Middlesbrough,None,0.0,flat_throughput,2024,306.0,300.0,6.0,80.0,6.4
E06000002,Middlesbrough,None,0.0,flat_throughput,2025,345.0,300.0,45.0,90.2,7.2
E06000002,Middlesbrough,None,0.0,flat_throughput,2026,389.0,300.0,89.0,101.7,8.1
E06000002,Middlesbrough,None,0.0,flat_throughput,2027,438.6,300.0,138.6,114.7,9.2
E06000002,Middlesbrough,None,0.0,flat_throughput,2028,494.5,300.0,194.5,129.3,10.3
E06000002,Middlesbrough,None,0.0,flat_throughput,2029,557.6,300.0,257.6,145.8,11.7
E06000002,Middlesbrough,None,0.0,flat_throughput,2030,628.7,300.0,328.7,164.4,13.1
E06000042,Milton Keynes,None,0.1,continuation,2024,348.0,138.0,210.0,61.0,4.9
E06000042,Milton Keynes,None,0.1,continuation,2025,357.2,131.9,225.4,64.5,5.2
E06000042,Milton Keynes,None,0.1,continuation,2026,366.7,126.0,240.8,68.2,5.5
E06000042,Milton Keynes,None,0.1,continuation,2027,376.5,120.4,256.1,72.0,5.8
E06000042,Milton Keynes,None,0.1,continuation,2028,386.5,115.0,271.5,76.1,6.1
E06000042,Milton Keynes,None,0.1,continuation,2029,396.7,109.9,286.9,80.5,6.4
E06000042,Milton Keynes,None,0.1,continuation,2030,407.3,105.0,302.3,85.1,6.8
E06000042,Milton Keynes,None,0.1,asd_semh_accel,2024,348.0,138.0,210.0,61.0,4.9
E06000042,Milton Keynes,None,0.1,asd_semh_accel,2025,359.6,131.9,227.7,64.8,5.2
E06000042,Milton Keynes,None,0.1,asd_semh_accel,2026,371.6,126.0,245.6,68.9,5.5
E06000042,Milton Keynes,None,0.1,asd_semh_accel,2027,384.0,120.4,263.6,73.3,5.9
E06000042,Milton Keynes,None,0.1,asd_semh_accel,2028,396.7,115.0,281.7,77.9,6.2
E06000042,Milton Keynes,None,0.1,asd_semh_accel,2029,410.0,109.9,300.1,82.8,6.6
E06000042,Milton Keynes,None,0.1,asd_semh_accel,2030,423.6,105.0,318.6,88.0,7.0
E06000042,Milton Keynes,None,0.1,cost_inflation,2024,348.0,138.0,210.0,61.0,4.9
E06000042,Milton Keynes,None,0.1,cost_inflation,2025,357.2,131.9,225.4,64.5,5.7
E06000042,Milton Keynes,None,0.1,cost_inflation,2026,366.7,126.0,240.8,68.2,6.6
E06000042,Milton Keynes,None,0.1,cost_inflation,2027,376.5,120.4,256.1,72.0,7.7
E06000042,Milton Keynes,None,0.1,cost_inflation,2028,386.5,115.0,271.5,76.1,8.9
E06000042,Milton Keynes,None,0.1,cost_inflation,2029,396.7,109.9,286.9,80.5,10.4
E06000042,Milton Keynes,None,0.1,cost_inflation,2030,407.3,105.0,302.3,85.1,12.1
E06000042,Milton Keynes,None,0.1,capacity_improvement,2024,348.0,138.0,210.0,61.0,4.9
E06000042,Milton Keynes,None,0.1,capacity_improvement,2025,357.2,159.5,197.7,64.3,5.1
E06000042,Milton Keynes,None,0.1,capacity_improvement,2026,366.7,182.1,184.6,67.8,5.4
E06000042,Milton Keynes,None,0.1,capacity_improvement,2027,376.5,205.8,170.7,71.4,5.7
E06000042,Milton Keynes,None,0.1,capacity_improvement,2028,386.5,230.6,155.9,75.3,6.0
E06000042,Milton Keynes,None,0.1,capacity_improvement,2029,396.7,256.5,140.2,79.4,6.4
E06000042,Milton Keynes,None,0.1,capacity_improvement,2030,407.3,264.7,142.6,83.7,6.7
E06000042,Milton Keynes,None,0.1,flat_throughput,2024,348.0,138.0,210.0,61.0,4.9
E06000042,Milton Keynes,None,0.1,flat_throughput,2025,357.2,138.0,219.2,64.5,5.2
E06000042,Milton Keynes,None,0.1,flat_throughput,2026,366.7,138.0,228.7,68.2,5.5
E06000042,Milton Keynes,None,0.1,flat_throughput,2027,376.5,138.0,238.5,72.0,5.8
E06000042,Milton Keynes,None,0.1,flat_throughput,2028,386.5,138.0,248.5,76.1,6.1
E06000042,Milton Keynes,None,0.1,flat_throughput,2029,396.7,138.0,258.7,80.5,6.4
E06000042,Milton Keynes,None,0.1,flat_throughput,2030,407.3,138.0,269.3,85.1,6.8
E08000021,Newcastle upon Tyne,None,0.7,continuation,2024,476.0,42.0,434.0,41.0,3.3
E08000021,Newcastle upon Tyne,None,0.7,continuation,2025,536.7,36.1,500.5,46.2,3.7
E08000021,Newcastle upon Tyne,None,0.7,continuation,2026,605.1,31.1,574.0,52.1,4.2
E08000021,Newcastle upon Tyne,None,0.7,continuation,2027,682.3,26.8,655.5,58.8,4.7
E08000021,Newcastle upon Tyne,None,0.7,continuation,2028,769.3,23.1,746.2,66.3,5.3
E08000021,Newcastle upon Tyne,None,0.7,continuation,2029,867.3,19.8,847.5,74.7,6.0
E08000021,Newcastle upon Tyne,None,0.7,continuation,2030,977.9,17.1,960.8,84.2,6.7
E08000021,Newcastle upon Tyne,None,0.7,asd_semh_accel,2024,476.0,42.0,434.0,41.0,3.3
E08000021,Newcastle upon Tyne,None,0.7,asd_semh_accel,2025,553.0,36.1,516.9,46.8,3.7
E08000021,Newcastle upon Tyne,None,0.7,asd_semh_accel,2026,642.5,31.1,611.4,53.4,4.3
E08000021,Newcastle upon Tyne,None,0.7,asd_semh_accel,2027,746.5,26.8,719.7,60.9,4.9
E08000021,Newcastle upon Tyne,None,0.7,asd_semh_accel,2028,867.3,23.1,844.3,69.5,5.6
E08000021,Newcastle upon Tyne,None,0.7,asd_semh_accel,2029,1007.7,19.8,987.9,79.3,6.3
E08000021,Newcastle upon Tyne,None,0.7,asd_semh_accel,2030,1170.8,17.1,1153.7,90.5,7.2
E08000021,Newcastle upon Tyne,None,0.7,cost_inflation,2024,476.0,42.0,434.0,41.0,3.3
E08000021,Newcastle upon Tyne,None,0.7,cost_inflation,2025,536.7,36.1,500.5,46.2,4.1
E08000021,Newcastle upon Tyne,None,0.7,cost_inflation,2026,605.1,31.1,574.0,52.1,5.0
E08000021,Newcastle upon Tyne,None,0.7,cost_inflation,2027,682.3,26.8,655.5,58.8,6.3
E08000021,Newcastle upon Tyne,None,0.7,cost_inflation,2028,769.3,23.1,746.2,66.3,7.8
E08000021,Newcastle upon Tyne,None,0.7,cost_inflation,2029,867.3,19.8,847.5,74.7,9.6
E08000021,Newcastle upon Tyne,None,0.7,cost_inflation,2030,977.9,17.1,960.8,84.2,11.9
E08000021,Newcastle upon Tyne,None,0.7,capacity_improvement,2024,476.0,42.0,434.0,41.0,3.3
E08000021,Newcastle upon Tyne,None,0.7,capacity_improvement,2025,536.7,74.2,462.5,46.0,3.7
E08000021,Newcastle upon Tyne,None,0.7,capacity_improvement,2026,605.1,113.9,491.2,51.5,4.1
E08000021,Newcastle upon Tyne,None,0.7,capacity_improvement,2027,682.3,162.5,519.7,57.7,4.6
E08000021,Newcastle upon Tyne,None,0.7,capacity_improvement,2028,769.3,221.7,547.5,64.7,5.2
E08000021,Newcastle upon Tyne,None,0.7,capacity_improvement,2029,867.3,293.4,574.0,72.5,5.8
E08000021,Newcastle upon Tyne,None,0.7,capacity_improvement,2030,977.9,379.7,598.3,81.3,6.5
E08000021,Newcastle upon Tyne,None,0.7,flat_throughput,2024,476.0,42.0,434.0,41.0,3.3
E08000021,Newcastle upon Tyne,None,0.7,flat_throughput,2025,536.7,42.0,494.7,46.2,3.7
E08000021,Newcastle upon Tyne,None,0.7,flat_throughput,2026,605.1,42.0,563.1,52.1,4.2
E08000021,Newcastle upon Tyne,None,0.7,flat_throughput,2027,682.3,42.0,640.3,58.8,4.7
E08000021,Newcastle upon Tyne,None,0.7,flat_throughput,2028,769.3,42.0,727.3,66.3,5.3
E08000021,Newcastle upon Tyne,None,0.7,flat_throughput,2029,867.3,42.0,825.3,74.7,6.0
E08000021,Newcastle upon Tyne,None,0.7,flat_throughput,2030,977.9,42.0,935.9,84.2,6.7
E09000025,Newham,None,0.7,continuation,2024,476.0,274.0,202.0,24.0,1.9
E09000025,Newham,None,0.7,continuation,2025,469.8,302.8,167.0,25.6,2.0
E09000025,Newham,None,0.7,continuation,2026,463.7,334.7,129.1,27.2,2.2
E09000025,Newham,None,0.7,continuation,2027,457.7,369.9,87.8,29.0,2.3
E09000025,Newham,None,0.7,continuation,2028,451.8,408.8,43.0,30.9,2.5
E09000025,Newham,None,0.7,continuation,2029,445.9,445.9,0.0,32.9,2.6
E09000025,Newham,None,0.7,continuation,2030,440.1,440.1,0.0,35.1,2.8
E09000025,Newham,None,0.7,asd_semh_accel,2024,476.0,274.0,202.0,24.0,1.9
E09000025,Newham,None,0.7,asd_semh_accel,2025,468.3,302.8,165.5,25.7,2.1
E09000025,Newham,None,0.7,asd_semh_accel,2026,460.7,334.7,126.0,27.6,2.2
E09000025,Newham,None,0.7,asd_semh_accel,2027,453.2,369.9,83.4,29.6,2.4
E09000025,Newham,None,0.7,asd_semh_accel,2028,445.9,408.8,37.1,31.7,2.5
E09000025,Newham,None,0.7,asd_semh_accel,2029,438.7,438.7,0.0,34.0,2.7
E09000025,Newham,None,0.7,asd_semh_accel,2030,431.6,431.6,0.0,36.4,2.9
E09000025,Newham,None,0.7,cost_inflation,2024,476.0,274.0,202.0,24.0,1.9
E09000025,Newham,None,0.7,cost_inflation,2025,469.8,302.8,167.0,25.6,2.2
E09000025,Newham,None,0.7,cost_inflation,2026,463.7,334.7,129.1,27.2,2.6
E09000025,Newham,None,0.7,cost_inflation,2027,457.7,369.9,87.8,29.0,3.1
E09000025,Newham,None,0.7,cost_inflation,2028,451.8,408.8,43.0,30.9,3.6
E09000025,Newham,None,0.7,cost_inflation,2029,445.9,445.9,0.0,32.9,4.2
E09000025,Newham,None,0.7,cost_inflation,2030,440.1,440.1,0.0,35.1,5.0
E09000025,Newham,None,0.7,capacity_improvement,2024,476.0,274.0,202.0,24.0,1.9
E09000025,Newham,None,0.7,capacity_improvement,2025,469.8,293.9,175.9,25.5,2.0
E09000025,Newham,None,0.7,capacity_improvement,2026,463.7,301.4,162.3,27.1,2.2
E09000025,Newham,None,0.7,capacity_improvement,2027,457.7,297.5,160.2,28.7,2.3
E09000025,Newham,None,0.7,capacity_improvement,2028,451.8,293.6,158.1,30.5,2.4
E09000025,Newham,None,0.7,capacity_improvement,2029,445.9,289.8,156.1,32.4,2.6
E09000025,Newham,None,0.7,capacity_improvement,2030,440.1,286.1,154.0,34.4,2.8
E09000025,Newham,None,0.7,flat_throughput,2024,476.0,274.0,202.0,24.0,1.9
E09000025,Newham,None,0.7,flat_throughput,2025,469.8,274.0,195.8,25.6,2.0
E09000025,Newham,None,0.7,flat_throughput,2026,463.7,274.0,189.7,27.2,2.2
E09000025,Newham,None,0.7,flat_throughput,2027,457.7,274.0,183.7,29.0,2.3
E09000025,Newham,None,0.7,flat_throughput,2028,451.8,274.0,177.8,30.9,2.5
E09000025,Newham,None,0.7,flat_throughput,2029,445.9,274.0,171.9,32.9,2.6
E09000025,Newham,None,0.7,flat_throughput,2030,440.1,274.0,166.1,35.1,2.8
E10000020,Norfolk,None,0.9,continuation,2024,1909.0,1064.0,845.0,840.0,67.2
E10000020,Norfolk,None,0.9,continuation,2025,2152.4,1175.9,976.5,947.1,75.8
E10000020,Norfolk,None,0.9,continuation,2026,2426.8,1299.6,1127.2,1067.8,85.4
E10000020,Norfolk,None,0.9,continuation,2027,2736.2,1436.2,1300.0,1204.0,96.3
E10000020,Norfolk,None,0.9,continuation,2028,3085.1,1587.3,1497.8,1357.5,108.6
E10000020,Norfolk,None,0.9,continuation,2029,3478.4,1754.2,1724.2,1530.6,122.4
E10000020,Norfolk,None,0.9,continuation,2030,3921.9,1938.7,1983.2,1725.7,138.1
E10000020,Norfolk,None,0.9,asd_semh_accel,2024,1909.0,1064.0,845.0,840.0,67.2
E10000020,Norfolk,None,0.9,asd_semh_accel,2025,2217.9,1175.9,1042.0,958.5,76.7
E10000020,Norfolk,None,0.9,asd_semh_accel,2026,2576.9,1299.6,1277.3,1093.8,87.5
E10000020,Norfolk,None,0.9,asd_semh_accel,2027,2993.9,1436.2,1557.7,1248.1,99.9
E10000020,Norfolk,None,0.9,asd_semh_accel,2028,3478.4,1587.3,1891.1,1424.3,113.9
E10000020,Norfolk,None,0.9,asd_semh_accel,2029,4041.4,1754.2,2287.1,1625.2,130.0
E10000020,Norfolk,None,0.9,asd_semh_accel,2030,4695.4,1938.7,2756.6,1854.6,148.4
E10000020,Norfolk,None,0.9,cost_inflation,2024,1909.0,1064.0,845.0,840.0,67.2
E10000020,Norfolk,None,0.9,cost_inflation,2025,2152.4,1175.9,976.5,947.1,83.3
E10000020,Norfolk,None,0.9,cost_inflation,2026,2426.8,1299.6,1127.2,1067.8,103.4
E10000020,Norfolk,None,0.9,cost_inflation,2027,2736.2,1436.2,1300.0,1204.0,128.2
E10000020,Norfolk,None,0.9,cost_inflation,2028,3085.1,1587.3,1497.8,1357.5,159.0
E10000020,Norfolk,None,0.9,cost_inflation,2029,3478.4,1754.2,1724.2,1530.6,197.2
E10000020,Norfolk,None,0.9,cost_inflation,2030,3921.9,1938.7,1983.2,1725.7,244.6
E10000020,Norfolk,None,0.9,capacity_improvement,2024,1909.0,1064.0,845.0,840.0,67.2
E10000020,Norfolk,None,0.9,capacity_improvement,2025,2152.4,1307.3,845.1,941.4,75.3
E10000020,Norfolk,None,0.9,capacity_improvement,2026,2426.8,1577.4,849.4,1055.1,84.4
E10000020,Norfolk,None,0.9,capacity_improvement,2027,2736.2,1778.5,957.7,1182.5,94.6
E10000020,Norfolk,None,0.9,capacity_improvement,2028,3085.1,2005.3,1079.8,1325.3,106.0
E10000020,Norfolk,None,0.9,capacity_improvement,2029,3478.4,2261.0,1217.4,1485.3,118.8
E10000020,Norfolk,None,0.9,capacity_improvement,2030,3921.9,2549.2,1372.7,1664.7,133.2
E10000020,Norfolk,None,0.9,flat_throughput,2024,1909.0,1064.0,845.0,840.0,67.2
E10000020,Norfolk,None,0.9,flat_throughput,2025,2152.4,1064.0,1088.4,947.1,75.8
E10000020,Norfolk,None,0.9,flat_throughput,2026,2426.8,1064.0,1362.8,1067.8,85.4
E10000020,Norfolk,None,0.9,flat_throughput,2027,2736.2,1064.0,1672.2,1204.0,96.3
E10000020,Norfolk,None,0.9,flat_throughput,2028,3085.1,1064.0,2021.1,1357.5,108.6
E10000020,Norfolk,None,0.9,flat_throughput,2029,3478.4,1064.0,2414.4,1530.6,122.4
E10000020,Norfolk,None,0.9,flat_throughput,2030,3921.9,1064.0,2857.9,1725.7,138.1
E06000012,North East Lincolnshire,None,0.7,continuation,2024,364.0,136.0,228.0,137.0,11.0
E06000012,North East Lincolnshire,None,0.7,continuation,2025,410.4,145.1,265.3,154.5,12.4
E06000012,North East Lincolnshire,None,0.7,continuation,2026,462.7,154.8,308.0,174.2,13.9
E06000012,North East Lincolnshire,None,0.7,continuation,2027,521.7,165.1,356.6,196.4,15.7
E06000012,North East Lincolnshire,None,0.7,continuation,2028,588.3,176.1,412.1,221.4,17.7
E06000012,North East Lincolnshire,None,0.7,continuation,2029,663.3,187.9,475.4,249.6,20.0
E06000012,North East Lincolnshire,None,0.7,continuation,2030,747.8,200.4,547.4,281.5,22.5
E06000012,North East Lincolnshire,None,0.7,asd_semh_accel,2024,364.0,136.0,228.0,137.0,11.0
E06000012,North East Lincolnshire,None,0.7,asd_semh_accel,2025,422.9,145.1,277.8,156.3,12.5
E06000012,North East Lincolnshire,None,0.7,asd_semh_accel,2026,491.3,154.8,336.6,178.4,14.3
E06000012,North East Lincolnshire,None,0.7,asd_semh_accel,2027,570.9,165.1,405.8,203.6,16.3
E06000012,North East Lincolnshire,None,0.7,asd_semh_accel,2028,663.3,176.1,487.1,232.3,18.6
E06000012,North East Lincolnshire,None,0.7,asd_semh_accel,2029,770.6,187.9,582.7,265.1,21.2
E06000012,North East Lincolnshire,None,0.7,asd_semh_accel,2030,895.3,200.4,694.9,302.5,24.2
E06000012,North East Lincolnshire,None,0.7,cost_inflation,2024,364.0,136.0,228.0,137.0,11.0
E06000012,North East Lincolnshire,None,0.7,cost_inflation,2025,410.4,145.1,265.3,154.5,13.6
E06000012,North East Lincolnshire,None,0.7,cost_inflation,2026,462.7,154.8,308.0,174.2,16.9
E06000012,North East Lincolnshire,None,0.7,cost_inflation,2027,521.7,165.1,356.6,196.4,20.9
E06000012,North East Lincolnshire,None,0.7,cost_inflation,2028,588.3,176.1,412.1,221.4,25.9
E06000012,North East Lincolnshire,None,0.7,cost_inflation,2029,663.3,187.9,475.4,249.6,32.2
E06000012,North East Lincolnshire,None,0.7,cost_inflation,2030,747.8,200.4,547.4,281.5,39.9
E06000012,North East Lincolnshire,None,0.7,capacity_improvement,2024,364.0,136.0,228.0,137.0,11.0
E06000012,North East Lincolnshire,None,0.7,capacity_improvement,2025,410.4,173.9,236.5,153.5,12.3
E06000012,North East Lincolnshire,None,0.7,capacity_improvement,2026,462.7,219.2,243.6,172.1,13.8
E06000012,North East Lincolnshire,None,0.7,capacity_improvement,2027,521.7,273.2,248.5,192.9,15.4
E06000012,North East Lincolnshire,None,0.7,capacity_improvement,2028,588.3,337.4,250.8,216.2,17.3
E06000012,North East Lincolnshire,None,0.7,capacity_improvement,2029,663.3,413.6,249.6,242.3,19.4
E06000012,North East Lincolnshire,None,0.7,capacity_improvement,2030,747.8,486.1,261.7,271.5,21.7
E06000012,North East Lincolnshire,None,0.7,flat_throughput,2024,364.0,136.0,228.0,137.0,11.0
E06000012,North East Lincolnshire,None,0.7,flat_throughput,2025,410.4,136.0,274.4,154.5,12.4
E06000012,North East Lincolnshire,None,0.7,flat_throughput,2026,462.7,136.0,326.7,174.2,13.9
E06000012,North East Lincolnshire,None,0.7,flat_throughput,2027,521.7,136.0,385.7,196.4,15.7
E06000012,North East Lincolnshire,None,0.7,flat_throughput,2028,588.3,136.0,452.3,221.4,17.7
E06000012,North East Lincolnshire,None,0.7,flat_throughput,2029,663.3,136.0,527.3,249.6,20.0
E06000012,North East Lincolnshire,None,0.7,flat_throughput,2030,747.8,136.0,611.8,281.5,22.5
E06000013,North Lincolnshire,None,0.1,continuation,2024,188.0,35.0,153.0,86.0,6.9
E06000013,North Lincolnshire,None,0.1,continuation,2025,200.3,30.1,170.2,89.7,7.2
E06000013,North Lincolnshire,None,0.1,continuation,2026,213.5,25.9,187.6,93.6,7.5
E06000013,North Lincolnshire,None,0.1,continuation,2027,227.5,22.3,205.2,97.6,7.8
E06000013,North Lincolnshire,None,0.1,continuation,2028,242.5,19.2,223.2,101.8,8.1
E06000013,North Lincolnshire,None,0.1,continuation,2029,258.4,16.5,241.8,106.2,8.5
E06000013,North Lincolnshire,None,0.1,continuation,2030,275.3,14.2,261.1,110.8,8.9
E06000013,North Lincolnshire,None,0.1,asd_semh_accel,2024,188.0,35.0,153.0,86.0,6.9
E06000013,North Lincolnshire,None,0.1,asd_semh_accel,2025,203.6,30.1,173.4,90.1,7.2
E06000013,North Lincolnshire,None,0.1,asd_semh_accel,2026,220.4,25.9,194.5,94.4,7.6
E06000013,North Lincolnshire,None,0.1,asd_semh_accel,2027,238.6,22.3,216.3,98.9,7.9
E06000013,North Lincolnshire,None,0.1,asd_semh_accel,2028,258.4,19.2,239.2,103.6,8.3
E06000013,North Lincolnshire,None,0.1,asd_semh_accel,2029,279.7,16.5,263.2,108.5,8.7
E06000013,North Lincolnshire,None,0.1,asd_semh_accel,2030,302.9,14.2,288.7,113.7,9.1
E06000013,North Lincolnshire,None,0.1,cost_inflation,2024,188.0,35.0,153.0,86.0,6.9
E06000013,North Lincolnshire,None,0.1,cost_inflation,2025,200.3,30.1,170.2,89.7,7.9
E06000013,North Lincolnshire,None,0.1,cost_inflation,2026,213.5,25.9,187.6,93.6,9.1
E06000013,North Lincolnshire,None,0.1,cost_inflation,2027,227.5,22.3,205.2,97.6,10.4
E06000013,North Lincolnshire,None,0.1,cost_inflation,2028,242.5,19.2,223.2,101.8,11.9
E06000013,North Lincolnshire,None,0.1,cost_inflation,2029,258.4,16.5,241.8,106.2,13.7
E06000013,North Lincolnshire,None,0.1,cost_inflation,2030,275.3,14.2,261.1,110.8,15.7
E06000013,North Lincolnshire,None,0.1,capacity_improvement,2024,188.0,35.0,153.0,86.0,6.9
E06000013,North Lincolnshire,None,0.1,capacity_improvement,2025,200.3,47.3,153.0,89.5,7.2
E06000013,North Lincolnshire,None,0.1,capacity_improvement,2026,213.5,61.1,152.4,93.2,7.5
E06000013,North Lincolnshire,None,0.1,capacity_improvement,2027,227.5,76.5,151.0,97.0,7.8
E06000013,North Lincolnshire,None,0.1,capacity_improvement,2028,242.5,93.6,148.8,101.0,8.1
E06000013,North Lincolnshire,None,0.1,capacity_improvement,2029,258.4,112.7,145.7,105.1,8.4
E06000013,North Lincolnshire,None,0.1,capacity_improvement,2030,275.3,133.9,141.5,109.4,8.8
E06000013,North Lincolnshire,None,0.1,flat_throughput,2024,188.0,35.0,153.0,86.0,6.9
E06000013,North Lincolnshire,None,0.1,flat_throughput,2025,200.3,35.0,165.3,89.7,7.2
E06000013,North Lincolnshire,None,0.1,flat_throughput,2026,213.5,35.0,178.5,93.6,7.5
E06000013,North Lincolnshire,None,0.1,flat_throughput,2027,227.5,35.0,192.5,97.6,7.8
E06000013,North Lincolnshire,None,0.1,flat_throughput,2028,242.5,35.0,207.5,101.8,8.1
E06000013,North Lincolnshire,None,0.1,flat_throughput,2029,258.4,35.0,223.4,106.2,8.5
E06000013,North Lincolnshire,None,0.1,flat_throughput,2030,275.3,35.0,240.3,110.8,8.9
E06000061,North Northamptonshire,None,,continuation,2024,930.0,199.0,731.0,197.0,15.8
E06000061,North Northamptonshire,None,,continuation,2025,1048.6,219.9,828.6,222.1,17.8
E06000061,North Northamptonshire,None,,continuation,2026,1182.3,243.1,939.2,250.4,20.0
E06000061,North Northamptonshire,None,,continuation,2027,1333.0,268.6,1064.4,282.4,22.6
E06000061,North Northamptonshire,None,,continuation,2028,1502.9,296.9,1206.1,318.4,25.5
E06000061,North Northamptonshire,None,,continuation,2029,1694.6,328.1,1366.5,359.0,28.7
E06000061,North Northamptonshire,None,,continuation,2030,1910.6,362.6,1548.0,404.7,32.4
E06000061,North Northamptonshire,None,,asd_semh_accel,2024,930.0,199.0,731.0,197.0,15.8
E06000061,North Northamptonshire,None,,asd_semh_accel,2025,1080.5,219.9,860.6,224.8,18.0
E06000061,North Northamptonshire,None,,asd_semh_accel,2026,1255.4,243.1,1012.3,256.5,20.5
E06000061,North Northamptonshire,None,,asd_semh_accel,2027,1458.5,268.6,1189.9,292.7,23.4
E06000061,North Northamptonshire,None,,asd_semh_accel,2028,1694.6,296.9,1397.7,334.0,26.7
E06000061,North Northamptonshire,None,,asd_semh_accel,2029,1968.8,328.1,1640.7,381.2,30.5
E06000061,North Northamptonshire,None,,asd_semh_accel,2030,2287.4,362.6,1924.8,434.9,34.8
E06000061,North Northamptonshire,None,,cost_inflation,2024,930.0,199.0,731.0,197.0,15.8
E06000061,North Northamptonshire,None,,cost_inflation,2025,1048.6,219.9,828.6,222.1,19.5
E06000061,North Northamptonshire,None,,cost_inflation,2026,1182.3,243.1,939.2,250.4,24.2
E06000061,North Northamptonshire,None,,cost_inflation,2027,1333.0,268.6,1064.4,282.4,30.1
E06000061,North Northamptonshire,None,,cost_inflation,2028,1502.9,296.9,1206.1,318.4,37.3
E06000061,North Northamptonshire,None,,cost_inflation,2029,1694.6,328.1,1366.5,359.0,46.2
E06000061,North Northamptonshire,None,,cost_inflation,2030,1910.6,362.6,1548.0,404.7,57.4
E06000061,North Northamptonshire,None,,capacity_improvement,2024,930.0,199.0,731.0,197.0,15.8
E06000061,North Northamptonshire,None,,capacity_improvement,2025,1048.6,276.8,771.8,220.8,17.7
E06000061,North Northamptonshire,None,,capacity_improvement,2026,1182.3,371.2,811.1,247.4,19.8
E06000061,North Northamptonshire,None,,capacity_improvement,2027,1333.0,485.2,847.8,277.3,22.2
E06000061,North Northamptonshire,None,,capacity_improvement,2028,1502.9,622.2,880.8,310.8,24.9
E06000061,North Northamptonshire,None,,capacity_improvement,2029,1694.6,786.2,908.3,348.3,27.9
E06000061,North Northamptonshire,None,,capacity_improvement,2030,1910.6,982.0,928.6,390.4,31.2
E06000061,North Northamptonshire,None,,flat_throughput,2024,930.0,199.0,731.0,197.0,15.8
E06000061,North Northamptonshire,None,,flat_throughput,2025,1048.6,199.0,849.6,222.1,17.8
E06000061,North Northamptonshire,None,,flat_throughput,2026,1182.3,199.0,983.3,250.4,20.0
E06000061,North Northamptonshire,None,,flat_throughput,2027,1333.0,199.0,1134.0,282.4,22.6
E06000061,North Northamptonshire,None,,flat_throughput,2028,1502.9,199.0,1303.9,318.4,25.5
E06000061,North Northamptonshire,None,,flat_throughput,2029,1694.6,199.0,1495.6,359.0,28.7
E06000061,North Northamptonshire,None,,flat_throughput,2030,1910.6,199.0,1711.6,404.7,32.4
E06000024,North Somerset,None,0.1,continuation,2024,625.0,394.0,231.0,121.0,9.7
E06000024,North Somerset,None,0.1,continuation,2025,704.7,435.4,269.2,136.4,10.9
E06000024,North Somerset,None,0.1,continuation,2026,794.5,481.2,313.3,153.8,12.3
E06000024,North Somerset,None,0.1,continuation,2027,895.8,531.8,364.0,173.4,13.9
E06000024,North Somerset,None,0.1,continuation,2028,1010.0,587.8,422.3,195.5,15.6
E06000024,North Somerset,None,0.1,continuation,2029,1138.8,649.6,489.2,220.5,17.6
E06000024,North Somerset,None,0.1,continuation,2030,1284.0,717.9,566.1,248.6,19.9
E06000024,North Somerset,None,0.1,asd_semh_accel,2024,625.0,394.0,231.0,121.0,9.7
E06000024,North Somerset,None,0.1,asd_semh_accel,2025,726.1,435.4,290.7,138.1,11.0
E06000024,North Somerset,None,0.1,asd_semh_accel,2026,843.7,481.2,362.4,157.6,12.6
E06000024,North Somerset,None,0.1,asd_semh_accel,2027,980.2,531.8,448.4,179.8,14.4
E06000024,North Somerset,None,0.1,asd_semh_accel,2028,1138.8,587.8,551.0,205.2,16.4
E06000024,North Somerset,None,0.1,asd_semh_accel,2029,1323.1,649.6,673.5,234.1,18.7
E06000024,North Somerset,None,0.1,asd_semh_accel,2030,1537.3,717.9,819.3,267.1,21.4
E06000024,North Somerset,None,0.1,cost_inflation,2024,625.0,394.0,231.0,121.0,9.7
E06000024,North Somerset,None,0.1,cost_inflation,2025,704.7,435.4,269.2,136.4,12.0
E06000024,North Somerset,None,0.1,cost_inflation,2026,794.5,481.2,313.3,153.8,14.9
E06000024,North Somerset,None,0.1,cost_inflation,2027,895.8,531.8,364.0,173.4,18.5
E06000024,North Somerset,None,0.1,cost_inflation,2028,1010.0,587.8,422.3,195.5,22.9
E06000024,North Somerset,None,0.1,cost_inflation,2029,1138.8,649.6,489.2,220.5,28.4
E06000024,North Somerset,None,0.1,cost_inflation,2030,1284.0,717.9,566.1,248.6,35.2
E06000024,North Somerset,None,0.1,capacity_improvement,2024,625.0,394.0,231.0,121.0,9.7
E06000024,North Somerset,None,0.1,capacity_improvement,2025,704.7,458.0,246.6,135.6,10.8
E06000024,North Somerset,None,0.1,capacity_improvement,2026,794.5,516.4,278.1,152.0,12.2
E06000024,North Somerset,None,0.1,capacity_improvement,2027,895.8,582.3,313.5,170.3,13.6
E06000024,North Somerset,None,0.1,capacity_improvement,2028,1010.0,656.5,353.5,190.9,15.3
E06000024,North Somerset,None,0.1,capacity_improvement,2029,1138.8,740.2,398.6,214.0,17.1
E06000024,North Somerset,None,0.1,capacity_improvement,2030,1284.0,834.6,449.4,239.8,19.2
E06000024,North Somerset,None,0.1,flat_throughput,2024,625.0,394.0,231.0,121.0,9.7
E06000024,North Somerset,None,0.1,flat_throughput,2025,704.7,394.0,310.7,136.4,10.9
E06000024,North Somerset,None,0.1,flat_throughput,2026,794.5,394.0,400.5,153.8,12.3
E06000024,North Somerset,None,0.1,flat_throughput,2027,895.8,394.0,501.8,173.4,13.9
E06000024,North Somerset,None,0.1,flat_throughput,2028,1010.0,394.0,616.0,195.5,15.6
E06000024,North Somerset,None,0.1,flat_throughput,2029,1138.8,394.0,744.8,220.5,17.6
E06000024,North Somerset,None,0.1,flat_throughput,2030,1284.0,394.0,890.0,248.6,19.9
E08000022,North Tyneside,None,0.6,continuation,2024,230.0,90.0,140.0,32.0,2.6
E08000022,North Tyneside,None,0.6,continuation,2025,218.8,85.2,133.6,36.1,2.9
E08000022,North Tyneside,None,0.6,continuation,2026,208.1,80.6,127.5,40.7,3.3
E08000022,North Tyneside,None,0.6,continuation,2027,198.0,76.3,121.7,45.9,3.7
E08000022,North Tyneside,None,0.6,continuation,2028,188.3,72.2,116.1,51.7,4.1
E08000022,North Tyneside,None,0.6,continuation,2029,179.1,68.3,110.8,58.3,4.7
E08000022,North Tyneside,None,0.6,continuation,2030,170.4,64.7,105.7,65.7,5.3
E08000022,North Tyneside,None,0.6,asd_semh_accel,2024,230.0,90.0,140.0,32.0,2.6
E08000022,North Tyneside,None,0.6,asd_semh_accel,2025,216.1,85.2,130.9,36.5,2.9
E08000022,North Tyneside,None,0.6,asd_semh_accel,2026,203.0,80.6,122.4,41.7,3.3
E08000022,North Tyneside,None,0.6,asd_semh_accel,2027,190.7,76.3,114.4,47.5,3.8
E08000022,North Tyneside,None,0.6,asd_semh_accel,2028,179.1,72.2,106.9,54.3,4.3
E08000022,North Tyneside,None,0.6,asd_semh_accel,2029,168.3,68.3,99.9,61.9,5.0
E08000022,North Tyneside,None,0.6,asd_semh_accel,2030,158.1,64.7,93.4,70.6,5.7
E08000022,North Tyneside,None,0.6,cost_inflation,2024,230.0,90.0,140.0,32.0,2.6
E08000022,North Tyneside,None,0.6,cost_inflation,2025,218.8,85.2,133.6,36.1,3.2
E08000022,North Tyneside,None,0.6,cost_inflation,2026,208.1,80.6,127.5,40.7,3.9
E08000022,North Tyneside,None,0.6,cost_inflation,2027,198.0,76.3,121.7,45.9,4.9
E08000022,North Tyneside,None,0.6,cost_inflation,2028,188.3,72.2,116.1,51.7,6.1
E08000022,North Tyneside,None,0.6,cost_inflation,2029,179.1,68.3,110.8,58.3,7.5
E08000022,North Tyneside,None,0.6,cost_inflation,2030,170.4,64.7,105.7,65.7,9.3
E08000022,North Tyneside,None,0.6,capacity_improvement,2024,230.0,90.0,140.0,32.0,2.6
E08000022,North Tyneside,None,0.6,capacity_improvement,2025,218.8,96.5,122.2,35.9,2.9
E08000022,North Tyneside,None,0.6,capacity_improvement,2026,208.1,102.2,105.9,40.2,3.2
E08000022,North Tyneside,None,0.6,capacity_improvement,2027,198.0,107.2,90.8,45.0,3.6
E08000022,North Tyneside,None,0.6,capacity_improvement,2028,188.3,111.3,77.0,50.5,4.0
E08000022,North Tyneside,None,0.6,capacity_improvement,2029,179.1,114.9,64.3,56.6,4.5
E08000022,North Tyneside,None,0.6,capacity_improvement,2030,170.4,110.8,59.6,63.4,5.1
E08000022,North Tyneside,None,0.6,flat_throughput,2024,230.0,90.0,140.0,32.0,2.6
E08000022,North Tyneside,None,0.6,flat_throughput,2025,218.8,90.0,128.8,36.1,2.9
E08000022,North Tyneside,None,0.6,flat_throughput,2026,208.1,90.0,118.1,40.7,3.3
E08000022,North Tyneside,None,0.6,flat_throughput,2027,198.0,90.0,108.0,45.9,3.7
E08000022,North Tyneside,None,0.6,flat_throughput,2028,188.3,90.0,98.3,51.7,4.1
E08000022,North Tyneside,None,0.6,flat_throughput,2029,179.1,90.0,89.1,58.3,4.7
E08000022,North Tyneside,None,0.6,flat_throughput,2030,170.4,90.0,80.4,65.7,5.3
E10000023,North Yorkshire,None,0.6,continuation,2024,678.0,167.0,511.0,145.0,11.6
E10000023,North Yorkshire,None,0.6,continuation,2025,764.3,168.6,595.7,159.7,12.8
E10000023,North Yorkshire,None,0.6,continuation,2026,861.6,170.3,691.3,175.9,14.1
E10000023,North Yorkshire,None,0.6,continuation,2027,971.3,171.9,799.4,193.7,15.5
E10000023,North Yorkshire,None,0.6,continuation,2028,1094.9,173.6,921.3,213.3,17.1
E10000023,North Yorkshire,None,0.6,continuation,2029,1234.3,175.3,1059.0,234.9,18.8
E10000023,North Yorkshire,None,0.6,continuation,2030,1391.5,177.0,1214.4,258.7,20.7
E10000023,North Yorkshire,None,0.6,asd_semh_accel,2024,678.0,167.0,511.0,145.0,11.6
E10000023,North Yorkshire,None,0.6,asd_semh_accel,2025,787.6,168.6,618.9,161.2,12.9
E10000023,North Yorkshire,None,0.6,asd_semh_accel,2026,914.8,170.3,744.5,179.3,14.3
E10000023,North Yorkshire,None,0.6,asd_semh_accel,2027,1062.6,171.9,890.7,199.4,15.9
E10000023,North Yorkshire,None,0.6,asd_semh_accel,2028,1234.3,173.6,1060.7,221.7,17.7
E10000023,North Yorkshire,None,0.6,asd_semh_accel,2029,1433.8,175.3,1258.5,246.5,19.7
E10000023,North Yorkshire,None,0.6,asd_semh_accel,2030,1665.5,177.0,1488.4,274.1,21.9
E10000023,North Yorkshire,None,0.6,cost_inflation,2024,678.0,167.0,511.0,145.0,11.6
E10000023,North Yorkshire,None,0.6,cost_inflation,2025,764.3,168.6,595.7,159.7,14.1
E10000023,North Yorkshire,None,0.6,cost_inflation,2026,861.6,170.3,691.3,175.9,17.0
E10000023,North Yorkshire,None,0.6,cost_inflation,2027,971.3,171.9,799.4,193.7,20.6
E10000023,North Yorkshire,None,0.6,cost_inflation,2028,1094.9,173.6,921.3,213.3,25.0
E10000023,North Yorkshire,None,0.6,cost_inflation,2029,1234.3,175.3,1059.0,234.9,30.3
E10000023,North Yorkshire,None,0.6,cost_inflation,2030,1391.5,177.0,1214.4,258.7,36.7
E10000023,North Yorkshire,None,0.6,capacity_improvement,2024,678.0,167.0,511.0,145.0,11.6
E10000023,North Yorkshire,None,0.6,capacity_improvement,2025,764.3,226.5,537.8,158.9,12.7
E10000023,North Yorkshire,None,0.6,capacity_improvement,2026,861.6,298.4,563.2,174.2,13.9
E10000023,North Yorkshire,None,0.6,capacity_improvement,2027,971.3,384.9,586.4,190.9,15.3
E10000023,North Yorkshire,None,0.6,capacity_improvement,2028,1094.9,488.7,606.3,209.2,16.7
E10000023,North Yorkshire,None,0.6,capacity_improvement,2029,1234.3,612.6,621.7,229.3,18.3
E10000023,North Yorkshire,None,0.6,capacity_improvement,2030,1391.5,760.2,631.3,251.3,20.1
E10000023,North Yorkshire,None,0.6,flat_throughput,2024,678.0,167.0,511.0,145.0,11.6
E10000023,North Yorkshire,None,0.6,flat_throughput,2025,764.3,167.0,597.3,159.7,12.8
E10000023,North Yorkshire,None,0.6,flat_throughput,2026,861.6,167.0,694.6,175.9,14.1
E10000023,North Yorkshire,None,0.6,flat_throughput,2027,971.3,167.0,804.3,193.7,15.5
E10000023,North Yorkshire,None,0.6,flat_throughput,2028,1094.9,167.0,927.9,213.3,17.1
E10000023,North Yorkshire,None,0.6,flat_throughput,2029,1234.3,167.0,1067.3,234.9,18.8
E10000023,North Yorkshire,None,0.6,flat_throughput,2030,1391.5,167.0,1224.5,258.7,20.7
E06000057,Northumberland,None,0.3,continuation,2024,743.0,348.0,395.0,129.0,10.3
E06000057,Northumberland,None,0.3,continuation,2025,837.7,359.5,478.2,140.3,11.2
E06000057,Northumberland,None,0.3,continuation,2026,944.5,371.4,573.1,152.6,12.2
E06000057,Northumberland,None,0.3,continuation,2027,1065.0,383.7,681.3,165.9,13.3
E06000057,Northumberland,None,0.3,continuation,2028,1200.7,396.4,804.4,180.4,14.4
E06000057,Northumberland,None,0.3,continuation,2029,1353.8,409.5,944.3,196.2,15.7
E06000057,Northumberland,None,0.3,continuation,2030,1526.4,423.0,1103.4,213.4,17.1
E06000057,Northumberland,None,0.3,asd_semh_accel,2024,743.0,348.0,395.0,129.0,10.3
E06000057,Northumberland,None,0.3,asd_semh_accel,2025,863.2,359.5,503.7,141.5,11.3
E06000057,Northumberland,None,0.3,asd_semh_accel,2026,1002.9,371.4,631.5,155.2,12.4
E06000057,Northumberland,None,0.3,asd_semh_accel,2027,1165.3,383.7,781.6,170.2,13.6
E06000057,Northumberland,None,0.3,asd_semh_accel,2028,1353.8,396.4,957.5,186.6,14.9
E06000057,Northumberland,None,0.3,asd_semh_accel,2029,1572.9,409.5,1163.4,204.6,16.4
E06000057,Northumberland,None,0.3,asd_semh_accel,2030,1827.5,423.0,1404.4,224.4,18.0
E06000057,Northumberland,None,0.3,cost_inflation,2024,743.0,348.0,395.0,129.0,10.3
E06000057,Northumberland,None,0.3,cost_inflation,2025,837.7,359.5,478.2,140.3,12.3
E06000057,Northumberland,None,0.3,cost_inflation,2026,944.5,371.4,573.1,152.6,14.8
E06000057,Northumberland,None,0.3,cost_inflation,2027,1065.0,383.7,681.3,165.9,17.7
E06000057,Northumberland,None,0.3,cost_inflation,2028,1200.7,396.4,804.4,180.4,21.1
E06000057,Northumberland,None,0.3,cost_inflation,2029,1353.8,409.5,944.3,196.2,25.3
E06000057,Northumberland,None,0.3,cost_inflation,2030,1526.4,423.0,1103.4,213.4,30.2
E06000057,Northumberland,None,0.3,capacity_improvement,2024,743.0,348.0,395.0,129.0,10.3
E06000057,Northumberland,None,0.3,capacity_improvement,2025,837.7,434.3,403.5,139.7,11.2
E06000057,Northumberland,None,0.3,capacity_improvement,2026,944.5,536.8,407.7,151.3,12.1
E06000057,Northumberland,None,0.3,capacity_improvement,2027,1065.0,658.5,406.4,163.8,13.1
E06000057,Northumberland,None,0.3,capacity_improvement,2028,1200.7,780.5,420.3,177.4,14.2
E06000057,Northumberland,None,0.3,capacity_improvement,2029,1353.8,880.0,473.8,192.2,15.4
E06000057,Northumberland,None,0.3,capacity_improvement,2030,1526.4,992.2,534.3,208.1,16.6
E06000057,Northumberland,None,0.3,flat_throughput,2024,743.0,348.0,395.0,129.0,10.3
E06000057,Northumberland,None,0.3,flat_throughput,2025,837.7,348.0,489.7,140.3,11.2
E06000057,Northumberland,None,0.3,flat_throughput,2026,944.5,348.0,596.5,152.6,12.2
E06000057,Northumberland,None,0.3,flat_throughput,2027,1065.0,348.0,717.0,165.9,13.3
E06000057,Northumberland,None,0.3,flat_throughput,2028,1200.7,348.0,852.7,180.4,14.4
E06000057,Northumberland,None,0.3,flat_throughput,2029,1353.8,348.0,1005.8,196.2,15.7
E06000057,Northumberland,None,0.3,flat_throughput,2030,1526.4,348.0,1178.4,213.4,17.1
E06000018,Nottingham,None,0.0,continuation,2024,294.0,88.0,206.0,27.0,2.2
E06000018,Nottingham,None,0.0,continuation,2025,331.5,83.5,248.0,27.0,2.2
E06000018,Nottingham,None,0.0,continuation,2026,373.7,79.2,294.5,27.0,2.2
E06000018,Nottingham,None,0.0,continuation,2027,421.4,75.2,346.2,27.0,2.2
E06000018,Nottingham,None,0.0,continuation,2028,475.1,71.4,403.8,27.0,2.2
E06000018,Nottingham,None,0.0,continuation,2029,535.7,67.7,468.0,27.0,2.2
E06000018,Nottingham,None,0.0,continuation,2030,604.0,64.3,539.7,27.0,2.2
E06000018,Nottingham,None,0.0,asd_semh_accel,2024,294.0,88.0,206.0,27.0,2.2
E06000018,Nottingham,None,0.0,asd_semh_accel,2025,341.6,83.5,258.1,27.0,2.2
E06000018,Nottingham,None,0.0,asd_semh_accel,2026,396.9,79.2,317.6,27.0,2.2
E06000018,Nottingham,None,0.0,asd_semh_accel,2027,461.1,75.2,385.9,27.0,2.2
E06000018,Nottingham,None,0.0,asd_semh_accel,2028,535.7,71.4,464.3,27.0,2.2
E06000018,Nottingham,None,0.0,asd_semh_accel,2029,622.4,67.7,554.7,27.0,2.2
E06000018,Nottingham,None,0.0,asd_semh_accel,2030,723.1,64.3,658.9,27.0,2.2
E06000018,Nottingham,None,0.0,cost_inflation,2024,294.0,88.0,206.0,27.0,2.2
E06000018,Nottingham,None,0.0,cost_inflation,2025,331.5,83.5,248.0,27.0,2.4
E06000018,Nottingham,None,0.0,cost_inflation,2026,373.7,79.2,294.5,27.0,2.6
E06000018,Nottingham,None,0.0,cost_inflation,2027,421.4,75.2,346.2,27.0,2.9
E06000018,Nottingham,None,0.0,cost_inflation,2028,475.1,71.4,403.8,27.0,3.2
E06000018,Nottingham,None,0.0,cost_inflation,2029,535.7,67.7,468.0,27.0,3.5
E06000018,Nottingham,None,0.0,cost_inflation,2030,604.0,64.3,539.7,27.0,3.8
E06000018,Nottingham,None,0.0,capacity_improvement,2024,294.0,88.0,206.0,27.0,2.2
E06000018,Nottingham,None,0.0,capacity_improvement,2025,331.5,115.8,215.7,27.0,2.2
E06000018,Nottingham,None,0.0,capacity_improvement,2026,373.7,149.2,224.5,27.0,2.2
E06000018,Nottingham,None,0.0,capacity_improvement,2027,421.4,189.3,232.1,27.0,2.2
E06000018,Nottingham,None,0.0,capacity_improvement,2028,475.1,237.2,237.9,27.0,2.2
E06000018,Nottingham,None,0.0,capacity_improvement,2029,535.7,294.3,241.4,27.0,2.2
E06000018,Nottingham,None,0.0,capacity_improvement,2030,604.0,362.0,242.0,27.0,2.2
E06000018,Nottingham,None,0.0,flat_throughput,2024,294.0,88.0,206.0,27.0,2.2
E06000018,Nottingham,None,0.0,flat_throughput,2025,331.5,88.0,243.5,27.0,2.2
E06000018,Nottingham,None,0.0,flat_throughput,2026,373.7,88.0,285.7,27.0,2.2
E06000018,Nottingham,None,0.0,flat_throughput,2027,421.4,88.0,333.4,27.0,2.2
E06000018,Nottingham,None,0.0,flat_throughput,2028,475.1,88.0,387.1,27.0,2.2
E06000018,Nottingham,None,0.0,flat_throughput,2029,535.7,88.0,447.7,27.0,2.2
E06000018,Nottingham,None,0.0,flat_throughput,2030,604.0,88.0,516.0,27.0,2.2
E10000024,Nottinghamshire,None,0.3,continuation,2024,1259.0,472.0,787.0,275.0,22.0
E10000024,Nottinghamshire,None,0.3,continuation,2025,1419.5,469.6,949.9,310.1,24.8
E10000024,Nottinghamshire,None,0.3,continuation,2026,1600.5,467.2,1133.3,349.6,28.0
E10000024,Nottinghamshire,None,0.3,continuation,2027,1804.6,464.9,1339.7,394.2,31.5
E10000024,Nottinghamshire,None,0.3,continuation,2028,2034.6,462.5,1572.1,444.4,35.6
E10000024,Nottinghamshire,None,0.3,continuation,2029,2294.0,460.2,1833.9,501.1,40.1
E10000024,Nottinghamshire,None,0.3,continuation,2030,2586.5,457.9,2128.7,565.0,45.2
E10000024,Nottinghamshire,None,0.3,asd_semh_accel,2024,1259.0,472.0,787.0,275.0,22.0
E10000024,Nottinghamshire,None,0.3,asd_semh_accel,2025,1462.7,469.6,993.1,313.8,25.1
E10000024,Nottinghamshire,None,0.3,asd_semh_accel,2026,1699.5,467.2,1232.2,358.1,28.6
E10000024,Nottinghamshire,None,0.3,asd_semh_accel,2027,1974.5,464.9,1509.6,408.6,32.7
E10000024,Nottinghamshire,None,0.3,asd_semh_accel,2028,2294.0,462.5,1831.5,466.3,37.3
E10000024,Nottinghamshire,None,0.3,asd_semh_accel,2029,2665.3,460.2,2205.1,532.1,42.6
E10000024,Nottinghamshire,None,0.3,asd_semh_accel,2030,3096.6,457.9,2638.8,607.1,48.6
E10000024,Nottinghamshire,None,0.3,cost_inflation,2024,1259.0,472.0,787.0,275.0,22.0
E10000024,Nottinghamshire,None,0.3,cost_inflation,2025,1419.5,469.6,949.9,310.1,27.3
E10000024,Nottinghamshire,None,0.3,cost_inflation,2026,1600.5,467.2,1133.3,349.6,33.8
E10000024,Nottinghamshire,None,0.3,cost_inflation,2027,1804.6,464.9,1339.7,394.2,42.0
E10000024,Nottinghamshire,None,0.3,cost_inflation,2028,2034.6,462.5,1572.1,444.4,52.1
E10000024,Nottinghamshire,None,0.3,cost_inflation,2029,2294.0,460.2,1833.9,501.1,64.6
E10000024,Nottinghamshire,None,0.3,cost_inflation,2030,2586.5,457.9,2128.7,565.0,80.1
E10000024,Nottinghamshire,None,0.3,capacity_improvement,2024,1259.0,472.0,787.0,275.0,22.0
E10000024,Nottinghamshire,None,0.3,capacity_improvement,2025,1419.5,603.2,816.4,308.2,24.7
E10000024,Nottinghamshire,None,0.3,capacity_improvement,2026,1600.5,760.1,840.4,345.4,27.6
E10000024,Nottinghamshire,None,0.3,capacity_improvement,2027,1804.6,947.2,857.3,387.1,31.0
E10000024,Nottinghamshire,None,0.3,capacity_improvement,2028,2034.6,1169.7,864.9,433.9,34.7
E10000024,Nottinghamshire,None,0.3,capacity_improvement,2029,2294.0,1433.6,860.5,486.3,38.9
E10000024,Nottinghamshire,None,0.3,capacity_improvement,2030,2586.5,1681.2,905.3,545.0,43.6
E10000024,Nottinghamshire,None,0.3,flat_throughput,2024,1259.0,472.0,787.0,275.0,22.0
E10000024,Nottinghamshire,None,0.3,flat_throughput,2025,1419.5,472.0,947.5,310.1,24.8
E10000024,Nottinghamshire,None,0.3,flat_throughput,2026,1600.5,472.0,1128.5,349.6,28.0
E10000024,Nottinghamshire,None,0.3,flat_throughput,2027,1804.6,472.0,1332.6,394.2,31.5
E10000024,Nottinghamshire,None,0.3,flat_throughput,2028,2034.6,472.0,1562.6,444.4,35.6
E10000024,Nottinghamshire,None,0.3,flat_throughput,2029,2294.0,472.0,1822.0,501.1,40.1
E10000024,Nottinghamshire,None,0.3,flat_throughput,2030,2586.5,472.0,2114.5,565.0,45.2
E08000004,Oldham,None,0.1,continuation,2024,408.0,350.0,58.0,55.0,4.4
E08000004,Oldham,None,0.1,continuation,2025,444.1,385.5,58.6,52.3,4.2
E08000004,Oldham,None,0.1,continuation,2026,483.4,424.7,58.7,49.8,4.0
E08000004,Oldham,None,0.1,continuation,2027,526.2,467.8,58.4,47.3,3.8
E08000004,Oldham,None,0.1,continuation,2028,572.8,515.3,57.5,45.0,3.6
E08000004,Oldham,None,0.1,continuation,2029,623.5,567.6,55.9,42.8,3.4
E08000004,Oldham,None,0.1,continuation,2030,678.6,625.2,53.4,40.7,3.3
E08000004,Oldham,None,0.1,asd_semh_accel,2024,408.0,350.0,58.0,55.0,4.4
E08000004,Oldham,None,0.1,asd_semh_accel,2025,453.6,385.5,68.1,52.1,4.2
E08000004,Oldham,None,0.1,asd_semh_accel,2026,504.4,424.7,79.7,49.3,3.9
E08000004,Oldham,None,0.1,asd_semh_accel,2027,560.8,467.8,93.0,46.6,3.7
E08000004,Oldham,None,0.1,asd_semh_accel,2028,623.5,515.3,108.2,44.1,3.5
E08000004,Oldham,None,0.1,asd_semh_accel,2029,693.2,567.6,125.6,41.8,3.3
E08000004,Oldham,None,0.1,asd_semh_accel,2030,770.7,625.2,145.5,39.5,3.2
E08000004,Oldham,None,0.1,cost_inflation,2024,408.0,350.0,58.0,55.0,4.4
E08000004,Oldham,None,0.1,cost_inflation,2025,444.1,385.5,58.6,52.3,4.6
E08000004,Oldham,None,0.1,cost_inflation,2026,483.4,424.7,58.7,49.8,4.8
E08000004,Oldham,None,0.1,cost_inflation,2027,526.2,467.8,58.4,47.3,5.0
E08000004,Oldham,None,0.1,cost_inflation,2028,572.8,515.3,57.5,45.0,5.3
E08000004,Oldham,None,0.1,cost_inflation,2029,623.5,567.6,55.9,42.8,5.5
E08000004,Oldham,None,0.1,cost_inflation,2030,678.6,625.2,53.4,40.7,5.8
E08000004,Oldham,None,0.1,capacity_improvement,2024,408.0,265.2,142.8,55.0,4.4
E08000004,Oldham,None,0.1,capacity_improvement,2025,444.1,288.7,155.4,52.4,4.2
E08000004,Oldham,None,0.1,capacity_improvement,2026,483.4,314.2,169.2,50.0,4.0
E08000004,Oldham,None,0.1,capacity_improvement,2027,526.2,342.0,184.2,47.7,3.8
E08000004,Oldham,None,0.1,capacity_improvement,2028,572.8,372.3,200.5,45.5,3.6
E08000004,Oldham,None,0.1,capacity_improvement,2029,623.5,405.2,218.2,43.4,3.5
E08000004,Oldham,None,0.1,capacity_improvement,2030,678.6,441.1,237.5,41.4,3.3
E08000004,Oldham,None,0.1,flat_throughput,2024,408.0,350.0,58.0,55.0,4.4
E08000004,Oldham,None,0.1,flat_throughput,2025,444.1,350.0,94.1,52.3,4.2
E08000004,Oldham,None,0.1,flat_throughput,2026,483.4,350.0,133.4,49.8,4.0
E08000004,Oldham,None,0.1,flat_throughput,2027,526.2,350.0,176.2,47.3,3.8
E08000004,Oldham,None,0.1,flat_throughput,2028,572.8,350.0,222.8,45.0,3.6
E08000004,Oldham,None,0.1,flat_throughput,2029,623.5,350.0,273.5,42.8,3.4
E08000004,Oldham,None,0.1,flat_throughput,2030,678.6,350.0,328.6,40.7,3.3
E10000025,Oxfordshire,None,0.8,continuation,2024,962.0,371.0,591.0,297.0,23.8
E10000025,Oxfordshire,None,0.8,continuation,2025,1039.8,363.0,676.7,320.1,25.6
E10000025,Oxfordshire,None,0.8,continuation,2026,1123.8,355.2,768.6,345.0,27.6
E10000025,Oxfordshire,None,0.8,continuation,2027,1214.6,347.6,867.0,371.8,29.7
E10000025,Oxfordshire,None,0.8,continuation,2028,1312.8,340.1,972.7,400.7,32.1
E10000025,Oxfordshire,None,0.8,continuation,2029,1418.9,332.8,1086.1,431.9,34.5
E10000025,Oxfordshire,None,0.8,continuation,2030,1533.6,325.6,1207.9,465.4,37.2
E10000025,Oxfordshire,None,0.8,asd_semh_accel,2024,962.0,371.0,591.0,297.0,23.8
E10000025,Oxfordshire,None,0.8,asd_semh_accel,2025,1060.2,363.0,697.1,322.5,25.8
E10000025,Oxfordshire,None,0.8,asd_semh_accel,2026,1168.3,355.2,813.1,350.2,28.0
E10000025,Oxfordshire,None,0.8,asd_semh_accel,2027,1287.5,347.6,939.9,380.2,30.4
E10000025,Oxfordshire,None,0.8,asd_semh_accel,2028,1418.9,340.1,1078.8,412.9,33.0
E10000025,Oxfordshire,None,0.8,asd_semh_accel,2029,1563.7,332.8,1230.9,448.3,35.9
E10000025,Oxfordshire,None,0.8,asd_semh_accel,2030,1723.2,325.6,1397.6,486.8,38.9
E10000025,Oxfordshire,None,0.8,cost_inflation,2024,962.0,371.0,591.0,297.0,23.8
E10000025,Oxfordshire,None,0.8,cost_inflation,2025,1039.8,363.0,676.7,320.1,28.2
E10000025,Oxfordshire,None,0.8,cost_inflation,2026,1123.8,355.2,768.6,345.0,33.4
E10000025,Oxfordshire,None,0.8,cost_inflation,2027,1214.6,347.6,867.0,371.8,39.6
E10000025,Oxfordshire,None,0.8,cost_inflation,2028,1312.8,340.1,972.7,400.7,46.9
E10000025,Oxfordshire,None,0.8,cost_inflation,2029,1418.9,332.8,1086.1,431.9,55.6
E10000025,Oxfordshire,None,0.8,cost_inflation,2030,1533.6,325.6,1207.9,465.4,66.0
E10000025,Oxfordshire,None,0.8,capacity_improvement,2024,962.0,371.0,591.0,297.0,23.8
E10000025,Oxfordshire,None,0.8,capacity_improvement,2025,1039.8,453.0,586.8,318.9,25.5
E10000025,Oxfordshire,None,0.8,capacity_improvement,2026,1123.8,545.8,578.0,342.4,27.4
E10000025,Oxfordshire,None,0.8,capacity_improvement,2027,1214.6,650.6,564.0,367.6,29.4
E10000025,Oxfordshire,None,0.8,capacity_improvement,2028,1312.8,768.8,543.9,394.7,31.6
E10000025,Oxfordshire,None,0.8,capacity_improvement,2029,1418.9,901.9,517.0,423.8,33.9
E10000025,Oxfordshire,None,0.8,capacity_improvement,2030,1533.6,996.8,536.7,455.1,36.4
E10000025,Oxfordshire,None,0.8,flat_throughput,2024,962.0,371.0,591.0,297.0,23.8
E10000025,Oxfordshire,None,0.8,flat_throughput,2025,1039.8,371.0,668.8,320.1,25.6
E10000025,Oxfordshire,None,0.8,flat_throughput,2026,1123.8,371.0,752.8,345.0,27.6
E10000025,Oxfordshire,None,0.8,flat_throughput,2027,1214.6,371.0,843.6,371.8,29.7
E10000025,Oxfordshire,None,0.8,flat_throughput,2028,1312.8,371.0,941.8,400.7,32.1
E10000025,Oxfordshire,None,0.8,flat_throughput,2029,1418.9,371.0,1047.9,431.9,34.5
E10000025,Oxfordshire,None,0.8,flat_throughput,2030,1533.6,371.0,1162.6,465.4,37.2
E06000031,Peterborough,None,0.2,continuation,2024,389.0,335.0,54.0,0.0,0.0
E06000031,Peterborough,None,0.2,continuation,2025,438.6,370.2,68.4,0.0,0.0
E06000031,Peterborough,None,0.2,continuation,2026,494.5,409.2,85.3,0.0,0.0
E06000031,Peterborough,None,0.2,continuation,2027,557.6,452.2,105.4,0.0,0.0
E06000031,Peterborough,None,0.2,continuation,2028,628.7,499.8,128.9,0.0,0.0
E06000031,Peterborough,None,0.2,continuation,2029,708.8,552.3,156.5,0.0,0.0
E06000031,Peterborough,None,0.2,continuation,2030,799.2,610.4,188.8,0.0,0.0
E06000031,Peterborough,None,0.2,asd_semh_accel,2024,389.0,335.0,54.0,0.0,0.0
E06000031,Peterborough,None,0.2,asd_semh_accel,2025,452.0,370.2,81.7,0.0,0.0
E06000031,Peterborough,None,0.2,asd_semh_accel,2026,525.1,409.2,115.9,0.0,0.0
E06000031,Peterborough,None,0.2,asd_semh_accel,2027,610.1,452.2,157.9,0.0,0.0
E06000031,Peterborough,None,0.2,asd_semh_accel,2028,708.8,499.8,209.0,0.0,0.0
E06000031,Peterborough,None,0.2,asd_semh_accel,2029,823.5,552.3,271.2,0.0,0.0
E06000031,Peterborough,None,0.2,asd_semh_accel,2030,956.8,610.4,346.4,0.0,0.0
E06000031,Peterborough,None,0.2,cost_inflation,2024,389.0,335.0,54.0,0.0,0.0
E06000031,Peterborough,None,0.2,cost_inflation,2025,438.6,370.2,68.4,0.0,0.0
E06000031,Peterborough,None,0.2,cost_inflation,2026,494.5,409.2,85.3,0.0,0.0
E06000031,Peterborough,None,0.2,cost_inflation,2027,557.6,452.2,105.4,0.0,0.0
E06000031,Peterborough,None,0.2,cost_inflation,2028,628.7,499.8,128.9,0.0,0.0
E06000031,Peterborough,None,0.2,cost_inflation,2029,708.8,552.3,156.5,0.0,0.0
E06000031,Peterborough,None,0.2,cost_inflation,2030,799.2,610.4,188.8,0.0,0.0
E06000031,Peterborough,None,0.2,capacity_improvement,2024,389.0,252.9,136.1,0.0,0.0
E06000031,Peterborough,None,0.2,capacity_improvement,2025,438.6,285.1,153.5,0.0,0.0
E06000031,Peterborough,None,0.2,capacity_improvement,2026,494.5,321.4,173.1,0.0,0.0
E06000031,Peterborough,None,0.2,capacity_improvement,2027,557.6,362.4,195.1,0.0,0.0
E06000031,Peterborough,None,0.2,capacity_improvement,2028,628.7,408.6,220.0,0.0,0.0
E06000031,Peterborough,None,0.2,capacity_improvement,2029,708.8,460.7,248.1,0.0,0.0
E06000031,Peterborough,None,0.2,capacity_improvement,2030,799.2,519.5,279.7,0.0,0.0
E06000031,Peterborough,None,0.2,flat_throughput,2024,389.0,335.0,54.0,0.0,0.0
E06000031,Peterborough,None,0.2,flat_throughput,2025,438.6,335.0,103.6,0.0,0.0
E06000031,Peterborough,None,0.2,flat_throughput,2026,494.5,335.0,159.5,0.0,0.0
E06000031,Peterborough,None,0.2,flat_throughput,2027,557.6,335.0,222.6,0.0,0.0
E06000031,Peterborough,None,0.2,flat_throughput,2028,628.7,335.0,293.7,0.0,0.0
E06000031,Peterborough,None,0.2,flat_throughput,2029,708.8,335.0,373.8,0.0,0.0
E06000031,Peterborough,None,0.2,flat_throughput,2030,799.2,335.0,464.2,0.0,0.0
E06000026,Plymouth,None,0.4,continuation,2024,403.0,24.0,379.0,82.0,6.6
E06000026,Plymouth,None,0.4,continuation,2025,454.4,20.7,433.7,92.5,7.4
E06000026,Plymouth,None,0.4,continuation,2026,512.3,17.8,494.5,104.2,8.3
E06000026,Plymouth,None,0.4,continuation,2027,577.6,15.3,562.3,117.5,9.4
E06000026,Plymouth,None,0.4,continuation,2028,651.3,13.2,638.1,132.5,10.6
E06000026,Plymouth,None,0.4,continuation,2029,734.3,11.3,723.0,149.4,12.0
E06000026,Plymouth,None,0.4,continuation,2030,827.9,9.8,818.2,168.5,13.5
E06000026,Plymouth,None,0.4,asd_semh_accel,2024,403.0,24.0,379.0,82.0,6.6
E06000026,Plymouth,None,0.4,asd_semh_accel,2025,468.2,20.7,447.6,93.6,7.5
E06000026,Plymouth,None,0.4,asd_semh_accel,2026,544.0,17.8,526.2,106.8,8.5
E06000026,Plymouth,None,0.4,asd_semh_accel,2027,632.0,15.3,616.7,121.8,9.7
E06000026,Plymouth,None,0.4,asd_semh_accel,2028,734.3,13.2,721.1,139.0,11.1
E06000026,Plymouth,None,0.4,asd_semh_accel,2029,853.2,11.3,841.8,158.7,12.7
E06000026,Plymouth,None,0.4,asd_semh_accel,2030,991.2,9.8,981.5,181.0,14.5
E06000026,Plymouth,None,0.4,cost_inflation,2024,403.0,24.0,379.0,82.0,6.6
E06000026,Plymouth,None,0.4,cost_inflation,2025,454.4,20.7,433.7,92.5,8.1
E06000026,Plymouth,None,0.4,cost_inflation,2026,512.3,17.8,494.5,104.2,10.1
E06000026,Plymouth,None,0.4,cost_inflation,2027,577.6,15.3,562.3,117.5,12.5
E06000026,Plymouth,None,0.4,cost_inflation,2028,651.3,13.2,638.1,132.5,15.5
E06000026,Plymouth,None,0.4,cost_inflation,2029,734.3,11.3,723.0,149.4,19.3
E06000026,Plymouth,None,0.4,cost_inflation,2030,827.9,9.8,818.2,168.5,23.9
E06000026,Plymouth,None,0.4,capacity_improvement,2024,403.0,24.0,379.0,82.0,6.6
E06000026,Plymouth,None,0.4,capacity_improvement,2025,454.4,49.8,404.6,91.9,7.4
E06000026,Plymouth,None,0.4,capacity_improvement,2026,512.3,81.7,430.6,103.0,8.2
E06000026,Plymouth,None,0.4,capacity_improvement,2027,577.6,121.0,456.6,115.4,9.2
E06000026,Plymouth,None,0.4,capacity_improvement,2028,651.3,169.0,482.2,129.4,10.4
E06000026,Plymouth,None,0.4,capacity_improvement,2029,734.3,227.3,507.0,145.0,11.6
E06000026,Plymouth,None,0.4,capacity_improvement,2030,827.9,297.7,530.2,162.5,13.0
E06000026,Plymouth,None,0.4,flat_throughput,2024,403.0,24.0,379.0,82.0,6.6
E06000026,Plymouth,None,0.4,flat_throughput,2025,454.4,24.0,430.4,92.5,7.4
E06000026,Plymouth,None,0.4,flat_throughput,2026,512.3,24.0,488.3,104.2,8.3
E06000026,Plymouth,None,0.4,flat_throughput,2027,577.6,24.0,553.6,117.5,9.4
E06000026,Plymouth,None,0.4,flat_throughput,2028,651.3,24.0,627.3,132.5,10.6
E06000026,Plymouth,None,0.4,flat_throughput,2029,734.3,24.0,710.3,149.4,12.0
E06000026,Plymouth,None,0.4,flat_throughput,2030,827.9,24.0,803.9,168.5,13.5
E06000044,Portsmouth,None,0.0,continuation,2024,485.0,21.0,464.0,20.0,1.6
E06000044,Portsmouth,None,0.0,continuation,2025,546.8,18.1,528.8,19.0,1.5
E06000044,Portsmouth,None,0.0,continuation,2026,616.6,15.6,601.0,18.1,1.4
E06000044,Portsmouth,None,0.0,continuation,2027,695.2,13.4,681.8,17.2,1.4
E06000044,Portsmouth,None,0.0,continuation,2028,783.8,11.5,772.3,16.4,1.3
E06000044,Portsmouth,None,0.0,continuation,2029,883.7,9.9,873.8,15.6,1.2
E06000044,Portsmouth,None,0.0,continuation,2030,996.4,8.5,987.9,14.8,1.2
E06000044,Portsmouth,None,0.0,asd_semh_accel,2024,485.0,21.0,464.0,20.0,1.6
E06000044,Portsmouth,None,0.0,asd_semh_accel,2025,563.5,18.1,545.4,18.9,1.5
E06000044,Portsmouth,None,0.0,asd_semh_accel,2026,654.7,15.6,639.1,17.9,1.4
E06000044,Portsmouth,None,0.0,asd_semh_accel,2027,760.6,13.4,747.2,17.0,1.4
E06000044,Portsmouth,None,0.0,asd_semh_accel,2028,883.7,11.5,872.2,16.1,1.3
E06000044,Portsmouth,None,0.0,asd_semh_accel,2029,1026.7,9.9,1016.8,15.2,1.2
E06000044,Portsmouth,None,0.0,asd_semh_accel,2030,1192.9,8.5,1184.4,14.4,1.2
E06000044,Portsmouth,None,0.0,cost_inflation,2024,485.0,21.0,464.0,20.0,1.6
E06000044,Portsmouth,None,0.0,cost_inflation,2025,546.8,18.1,528.8,19.0,1.7
E06000044,Portsmouth,None,0.0,cost_inflation,2026,616.6,15.6,601.0,18.1,1.8
E06000044,Portsmouth,None,0.0,cost_inflation,2027,695.2,13.4,681.8,17.2,1.8
E06000044,Portsmouth,None,0.0,cost_inflation,2028,783.8,11.5,772.3,16.4,1.9
E06000044,Portsmouth,None,0.0,cost_inflation,2029,883.7,9.9,873.8,15.6,2.0
E06000044,Portsmouth,None,0.0,cost_inflation,2030,996.4,8.5,987.9,14.8,2.1
E06000044,Portsmouth,None,0.0,capacity_improvement,2024,485.0,21.0,464.0,20.0,1.6
E06000044,Portsmouth,None,0.0,capacity_improvement,2025,546.8,51.0,495.8,19.1,1.5
E06000044,Portsmouth,None,0.0,capacity_improvement,2026,616.6,88.4,528.2,18.2,1.5
E06000044,Portsmouth,None,0.0,capacity_improvement,2027,695.2,134.4,560.8,17.3,1.4
E06000044,Portsmouth,None,0.0,capacity_improvement,2028,783.8,190.7,593.1,16.5,1.3
E06000044,Portsmouth,None,0.0,capacity_improvement,2029,883.7,259.2,624.5,15.8,1.3
E06000044,Portsmouth,None,0.0,capacity_improvement,2030,996.4,342.1,654.3,15.0,1.2
E06000044,Portsmouth,None,0.0,flat_throughput,2024,485.0,21.0,464.0,20.0,1.6
E06000044,Portsmouth,None,0.0,flat_throughput,2025,546.8,21.0,525.8,19.0,1.5
E06000044,Portsmouth,None,0.0,flat_throughput,2026,616.6,21.0,595.6,18.1,1.4
E06000044,Portsmouth,None,0.0,flat_throughput,2027,695.2,21.0,674.2,17.2,1.4
E06000044,Portsmouth,None,0.0,flat_throughput,2028,783.8,21.0,762.8,16.4,1.3
E06000044,Portsmouth,None,0.0,flat_throughput,2029,883.7,21.0,862.7,15.6,1.2
E06000044,Portsmouth,None,0.0,flat_throughput,2030,996.4,21.0,975.4,14.8,1.2
E06000038,Reading,None,0.2,continuation,2024,304.0,187.0,117.0,69.0,5.5
E06000038,Reading,None,0.2,continuation,2025,342.8,206.7,136.1,77.0,6.2
E06000038,Reading,None,0.2,continuation,2026,386.5,228.4,158.1,86.0,6.9
E06000038,Reading,None,0.2,continuation,2027,435.7,252.4,183.3,96.0,7.7
E06000038,Reading,None,0.2,continuation,2028,491.3,279.0,212.3,107.1,8.6
E06000038,Reading,None,0.2,continuation,2029,553.9,308.3,245.6,119.6,9.6
E06000038,Reading,None,0.2,continuation,2030,624.5,340.7,283.8,133.5,10.7
E06000038,Reading,None,0.2,asd_semh_accel,2024,304.0,187.0,117.0,69.0,5.5
E06000038,Reading,None,0.2,asd_semh_accel,2025,353.2,206.7,146.5,77.9,6.2
E06000038,Reading,None,0.2,asd_semh_accel,2026,410.4,228.4,182.0,87.9,7.0
E06000038,Reading,None,0.2,asd_semh_accel,2027,476.8,252.4,224.3,99.2,7.9
E06000038,Reading,None,0.2,asd_semh_accel,2028,553.9,279.0,275.0,112.0,9.0
E06000038,Reading,None,0.2,asd_semh_accel,2029,643.6,308.3,335.3,126.4,10.1
E06000038,Reading,None,0.2,asd_semh_accel,2030,747.7,340.7,407.0,142.6,11.4
E06000038,Reading,None,0.2,cost_inflation,2024,304.0,187.0,117.0,69.0,5.5
E06000038,Reading,None,0.2,cost_inflation,2025,342.8,206.7,136.1,77.0,6.8
E06000038,Reading,None,0.2,cost_inflation,2026,386.5,228.4,158.1,86.0,8.3
E06000038,Reading,None,0.2,cost_inflation,2027,435.7,252.4,183.3,96.0,10.2
E06000038,Reading,None,0.2,cost_inflation,2028,491.3,279.0,212.3,107.1,12.5
E06000038,Reading,None,0.2,cost_inflation,2029,553.9,308.3,245.6,119.6,15.4
E06000038,Reading,None,0.2,cost_inflation,2030,624.5,340.7,283.8,133.5,18.9
E06000038,Reading,None,0.2,capacity_improvement,2024,304.0,187.0,117.0,69.0,5.5
E06000038,Reading,None,0.2,capacity_improvement,2025,342.8,222.8,120.0,76.6,6.1
E06000038,Reading,None,0.2,capacity_improvement,2026,386.5,251.2,135.3,85.0,6.8
E06000038,Reading,None,0.2,capacity_improvement,2027,435.7,283.2,152.5,94.4,7.6
E06000038,Reading,None,0.2,capacity_improvement,2028,491.3,319.3,172.0,104.8,8.4
E06000038,Reading,None,0.2,capacity_improvement,2029,553.9,360.1,193.9,116.3,9.3
E06000038,Reading,None,0.2,capacity_improvement,2030,624.5,406.0,218.6,129.2,10.3
E06000038,Reading,None,0.2,flat_throughput,2024,304.0,187.0,117.0,69.0,5.5
E06000038,Reading,None,0.2,flat_throughput,2025,342.8,187.0,155.8,77.0,6.2
E06000038,Reading,None,0.2,flat_throughput,2026,386.5,187.0,199.5,86.0,6.9
E06000038,Reading,None,0.2,flat_throughput,2027,435.7,187.0,248.7,96.0,7.7
E06000038,Reading,None,0.2,flat_throughput,2028,491.3,187.0,304.3,107.1,8.6
E06000038,Reading,None,0.2,flat_throughput,2029,553.9,187.0,366.9,119.6,9.6
E06000038,Reading,None,0.2,flat_throughput,2030,624.5,187.0,437.5,133.5,10.7
E09000026,Redbridge,None,0.2,continuation,2024,356.0,25.0,331.0,22.0,1.8
E09000026,Redbridge,None,0.2,continuation,2025,354.0,21.5,332.5,20.9,1.7
E09000026,Redbridge,None,0.2,continuation,2026,352.1,18.5,333.6,19.9,1.6
E09000026,Redbridge,None,0.2,continuation,2027,350.1,15.9,334.2,18.9,1.5
E09000026,Redbridge,None,0.2,continuation,2028,348.2,13.7,334.5,18.0,1.4
E09000026,Redbridge,None,0.2,continuation,2029,346.3,11.8,334.5,17.1,1.4
E09000026,Redbridge,None,0.2,continuation,2030,344.4,10.2,334.2,16.3,1.3
E09000026,Redbridge,None,0.2,asd_semh_accel,2024,356.0,25.0,331.0,22.0,1.8
E09000026,Redbridge,None,0.2,asd_semh_accel,2025,353.5,21.5,332.0,20.8,1.7
E09000026,Redbridge,None,0.2,asd_semh_accel,2026,351.1,18.5,332.6,19.7,1.6
E09000026,Redbridge,None,0.2,asd_semh_accel,2027,348.7,15.9,332.8,18.7,1.5
E09000026,Redbridge,None,0.2,asd_semh_accel,2028,346.3,13.7,332.6,17.7,1.4
E09000026,Redbridge,None,0.2,asd_semh_accel,2029,343.9,11.8,332.1,16.7,1.3
E09000026,Redbridge,None,0.2,asd_semh_accel,2030,341.5,10.2,331.4,15.8,1.3
E09000026,Redbridge,None,0.2,cost_inflation,2024,356.0,25.0,331.0,22.0,1.8
E09000026,Redbridge,None,0.2,cost_inflation,2025,354.0,21.5,332.5,20.9,1.8
E09000026,Redbridge,None,0.2,cost_inflation,2026,352.1,18.5,333.6,19.9,1.9
E09000026,Redbridge,None,0.2,cost_inflation,2027,350.1,15.9,334.2,18.9,2.0
E09000026,Redbridge,None,0.2,cost_inflation,2028,348.2,13.7,334.5,18.0,2.1
E09000026,Redbridge,None,0.2,cost_inflation,2029,346.3,11.8,334.5,17.1,2.2
E09000026,Redbridge,None,0.2,cost_inflation,2030,344.4,10.2,334.2,16.3,2.3
E09000026,Redbridge,None,0.2,capacity_improvement,2024,356.0,25.0,331.0,22.0,1.8
E09000026,Redbridge,None,0.2,capacity_improvement,2025,354.0,42.6,311.5,21.0,1.7
E09000026,Redbridge,None,0.2,capacity_improvement,2026,352.1,59.9,292.2,20.0,1.6
E09000026,Redbridge,None,0.2,capacity_improvement,2027,350.1,77.1,273.0,19.1,1.5
E09000026,Redbridge,None,0.2,capacity_improvement,2028,348.2,94.1,254.1,18.2,1.5
E09000026,Redbridge,None,0.2,capacity_improvement,2029,346.3,110.9,235.4,17.3,1.4
E09000026,Redbridge,None,0.2,capacity_improvement,2030,344.4,127.5,216.9,16.5,1.3
E09000026,Redbridge,None,0.2,flat_throughput,2024,356.0,25.0,331.0,22.0,1.8
E09000026,Redbridge,None,0.2,flat_throughput,2025,354.0,25.0,329.0,20.9,1.7
E09000026,Redbridge,None,0.2,flat_throughput,2026,352.1,25.0,327.1,19.9,1.6
E09000026,Redbridge,None,0.2,flat_throughput,2027,350.1,25.0,325.1,18.9,1.5
E09000026,Redbridge,None,0.2,flat_throughput,2028,348.2,25.0,323.2,18.0,1.4
E09000026,Redbridge,None,0.2,flat_throughput,2029,346.3,25.0,321.3,17.1,1.4
E09000026,Redbridge,None,0.2,flat_throughput,2030,344.4,25.0,319.4,16.3,1.3
E06000003,Redcar and Cleveland,None,0.1,continuation,2024,170.0,76.0,94.0,84.0,6.7
E06000003,Redcar and Cleveland,None,0.1,continuation,2025,170.3,66.4,103.9,87.6,7.0
E06000003,Redcar and Cleveland,None,0.1,continuation,2026,170.6,58.0,112.6,91.5,7.3
E06000003,Redcar and Cleveland,None,0.1,continuation,2027,170.9,50.7,120.2,95.4,7.6
E06000003,Redcar and Cleveland,None,0.1,continuation,2028,171.1,44.2,126.9,99.6,8.0
E06000003,Redcar and Cleveland,None,0.1,continuation,2029,171.4,38.7,132.8,103.9,8.3
E06000003,Redcar and Cleveland,None,0.1,continuation,2030,171.7,33.8,137.9,108.4,8.7
E06000003,Redcar and Cleveland,None,0.1,asd_semh_accel,2024,170.0,76.0,94.0,84.0,6.7
E06000003,Redcar and Cleveland,None,0.1,asd_semh_accel,2025,170.4,66.4,104.0,88.0,7.0
E06000003,Redcar and Cleveland,None,0.1,asd_semh_accel,2026,170.7,58.0,112.7,92.2,7.4
E06000003,Redcar and Cleveland,None,0.1,asd_semh_accel,2027,171.1,50.7,120.4,96.7,7.7
E06000003,Redcar and Cleveland,None,0.1,asd_semh_accel,2028,171.4,44.2,127.2,101.3,8.1
E06000003,Redcar and Cleveland,None,0.1,asd_semh_accel,2029,171.8,38.7,133.1,106.1,8.5
E06000003,Redcar and Cleveland,None,0.1,asd_semh_accel,2030,172.1,33.8,138.4,111.2,8.9
E06000003,Redcar and Cleveland,None,0.1,cost_inflation,2024,170.0,76.0,94.0,84.0,6.7
E06000003,Redcar and Cleveland,None,0.1,cost_inflation,2025,170.3,66.4,103.9,87.6,7.7
E06000003,Redcar and Cleveland,None,0.1,cost_inflation,2026,170.6,58.0,112.6,91.5,8.9
E06000003,Redcar and Cleveland,None,0.1,cost_inflation,2027,170.9,50.7,120.2,95.4,10.2
E06000003,Redcar and Cleveland,None,0.1,cost_inflation,2028,171.1,44.2,126.9,99.6,11.7
E06000003,Redcar and Cleveland,None,0.1,cost_inflation,2029,171.4,38.7,132.8,103.9,13.4
E06000003,Redcar and Cleveland,None,0.1,cost_inflation,2030,171.7,33.8,137.9,108.4,15.4
E06000003,Redcar and Cleveland,None,0.1,capacity_improvement,2024,170.0,76.0,94.0,84.0,6.7
E06000003,Redcar and Cleveland,None,0.1,capacity_improvement,2025,170.3,84.6,85.6,87.5,7.0
E06000003,Redcar and Cleveland,None,0.1,capacity_improvement,2026,170.6,93.3,77.3,91.1,7.3
E06000003,Redcar and Cleveland,None,0.1,capacity_improvement,2027,170.9,102.0,68.8,94.8,7.6
E06000003,Redcar and Cleveland,None,0.1,capacity_improvement,2028,171.1,110.7,60.4,98.7,7.9
E06000003,Redcar and Cleveland,None,0.1,capacity_improvement,2029,171.4,111.4,60.0,102.8,8.2
E06000003,Redcar and Cleveland,None,0.1,capacity_improvement,2030,171.7,111.6,60.1,107.0,8.6
E06000003,Redcar and Cleveland,None,0.1,flat_throughput,2024,170.0,76.0,94.0,84.0,6.7
E06000003,Redcar and Cleveland,None,0.1,flat_throughput,2025,170.3,76.0,94.3,87.6,7.0
E06000003,Redcar and Cleveland,None,0.1,flat_throughput,2026,170.6,76.0,94.6,91.5,7.3
E06000003,Redcar and Cleveland,None,0.1,flat_throughput,2027,170.9,76.0,94.9,95.4,7.6
E06000003,Redcar and Cleveland,None,0.1,flat_throughput,2028,171.1,76.0,95.1,99.6,8.0
E06000003,Redcar and Cleveland,None,0.1,flat_throughput,2029,171.4,76.0,95.4,103.9,8.3
E06000003,Redcar and Cleveland,None,0.1,flat_throughput,2030,171.7,76.0,95.7,108.4,8.7
E09000027,Richmond upon Thames,None,0.1,continuation,2024,260.0,245.0,15.0,128.0,10.2
E09000027,Richmond upon Thames,None,0.1,continuation,2025,275.8,247.4,28.4,133.2,10.7
E09000027,Richmond upon Thames,None,0.1,continuation,2026,292.6,249.8,42.8,138.6,11.1
E09000027,Richmond upon Thames,None,0.1,continuation,2027,310.4,252.3,58.1,144.2,11.5
E09000027,Richmond upon Thames,None,0.1,continuation,2028,329.2,254.7,74.5,150.1,12.0
E09000027,Richmond upon Thames,None,0.1,continuation,2029,349.2,257.2,92.0,156.2,12.5
E09000027,Richmond upon Thames,None,0.1,continuation,2030,370.5,259.7,110.7,162.5,13.0
E09000027,Richmond upon Thames,None,0.1,asd_semh_accel,2024,260.0,245.0,15.0,128.0,10.2
E09000027,Richmond upon Thames,None,0.1,asd_semh_accel,2025,279.9,247.4,32.5,133.7,10.7
E09000027,Richmond upon Thames,None,0.1,asd_semh_accel,2026,301.3,249.8,51.5,139.7,11.2
E09000027,Richmond upon Thames,None,0.1,asd_semh_accel,2027,324.4,252.3,72.1,145.9,11.7
E09000027,Richmond upon Thames,None,0.1,asd_semh_accel,2028,349.2,254.7,94.5,152.5,12.2
E09000027,Richmond upon Thames,None,0.1,asd_semh_accel,2029,376.0,257.2,118.7,159.3,12.7
E09000027,Richmond upon Thames,None,0.1,asd_semh_accel,2030,404.8,259.7,145.0,166.4,13.3
E09000027,Richmond upon Thames,None,0.1,cost_inflation,2024,260.0,245.0,15.0,128.0,10.2
E09000027,Richmond upon Thames,None,0.1,cost_inflation,2025,275.8,247.4,28.4,133.2,11.7
E09000027,Richmond upon Thames,None,0.1,cost_inflation,2026,292.6,249.8,42.8,138.6,13.4
E09000027,Richmond upon Thames,None,0.1,cost_inflation,2027,310.4,252.3,58.1,144.2,15.4
E09000027,Richmond upon Thames,None,0.1,cost_inflation,2028,329.2,254.7,74.5,150.1,17.6
E09000027,Richmond upon Thames,None,0.1,cost_inflation,2029,349.2,257.2,92.0,156.2,20.1
E09000027,Richmond upon Thames,None,0.1,cost_inflation,2030,370.5,259.7,110.7,162.5,23.0
E09000027,Richmond upon Thames,None,0.1,capacity_improvement,2024,260.0,169.0,91.0,128.0,10.2
E09000027,Richmond upon Thames,None,0.1,capacity_improvement,2025,275.8,179.3,96.5,132.9,10.6
E09000027,Richmond upon Thames,None,0.1,capacity_improvement,2026,292.6,190.2,102.4,138.0,11.0
E09000027,Richmond upon Thames,None,0.1,capacity_improvement,2027,310.4,201.7,108.6,143.4,11.5
E09000027,Richmond upon Thames,None,0.1,capacity_improvement,2028,329.2,214.0,115.2,148.9,11.9
E09000027,Richmond upon Thames,None,0.1,capacity_improvement,2029,349.2,227.0,122.2,154.6,12.4
E09000027,Richmond upon Thames,None,0.1,capacity_improvement,2030,370.5,240.8,129.7,160.6,12.8
E09000027,Richmond upon Thames,None,0.1,flat_throughput,2024,260.0,245.0,15.0,128.0,10.2
E09000027,Richmond upon Thames,None,0.1,flat_throughput,2025,275.8,245.0,30.8,133.2,10.7
E09000027,Richmond upon Thames,None,0.1,flat_throughput,2026,292.6,245.0,47.6,138.6,11.1
E09000027,Richmond upon Thames,None,0.1,flat_throughput,2027,310.4,245.0,65.4,144.2,11.5
E09000027,Richmond upon Thames,None,0.1,flat_throughput,2028,329.2,245.0,84.2,150.1,12.0
E09000027,Richmond upon Thames,None,0.1,flat_throughput,2029,349.2,245.0,104.2,156.2,12.5
E09000027,Richmond upon Thames,None,0.1,flat_throughput,2030,370.5,245.0,125.5,162.5,13.0
E08000005,Rochdale,None,0.2,continuation,2024,415.0,169.0,246.0,134.0,10.7
E08000005,Rochdale,None,0.2,continuation,2025,448.9,163.6,285.3,151.1,12.1
E08000005,Rochdale,None,0.2,continuation,2026,485.6,158.4,327.2,170.3,13.6
E08000005,Rochdale,None,0.2,continuation,2027,525.3,153.3,372.0,192.1,15.4
E08000005,Rochdale,None,0.2,continuation,2028,568.2,148.4,419.8,216.6,17.3
E08000005,Rochdale,None,0.2,continuation,2029,614.6,143.7,471.0,244.2,19.5
E08000005,Rochdale,None,0.2,continuation,2030,664.8,139.1,525.8,275.3,22.0
E08000005,Rochdale,None,0.2,asd_semh_accel,2024,415.0,169.0,246.0,134.0,10.7
E08000005,Rochdale,None,0.2,asd_semh_accel,2025,457.8,163.6,294.2,152.9,12.2
E08000005,Rochdale,None,0.2,asd_semh_accel,2026,505.0,158.4,346.7,174.5,14.0
E08000005,Rochdale,None,0.2,asd_semh_accel,2027,557.1,153.3,403.8,199.1,15.9
E08000005,Rochdale,None,0.2,asd_semh_accel,2028,614.6,148.4,466.2,227.2,18.2
E08000005,Rochdale,None,0.2,asd_semh_accel,2029,678.0,143.7,534.4,259.3,20.7
E08000005,Rochdale,None,0.2,asd_semh_accel,2030,748.0,139.1,608.9,295.8,23.7
E08000005,Rochdale,None,0.2,cost_inflation,2024,415.0,169.0,246.0,134.0,10.7
E08000005,Rochdale,None,0.2,cost_inflation,2025,448.9,163.6,285.3,151.1,13.3
E08000005,Rochdale,None,0.2,cost_inflation,2026,485.6,158.4,327.2,170.3,16.5
E08000005,Rochdale,None,0.2,cost_inflation,2027,525.3,153.3,372.0,192.1,20.5
E08000005,Rochdale,None,0.2,cost_inflation,2028,568.2,148.4,419.8,216.6,25.4
E08000005,Rochdale,None,0.2,cost_inflation,2029,614.6,143.7,471.0,244.2,31.5
E08000005,Rochdale,None,0.2,cost_inflation,2030,664.8,139.1,525.8,275.3,39.0
E08000005,Rochdale,None,0.2,capacity_improvement,2024,415.0,169.0,246.0,134.0,10.7
E08000005,Rochdale,None,0.2,capacity_improvement,2025,448.9,205.3,243.7,150.2,12.0
E08000005,Rochdale,None,0.2,capacity_improvement,2026,485.6,246.3,239.3,168.3,13.5
E08000005,Rochdale,None,0.2,capacity_improvement,2027,525.3,292.7,232.6,188.6,15.1
E08000005,Rochdale,None,0.2,capacity_improvement,2028,568.2,345.0,223.2,211.4,16.9
E08000005,Rochdale,None,0.2,capacity_improvement,2029,614.6,399.5,215.1,236.9,19.0
E08000005,Rochdale,None,0.2,capacity_improvement,2030,664.8,432.2,232.7,265.6,21.2
E08000005,Rochdale,None,0.2,flat_throughput,2024,415.0,169.0,246.0,134.0,10.7
E08000005,Rochdale,None,0.2,flat_throughput,2025,448.9,169.0,279.9,151.1,12.1
E08000005,Rochdale,None,0.2,flat_throughput,2026,485.6,169.0,316.6,170.3,13.6
E08000005,Rochdale,None,0.2,flat_throughput,2027,525.3,169.0,356.3,192.1,15.4
E08000005,Rochdale,None,0.2,flat_throughput,2028,568.2,169.0,399.2,216.6,17.3
E08000005,Rochdale,None,0.2,flat_throughput,2029,614.6,169.0,445.6,244.2,19.5
E08000005,Rochdale,None,0.2,flat_throughput,2030,664.8,169.0,495.8,275.3,22.0
E08000018,Rotherham,None,0.3,continuation,2024,535.0,424.0,111.0,106.0,8.5
E08000018,Rotherham,None,0.3,continuation,2025,597.1,468.6,128.5,117.5,9.4
E08000018,Rotherham,None,0.3,continuation,2026,666.4,517.9,148.5,130.2,10.4
E08000018,Rotherham,None,0.3,continuation,2027,743.7,572.3,171.4,144.3,11.5
E08000018,Rotherham,None,0.3,continuation,2028,830.0,632.5,197.5,160.0,12.8
E08000018,Rotherham,None,0.3,continuation,2029,926.3,699.1,227.2,177.3,14.2
E08000018,Rotherham,None,0.3,continuation,2030,1033.8,772.6,261.2,196.5,15.7
E08000018,Rotherham,None,0.3,asd_semh_accel,2024,535.0,424.0,111.0,106.0,8.5
E08000018,Rotherham,None,0.3,asd_semh_accel,2025,613.7,468.6,145.1,118.7,9.5
E08000018,Rotherham,None,0.3,asd_semh_accel,2026,704.0,517.9,186.1,132.9,10.6
E08000018,Rotherham,None,0.3,asd_semh_accel,2027,807.5,572.3,235.2,148.9,11.9
E08000018,Rotherham,None,0.3,asd_semh_accel,2028,926.3,632.5,293.8,166.7,13.3
E08000018,Rotherham,None,0.3,asd_semh_accel,2029,1062.6,699.1,363.5,186.7,14.9
E08000018,Rotherham,None,0.3,asd_semh_accel,2030,1218.9,772.6,446.3,209.0,16.7
E08000018,Rotherham,None,0.3,cost_inflation,2024,535.0,424.0,111.0,106.0,8.5
E08000018,Rotherham,None,0.3,cost_inflation,2025,597.1,468.6,128.5,117.5,10.3
E08000018,Rotherham,None,0.3,cost_inflation,2026,666.4,517.9,148.5,130.2,12.6
E08000018,Rotherham,None,0.3,cost_inflation,2027,743.7,572.3,171.4,144.3,15.4
E08000018,Rotherham,None,0.3,cost_inflation,2028,830.0,632.5,197.5,160.0,18.7
E08000018,Rotherham,None,0.3,cost_inflation,2029,926.3,699.1,227.2,177.3,22.8
E08000018,Rotherham,None,0.3,cost_inflation,2030,1033.8,772.6,261.2,196.5,27.9
E08000018,Rotherham,None,0.3,capacity_improvement,2024,535.0,347.8,187.2,106.0,8.5
E08000018,Rotherham,None,0.3,capacity_improvement,2025,597.1,388.1,209.0,116.9,9.4
E08000018,Rotherham,None,0.3,capacity_improvement,2026,666.4,433.1,233.2,128.9,10.3
E08000018,Rotherham,None,0.3,capacity_improvement,2027,743.7,483.4,260.3,142.1,11.4
E08000018,Rotherham,None,0.3,capacity_improvement,2028,830.0,539.5,290.5,156.7,12.5
E08000018,Rotherham,None,0.3,capacity_improvement,2029,926.3,602.1,324.2,172.8,13.8
E08000018,Rotherham,None,0.3,capacity_improvement,2030,1033.8,672.0,361.8,190.5,15.2
E08000018,Rotherham,None,0.3,flat_throughput,2024,535.0,424.0,111.0,106.0,8.5
E08000018,Rotherham,None,0.3,flat_throughput,2025,597.1,424.0,173.1,117.5,9.4
E08000018,Rotherham,None,0.3,flat_throughput,2026,666.4,424.0,242.4,130.2,10.4
E08000018,Rotherham,None,0.3,flat_throughput,2027,743.7,424.0,319.7,144.3,11.5
E08000018,Rotherham,None,0.3,flat_throughput,2028,830.0,424.0,406.0,160.0,12.8
E08000018,Rotherham,None,0.3,flat_throughput,2029,926.3,424.0,502.3,177.3,14.2
E08000018,Rotherham,None,0.3,flat_throughput,2030,1033.8,424.0,609.8,196.5,15.7
E06000017,Rutland,None,0.1,continuation,2024,70.0,52.0,18.0,21.0,1.7
E06000017,Rutland,None,0.1,continuation,2025,78.2,54.8,23.4,20.0,1.6
E06000017,Rutland,None,0.1,continuation,2026,87.4,57.8,29.6,19.0,1.5
E06000017,Rutland,None,0.1,continuation,2027,97.7,60.9,36.8,18.1,1.4
E06000017,Rutland,None,0.1,continuation,2028,109.1,64.2,44.9,17.2,1.4
E06000017,Rutland,None,0.1,continuation,2029,121.9,67.6,54.3,16.4,1.3
E06000017,Rutland,None,0.1,continuation,2030,136.2,71.3,64.9,15.6,1.2
E06000017,Rutland,None,0.1,asd_semh_accel,2024,70.0,52.0,18.0,21.0,1.7
E06000017,Rutland,None,0.1,asd_semh_accel,2025,80.4,54.8,25.6,19.9,1.6
E06000017,Rutland,None,0.1,asd_semh_accel,2026,92.4,57.8,34.6,18.8,1.5
E06000017,Rutland,None,0.1,asd_semh_accel,2027,106.1,60.9,45.2,17.8,1.4
E06000017,Rutland,None,0.1,asd_semh_accel,2028,121.9,64.2,57.7,16.9,1.3
E06000017,Rutland,None,0.1,asd_semh_accel,2029,140.1,67.6,72.4,16.0,1.3
E06000017,Rutland,None,0.1,asd_semh_accel,2030,160.9,71.3,89.6,15.1,1.2
E06000017,Rutland,None,0.1,cost_inflation,2024,70.0,52.0,18.0,21.0,1.7
E06000017,Rutland,None,0.1,cost_inflation,2025,78.2,54.8,23.4,20.0,1.8
E06000017,Rutland,None,0.1,cost_inflation,2026,87.4,57.8,29.6,19.0,1.8
E06000017,Rutland,None,0.1,cost_inflation,2027,97.7,60.9,36.8,18.1,1.9
E06000017,Rutland,None,0.1,cost_inflation,2028,109.1,64.2,44.9,17.2,2.0
E06000017,Rutland,None,0.1,cost_inflation,2029,121.9,67.6,54.3,16.4,2.1
E06000017,Rutland,None,0.1,cost_inflation,2030,136.2,71.3,64.9,15.6,2.2
E06000017,Rutland,None,0.1,capacity_improvement,2024,70.0,45.5,24.5,21.0,1.7
E06000017,Rutland,None,0.1,capacity_improvement,2025,78.2,50.8,27.4,20.0,1.6
E06000017,Rutland,None,0.1,capacity_improvement,2026,87.4,56.8,30.6,19.1,1.5
E06000017,Rutland,None,0.1,capacity_improvement,2027,97.7,63.5,34.2,18.2,1.5
E06000017,Rutland,None,0.1,capacity_improvement,2028,109.1,70.9,38.2,17.4,1.4
E06000017,Rutland,None,0.1,capacity_improvement,2029,121.9,79.2,42.7,16.6,1.3
E06000017,Rutland,None,0.1,capacity_improvement,2030,136.2,88.5,47.7,15.8,1.3
E06000017,Rutland,None,0.1,flat_throughput,2024,70.0,52.0,18.0,21.0,1.7
E06000017,Rutland,None,0.1,flat_throughput,2025,78.2,52.0,26.2,20.0,1.6
E06000017,Rutland,None,0.1,flat_throughput,2026,87.4,52.0,35.4,19.0,1.5
E06000017,Rutland,None,0.1,flat_throughput,2027,97.7,52.0,45.7,18.1,1.4
E06000017,Rutland,None,0.1,flat_throughput,2028,109.1,52.0,57.1,17.2,1.4
E06000017,Rutland,None,0.1,flat_throughput,2029,121.9,52.0,69.9,16.4,1.3
E06000017,Rutland,None,0.1,flat_throughput,2030,136.2,52.0,84.2,15.6,1.2
E08000006,Salford,None,0.1,continuation,2024,461.0,231.0,230.0,153.0,12.2
E08000006,Salford,None,0.1,continuation,2025,504.6,224.3,280.3,172.3,13.8
E08000006,Salford,None,0.1,continuation,2026,552.2,217.7,334.5,194.0,15.5
E08000006,Salford,None,0.1,continuation,2027,604.4,211.4,393.0,218.5,17.5
E08000006,Salford,None,0.1,continuation,2028,661.6,205.2,456.3,246.0,19.7
E08000006,Salford,None,0.1,continuation,2029,724.1,199.3,524.8,277.1,22.2
E08000006,Salford,None,0.1,continuation,2030,792.5,193.5,599.1,312.0,25.0
E08000006,Salford,None,0.1,asd_semh_accel,2024,461.0,231.0,230.0,153.0,12.2
E08000006,Salford,None,0.1,asd_semh_accel,2025,516.1,224.3,291.8,174.4,13.9
E08000006,Salford,None,0.1,asd_semh_accel,2026,577.8,217.7,360.0,198.7,15.9
E08000006,Salford,None,0.1,asd_semh_accel,2027,646.8,211.4,435.4,226.4,18.1
E08000006,Salford,None,0.1,asd_semh_accel,2028,724.1,205.2,518.8,258.0,20.6
E08000006,Salford,None,0.1,asd_semh_accel,2029,810.6,199.3,611.3,294.0,23.5
E08000006,Salford,None,0.1,asd_semh_accel,2030,907.5,193.5,714.0,335.1,26.8
E08000006,Salford,None,0.1,cost_inflation,2024,461.0,231.0,230.0,153.0,12.2
E08000006,Salford,None,0.1,cost_inflation,2025,504.6,224.3,280.3,172.3,15.2
E08000006,Salford,None,0.1,cost_inflation,2026,552.2,217.7,334.5,194.0,18.8
E08000006,Salford,None,0.1,cost_inflation,2027,604.4,211.4,393.0,218.5,23.3
E08000006,Salford,None,0.1,cost_inflation,2028,661.6,205.2,456.3,246.0,28.8
E08000006,Salford,None,0.1,cost_inflation,2029,724.1,199.3,524.8,277.1,35.7
E08000006,Salford,None,0.1,cost_inflation,2030,792.5,193.5,599.1,312.0,44.2
E08000006,Salford,None,0.1,capacity_improvement,2024,461.0,231.0,230.0,153.0,12.2
E08000006,Salford,None,0.1,capacity_improvement,2025,504.6,278.1,226.5,171.3,13.7
E08000006,Salford,None,0.1,capacity_improvement,2026,552.2,331.9,220.3,191.7,15.3
E08000006,Salford,None,0.1,capacity_improvement,2027,604.4,392.9,211.6,214.6,17.2
E08000006,Salford,None,0.1,capacity_improvement,2028,661.6,430.0,231.5,240.3,19.2
E08000006,Salford,None,0.1,capacity_improvement,2029,724.1,470.7,253.4,269.0,21.5
E08000006,Salford,None,0.1,capacity_improvement,2030,792.5,515.1,277.4,301.1,24.1
E08000006,Salford,None,0.1,flat_throughput,2024,461.0,231.0,230.0,153.0,12.2
E08000006,Salford,None,0.1,flat_throughput,2025,504.6,231.0,273.6,172.3,13.8
E08000006,Salford,None,0.1,flat_throughput,2026,552.2,231.0,321.2,194.0,15.5
E08000006,Salford,None,0.1,flat_throughput,2027,604.4,231.0,373.4,218.5,17.5
E08000006,Salford,None,0.1,flat_throughput,2028,661.6,231.0,430.6,246.0,19.7
E08000006,Salford,None,0.1,flat_throughput,2029,724.1,231.0,493.1,277.1,22.2
E08000006,Salford,None,0.1,flat_throughput,2030,792.5,231.0,561.5,312.0,25.0
E08000028,Sandwell,None,0.1,continuation,2024,474.0,108.0,366.0,146.0,11.7
E08000028,Sandwell,None,0.1,continuation,2025,534.2,94.9,439.3,164.6,13.2
E08000028,Sandwell,None,0.1,continuation,2026,602.1,83.5,518.6,185.6,14.8
E08000028,Sandwell,None,0.1,continuation,2027,678.6,73.4,605.2,209.3,16.7
E08000028,Sandwell,None,0.1,continuation,2028,764.7,64.5,700.2,235.9,18.9
E08000028,Sandwell,None,0.1,continuation,2029,861.9,56.7,805.2,266.0,21.3
E08000028,Sandwell,None,0.1,continuation,2030,971.4,49.8,921.5,299.9,24.0
E08000028,Sandwell,None,0.1,asd_semh_accel,2024,474.0,108.0,366.0,146.0,11.7
E08000028,Sandwell,None,0.1,asd_semh_accel,2025,550.4,94.9,455.5,166.6,13.3
E08000028,Sandwell,None,0.1,asd_semh_accel,2026,639.2,83.5,555.7,190.1,15.2
E08000028,Sandwell,None,0.1,asd_semh_accel,2027,742.2,73.4,668.8,216.9,17.4
E08000028,Sandwell,None,0.1,asd_semh_accel,2028,861.9,64.5,797.4,247.5,19.8
E08000028,Sandwell,None,0.1,asd_semh_accel,2029,1000.9,56.7,944.2,282.5,22.6
E08000028,Sandwell,None,0.1,asd_semh_accel,2030,1162.2,49.8,1112.4,322.3,25.8
E08000028,Sandwell,None,0.1,cost_inflation,2024,474.0,108.0,366.0,146.0,11.7
E08000028,Sandwell,None,0.1,cost_inflation,2025,534.2,94.9,439.3,164.6,14.5
E08000028,Sandwell,None,0.1,cost_inflation,2026,602.1,83.5,518.6,185.6,18.0
E08000028,Sandwell,None,0.1,cost_inflation,2027,678.6,73.4,605.2,209.3,22.3
E08000028,Sandwell,None,0.1,cost_inflation,2028,764.7,64.5,700.2,235.9,27.6
E08000028,Sandwell,None,0.1,cost_inflation,2029,861.9,56.7,805.2,266.0,34.3
E08000028,Sandwell,None,0.1,cost_inflation,2030,971.4,49.8,921.5,299.9,42.5
E08000028,Sandwell,None,0.1,capacity_improvement,2024,474.0,108.0,366.0,146.0,11.7
E08000028,Sandwell,None,0.1,capacity_improvement,2025,534.2,148.4,385.8,163.6,13.1
E08000028,Sandwell,None,0.1,capacity_improvement,2026,602.1,197.4,404.7,183.4,14.7
E08000028,Sandwell,None,0.1,capacity_improvement,2027,678.6,256.4,422.2,205.5,16.4
E08000028,Sandwell,None,0.1,capacity_improvement,2028,764.7,327.2,437.6,230.4,18.4
E08000028,Sandwell,None,0.1,capacity_improvement,2029,861.9,411.9,450.0,258.2,20.7
E08000028,Sandwell,None,0.1,capacity_improvement,2030,971.4,512.7,458.6,289.3,23.1
E08000028,Sandwell,None,0.1,flat_throughput,2024,474.0,108.0,366.0,146.0,11.7
E08000028,Sandwell,None,0.1,flat_throughput,2025,534.2,108.0,426.2,164.6,13.2
E08000028,Sandwell,None,0.1,flat_throughput,2026,602.1,108.0,494.1,185.6,14.8
E08000028,Sandwell,None,0.1,flat_throughput,2027,678.6,108.0,570.6,209.3,16.7
E08000028,Sandwell,None,0.1,flat_throughput,2028,764.7,108.0,656.7,235.9,18.9
E08000028,Sandwell,None,0.1,flat_throughput,2029,861.9,108.0,753.9,266.0,21.3
E08000028,Sandwell,None,0.1,flat_throughput,2030,971.4,108.0,863.4,299.9,24.0
E08000014,Sefton,None,0.6,continuation,2024,869.0,460.0,409.0,169.0,13.5
E08000014,Sefton,None,0.6,continuation,2025,979.8,508.4,471.4,190.5,15.2
E08000014,Sefton,None,0.6,continuation,2026,1104.7,561.8,542.9,214.8,17.2
E08000014,Sefton,None,0.6,continuation,2027,1245.6,620.9,624.6,242.2,19.4
E08000014,Sefton,None,0.6,continuation,2028,1404.4,686.2,718.1,273.1,21.8
E08000014,Sefton,None,0.6,continuation,2029,1583.4,758.4,825.0,307.9,24.6
E08000014,Sefton,None,0.6,continuation,2030,1785.3,838.2,947.1,347.2,27.8
E08000014,Sefton,None,0.6,asd_semh_accel,2024,869.0,460.0,409.0,169.0,13.5
E08000014,Sefton,None,0.6,asd_semh_accel,2025,1009.6,508.4,501.3,192.8,15.4
E08000014,Sefton,None,0.6,asd_semh_accel,2026,1173.0,561.8,611.2,220.1,17.6
E08000014,Sefton,None,0.6,asd_semh_accel,2027,1362.9,620.9,741.9,251.1,20.1
E08000014,Sefton,None,0.6,asd_semh_accel,2028,1583.4,686.2,897.2,286.5,22.9
E08000014,Sefton,None,0.6,asd_semh_accel,2029,1839.7,758.4,1081.3,327.0,26.2
E08000014,Sefton,None,0.6,asd_semh_accel,2030,2137.4,838.2,1299.2,373.1,29.8
E08000014,Sefton,None,0.6,cost_inflation,2024,869.0,460.0,409.0,169.0,13.5
E08000014,Sefton,None,0.6,cost_inflation,2025,979.8,508.4,471.4,190.5,16.8
E08000014,Sefton,None,0.6,cost_inflation,2026,1104.7,561.8,542.9,214.8,20.8
E08000014,Sefton,None,0.6,cost_inflation,2027,1245.6,620.9,624.6,242.2,25.8
E08000014,Sefton,None,0.6,cost_inflation,2028,1404.4,686.2,718.1,273.1,32.0
E08000014,Sefton,None,0.6,cost_inflation,2029,1583.4,758.4,825.0,307.9,39.7
E08000014,Sefton,None,0.6,cost_inflation,2030,1785.3,838.2,947.1,347.2,49.2
E08000014,Sefton,None,0.6,capacity_improvement,2024,869.0,460.0,409.0,169.0,13.5
E08000014,Sefton,None,0.6,capacity_improvement,2025,979.8,567.6,412.2,189.4,15.2
E08000014,Sefton,None,0.6,capacity_improvement,2026,1104.7,695.2,409.5,212.3,17.0
E08000014,Sefton,None,0.6,capacity_improvement,2027,1245.6,809.6,435.9,237.9,19.0
E08000014,Sefton,None,0.6,capacity_improvement,2028,1404.4,912.8,491.5,266.6,21.3
E08000014,Sefton,None,0.6,capacity_improvement,2029,1583.4,1029.2,554.2,298.8,23.9
E08000014,Sefton,None,0.6,capacity_improvement,2030,1785.3,1160.4,624.9,334.9,26.8
E08000014,Sefton,None,0.6,flat_throughput,2024,869.0,460.0,409.0,169.0,13.5
E08000014,Sefton,None,0.6,flat_throughput,2025,979.8,460.0,519.8,190.5,15.2
E08000014,Sefton,None,0.6,flat_throughput,2026,1104.7,460.0,644.7,214.8,17.2
E08000014,Sefton,None,0.6,flat_throughput,2027,1245.6,460.0,785.6,242.2,19.4
E08000014,Sefton,None,0.6,flat_throughput,2028,1404.4,460.0,944.4,273.1,21.8
E08000014,Sefton,None,0.6,flat_throughput,2029,1583.4,460.0,1123.4,307.9,24.6
E08000014,Sefton,None,0.6,flat_throughput,2030,1785.3,460.0,1325.3,347.2,27.8
E08000019,Sheffield,None,0.4,continuation,2024,670.0,328.0,342.0,95.0,7.6
E08000019,Sheffield,None,0.4,continuation,2025,755.4,362.5,392.9,107.1,8.6
E08000019,Sheffield,None,0.4,continuation,2026,851.7,400.6,451.1,120.8,9.7
E08000019,Sheffield,None,0.4,continuation,2027,960.3,442.8,517.6,136.2,10.9
E08000019,Sheffield,None,0.4,continuation,2028,1082.8,489.3,593.5,153.5,12.3
E08000019,Sheffield,None,0.4,continuation,2029,1220.8,540.8,680.0,173.1,13.8
E08000019,Sheffield,None,0.4,continuation,2030,1376.5,597.7,778.8,195.2,15.6
E08000019,Sheffield,None,0.4,asd_semh_accel,2024,670.0,328.0,342.0,95.0,7.6
E08000019,Sheffield,None,0.4,asd_semh_accel,2025,778.4,362.5,415.9,108.4,8.7
E08000019,Sheffield,None,0.4,asd_semh_accel,2026,904.4,400.6,503.8,123.7,9.9
E08000019,Sheffield,None,0.4,asd_semh_accel,2027,1050.8,442.8,608.0,141.2,11.3
E08000019,Sheffield,None,0.4,asd_semh_accel,2028,1220.8,489.3,731.5,161.1,12.9
E08000019,Sheffield,None,0.4,asd_semh_accel,2029,1418.4,540.8,877.6,183.8,14.7
E08000019,Sheffield,None,0.4,asd_semh_accel,2030,1647.9,597.7,1050.3,209.7,16.8
E08000019,Sheffield,None,0.4,cost_inflation,2024,670.0,328.0,342.0,95.0,7.6
E08000019,Sheffield,None,0.4,cost_inflation,2025,755.4,362.5,392.9,107.1,9.4
E08000019,Sheffield,None,0.4,cost_inflation,2026,851.7,400.6,451.1,120.8,11.7
E08000019,Sheffield,None,0.4,cost_inflation,2027,960.3,442.8,517.6,136.2,14.5
E08000019,Sheffield,None,0.4,cost_inflation,2028,1082.8,489.3,593.5,153.5,18.0
E08000019,Sheffield,None,0.4,cost_inflation,2029,1220.8,540.8,680.0,173.1,22.3
E08000019,Sheffield,None,0.4,cost_inflation,2030,1376.5,597.7,778.8,195.2,27.7
E08000019,Sheffield,None,0.4,capacity_improvement,2024,670.0,328.0,342.0,95.0,7.6
E08000019,Sheffield,None,0.4,capacity_improvement,2025,755.4,407.6,347.8,106.5,8.5
E08000019,Sheffield,None,0.4,capacity_improvement,2026,851.7,502.1,349.6,119.3,9.5
E08000019,Sheffield,None,0.4,capacity_improvement,2027,960.3,614.2,346.1,133.7,10.7
E08000019,Sheffield,None,0.4,capacity_improvement,2028,1082.8,703.8,379.0,149.9,12.0
E08000019,Sheffield,None,0.4,capacity_improvement,2029,1220.8,793.5,427.3,168.0,13.4
E08000019,Sheffield,None,0.4,capacity_improvement,2030,1376.5,894.7,481.8,188.3,15.1
E08000019,Sheffield,None,0.4,flat_throughput,2024,670.0,328.0,342.0,95.0,7.6
E08000019,Sheffield,None,0.4,flat_throughput,2025,755.4,328.0,427.4,107.1,8.6
E08000019,Sheffield,None,0.4,flat_throughput,2026,851.7,328.0,523.7,120.8,9.7
E08000019,Sheffield,None,0.4,flat_throughput,2027,960.3,328.0,632.3,136.2,10.9
E08000019,Sheffield,None,0.4,flat_throughput,2028,1082.8,328.0,754.8,153.5,12.3
E08000019,Sheffield,None,0.4,flat_throughput,2029,1220.8,328.0,892.8,173.1,13.8
E08000019,Sheffield,None,0.4,flat_throughput,2030,1376.5,328.0,1048.5,195.2,15.6
E06000051,Shropshire,None,0.2,continuation,2024,720.0,268.0,452.0,166.0,13.3
E06000051,Shropshire,None,0.2,continuation,2025,811.8,296.2,515.6,183.0,14.6
E06000051,Shropshire,None,0.2,continuation,2026,915.3,327.3,588.0,201.7,16.1
E06000051,Shropshire,None,0.2,continuation,2027,1032.0,361.8,670.2,222.3,17.8
E06000051,Shropshire,None,0.2,continuation,2028,1163.6,399.8,763.8,245.0,19.6
E06000051,Shropshire,None,0.2,continuation,2029,1311.9,441.9,870.1,270.0,21.6
E06000051,Shropshire,None,0.2,continuation,2030,1479.2,488.3,990.9,297.6,23.8
E06000051,Shropshire,None,0.2,asd_semh_accel,2024,720.0,268.0,452.0,166.0,13.3
E06000051,Shropshire,None,0.2,asd_semh_accel,2025,836.5,296.2,540.3,184.8,14.8
E06000051,Shropshire,None,0.2,asd_semh_accel,2026,971.9,327.3,644.6,205.6,16.5
E06000051,Shropshire,None,0.2,asd_semh_accel,2027,1129.2,361.8,767.4,228.9,18.3
E06000051,Shropshire,None,0.2,asd_semh_accel,2028,1311.9,399.8,912.1,254.7,20.4
E06000051,Shropshire,None,0.2,asd_semh_accel,2029,1524.2,441.9,1082.4,283.5,22.7
E06000051,Shropshire,None,0.2,asd_semh_accel,2030,1770.9,488.3,1282.6,315.5,25.2
E06000051,Shropshire,None,0.2,cost_inflation,2024,720.0,268.0,452.0,166.0,13.3
E06000051,Shropshire,None,0.2,cost_inflation,2025,811.8,296.2,515.6,183.0,16.1
E06000051,Shropshire,None,0.2,cost_inflation,2026,915.3,327.3,588.0,201.7,19.5
E06000051,Shropshire,None,0.2,cost_inflation,2027,1032.0,361.8,670.2,222.3,23.7
E06000051,Shropshire,None,0.2,cost_inflation,2028,1163.6,399.8,763.8,245.0,28.7
E06000051,Shropshire,None,0.2,cost_inflation,2029,1311.9,441.9,870.1,270.0,34.8
E06000051,Shropshire,None,0.2,cost_inflation,2030,1479.2,488.3,990.9,297.6,42.2
E06000051,Shropshire,None,0.2,capacity_improvement,2024,720.0,268.0,452.0,166.0,13.3
E06000051,Shropshire,None,0.2,capacity_improvement,2025,811.8,342.8,469.0,182.1,14.6
E06000051,Shropshire,None,0.2,capacity_improvement,2026,915.3,432.2,483.1,199.7,16.0
E06000051,Shropshire,None,0.2,capacity_improvement,2027,1032.0,538.9,493.1,219.1,17.5
E06000051,Shropshire,None,0.2,capacity_improvement,2028,1163.6,665.8,497.8,240.3,19.2
E06000051,Shropshire,None,0.2,capacity_improvement,2029,1311.9,816.3,495.6,263.5,21.1
E06000051,Shropshire,None,0.2,capacity_improvement,2030,1479.2,961.5,517.7,289.1,23.1
E06000051,Shropshire,None,0.2,flat_throughput,2024,720.0,268.0,452.0,166.0,13.3
E06000051,Shropshire,None,0.2,flat_throughput,2025,811.8,268.0,543.8,183.0,14.6
E06000051,Shropshire,None,0.2,flat_throughput,2026,915.3,268.0,647.3,201.7,16.1
E06000051,Shropshire,None,0.2,flat_throughput,2027,1032.0,268.0,764.0,222.3,17.8
E06000051,Shropshire,None,0.2,flat_throughput,2028,1163.6,268.0,895.6,245.0,19.6
E06000051,Shropshire,None,0.2,flat_throughput,2029,1311.9,268.0,1043.9,270.0,21.6
E06000051,Shropshire,None,0.2,flat_throughput,2030,1479.2,268.0,1211.2,297.6,23.8
E06000039,Slough,None,0.6,continuation,2024,312.0,23.0,289.0,35.0,2.8
E06000039,Slough,None,0.6,continuation,2025,331.2,19.8,311.4,38.8,3.1
E06000039,Slough,None,0.6,continuation,2026,351.7,17.0,334.6,42.9,3.4
E06000039,Slough,None,0.6,continuation,2027,373.3,14.7,358.7,47.6,3.8
E06000039,Slough,None,0.6,continuation,2028,396.4,12.6,383.7,52.7,4.2
E06000039,Slough,None,0.6,continuation,2029,420.8,10.9,409.9,58.4,4.7
E06000039,Slough,None,0.6,continuation,2030,446.7,9.4,437.4,64.6,5.2
E06000039,Slough,None,0.6,asd_semh_accel,2024,312.0,23.0,289.0,35.0,2.8
E06000039,Slough,None,0.6,asd_semh_accel,2025,336.2,19.8,316.4,39.2,3.1
E06000039,Slough,None,0.6,asd_semh_accel,2026,362.3,17.0,345.3,43.8,3.5
E06000039,Slough,None,0.6,asd_semh_accel,2027,390.5,14.7,375.8,49.0,3.9
E06000039,Slough,None,0.6,asd_semh_accel,2028,420.8,12.6,408.2,54.9,4.4
E06000039,Slough,None,0.6,asd_semh_accel,2029,453.5,10.9,442.6,61.4,4.9
E06000039,Slough,None,0.6,asd_semh_accel,2030,488.7,9.4,479.3,68.7,5.5
E06000039,Slough,None,0.6,cost_inflation,2024,312.0,23.0,289.0,35.0,2.8
E06000039,Slough,None,0.6,cost_inflation,2025,331.2,19.8,311.4,38.8,3.4
E06000039,Slough,None,0.6,cost_inflation,2026,351.7,17.0,334.6,42.9,4.2
E06000039,Slough,None,0.6,cost_inflation,2027,373.3,14.7,358.7,47.6,5.1
E06000039,Slough,None,0.6,cost_inflation,2028,396.4,12.6,383.7,52.7,6.2
E06000039,Slough,None,0.6,cost_inflation,2029,420.8,10.9,409.9,58.4,7.5
E06000039,Slough,None,0.6,cost_inflation,2030,446.7,9.4,437.4,64.6,9.2
E06000039,Slough,None,0.6,capacity_improvement,2024,312.0,23.0,289.0,35.0,2.8
E06000039,Slough,None,0.6,capacity_improvement,2025,331.2,41.0,290.3,38.6,3.1
E06000039,Slough,None,0.6,capacity_improvement,2026,351.7,61.1,290.6,42.5,3.4
E06000039,Slough,None,0.6,capacity_improvement,2027,373.3,83.5,289.8,46.8,3.7
E06000039,Slough,None,0.6,capacity_improvement,2028,396.4,108.5,287.9,51.6,4.1
E06000039,Slough,None,0.6,capacity_improvement,2029,420.8,136.2,284.6,56.9,4.6
E06000039,Slough,None,0.6,capacity_improvement,2030,446.7,167.0,279.8,62.7,5.0
E06000039,Slough,None,0.6,flat_throughput,2024,312.0,23.0,289.0,35.0,2.8
E06000039,Slough,None,0.6,flat_throughput,2025,331.2,23.0,308.2,38.8,3.1
E06000039,Slough,None,0.6,flat_throughput,2026,351.7,23.0,328.7,42.9,3.4
E06000039,Slough,None,0.6,flat_throughput,2027,373.3,23.0,350.3,47.6,3.8
E06000039,Slough,None,0.6,flat_throughput,2028,396.4,23.0,373.4,52.7,4.2
E06000039,Slough,None,0.6,flat_throughput,2029,420.8,23.0,397.8,58.4,4.7
E06000039,Slough,None,0.6,flat_throughput,2030,446.7,23.0,423.7,64.6,5.2
E08000029,Solihull,None,0.5,continuation,2024,258.0,137.0,121.0,88.0,7.0
E08000029,Solihull,None,0.5,continuation,2025,250.7,149.7,101.1,83.7,6.7
E08000029,Solihull,None,0.5,continuation,2026,243.7,163.5,80.2,79.6,6.4
E08000029,Solihull,None,0.5,continuation,2027,236.8,178.6,58.2,75.7,6.1
E08000029,Solihull,None,0.5,continuation,2028,230.2,195.1,35.1,72.0,5.8
E08000029,Solihull,None,0.5,continuation,2029,223.7,213.2,10.6,68.5,5.5
E08000029,Solihull,None,0.5,continuation,2030,217.4,217.4,0.0,65.2,5.2
E08000029,Solihull,None,0.5,asd_semh_accel,2024,258.0,137.0,121.0,88.0,7.0
E08000029,Solihull,None,0.5,asd_semh_accel,2025,249.0,149.7,99.3,83.3,6.7
E08000029,Solihull,None,0.5,asd_semh_accel,2026,240.2,163.5,76.7,78.8,6.3
E08000029,Solihull,None,0.5,asd_semh_accel,2027,231.8,178.6,53.2,74.6,6.0
E08000029,Solihull,None,0.5,asd_semh_accel,2028,223.7,195.1,28.6,70.6,5.6
E08000029,Solihull,None,0.5,asd_semh_accel,2029,215.9,213.2,2.7,66.8,5.3
E08000029,Solihull,None,0.5,asd_semh_accel,2030,208.3,208.3,0.0,63.3,5.1
E08000029,Solihull,None,0.5,cost_inflation,2024,258.0,137.0,121.0,88.0,7.0
E08000029,Solihull,None,0.5,cost_inflation,2025,250.7,149.7,101.1,83.7,7.4
E08000029,Solihull,None,0.5,cost_inflation,2026,243.7,163.5,80.2,79.6,7.7
E08000029,Solihull,None,0.5,cost_inflation,2027,236.8,178.6,58.2,75.7,8.1
E08000029,Solihull,None,0.5,cost_inflation,2028,230.2,195.1,35.1,72.0,8.4
E08000029,Solihull,None,0.5,cost_inflation,2029,223.7,213.2,10.6,68.5,8.8
E08000029,Solihull,None,0.5,cost_inflation,2030,217.4,217.4,0.0,65.2,9.2
E08000029,Solihull,None,0.5,capacity_improvement,2024,258.0,137.0,121.0,88.0,7.0
E08000029,Solihull,None,0.5,capacity_improvement,2025,250.7,145.7,105.1,83.9,6.7
E08000029,Solihull,None,0.5,capacity_improvement,2026,243.7,153.8,89.9,80.0,6.4
E08000029,Solihull,None,0.5,capacity_improvement,2027,236.8,153.9,82.9,76.3,6.1
E08000029,Solihull,None,0.5,capacity_improvement,2028,230.2,149.6,80.6,72.8,5.8
E08000029,Solihull,None,0.5,capacity_improvement,2029,223.7,145.4,78.3,69.4,5.6
E08000029,Solihull,None,0.5,capacity_improvement,2030,217.4,141.3,76.1,66.2,5.3
E08000029,Solihull,None,0.5,flat_throughput,2024,258.0,137.0,121.0,88.0,7.0
E08000029,Solihull,None,0.5,flat_throughput,2025,250.7,137.0,113.7,83.7,6.7
E08000029,Solihull,None,0.5,flat_throughput,2026,243.7,137.0,106.7,79.6,6.4
E08000029,Solihull,None,0.5,flat_throughput,2027,236.8,137.0,99.8,75.7,6.1
E08000029,Solihull,None,0.5,flat_throughput,2028,230.2,137.0,93.2,72.0,5.8
E08000029,Solihull,None,0.5,flat_throughput,2029,223.7,137.0,86.7,68.5,5.5
E08000029,Solihull,None,0.5,flat_throughput,2030,217.4,137.0,80.4,65.2,5.2
E10000027,Somerset,None,0.6,continuation,2024,567.0,190.0,377.0,401.0,32.1
E10000027,Somerset,None,0.6,continuation,2025,541.5,197.9,343.6,452.1,36.2
E10000027,Somerset,None,0.6,continuation,2026,517.2,206.2,311.0,509.8,40.8
E10000027,Somerset,None,0.6,continuation,2027,493.9,214.8,279.1,574.8,46.0
E10000027,Somerset,None,0.6,continuation,2028,471.7,223.8,247.9,648.0,51.8
E10000027,Somerset,None,0.6,continuation,2029,450.5,233.1,217.4,730.7,58.5
E10000027,Somerset,None,0.6,continuation,2030,430.2,242.9,187.4,823.8,65.9
E10000027,Somerset,None,0.6,asd_semh_accel,2024,567.0,190.0,377.0,401.0,32.1
E10000027,Somerset,None,0.6,asd_semh_accel,2025,535.3,197.9,337.4,457.6,36.6
E10000027,Somerset,None,0.6,asd_semh_accel,2026,505.4,206.2,299.2,522.2,41.8
E10000027,Somerset,None,0.6,asd_semh_accel,2027,477.1,214.8,262.3,595.8,47.7
E10000027,Somerset,None,0.6,asd_semh_accel,2028,450.5,223.8,226.7,679.9,54.4
E10000027,Somerset,None,0.6,asd_semh_accel,2029,425.3,233.1,192.2,775.9,62.1
E10000027,Somerset,None,0.6,asd_semh_accel,2030,401.5,242.9,158.7,885.3,70.8
E10000027,Somerset,None,0.6,cost_inflation,2024,567.0,190.0,377.0,401.0,32.1
E10000027,Somerset,None,0.6,cost_inflation,2025,541.5,197.9,343.6,452.1,39.8
E10000027,Somerset,None,0.6,cost_inflation,2026,517.2,206.2,311.0,509.8,49.3
E10000027,Somerset,None,0.6,cost_inflation,2027,493.9,214.8,279.1,574.8,61.2
E10000027,Somerset,None,0.6,cost_inflation,2028,471.7,223.8,247.9,648.0,75.9
E10000027,Somerset,None,0.6,cost_inflation,2029,450.5,233.1,217.4,730.7,94.1
E10000027,Somerset,None,0.6,cost_inflation,2030,430.2,242.9,187.4,823.8,116.8
E10000027,Somerset,None,0.6,capacity_improvement,2024,567.0,190.0,377.0,401.0,32.1
E10000027,Somerset,None,0.6,capacity_improvement,2025,541.5,208.5,333.0,449.4,36.0
E10000027,Somerset,None,0.6,capacity_improvement,2026,517.2,225.0,292.1,503.7,40.3
E10000027,Somerset,None,0.6,capacity_improvement,2027,493.9,239.6,254.3,564.5,45.2
E10000027,Somerset,None,0.6,capacity_improvement,2028,471.7,252.4,219.3,632.7,50.6
E10000027,Somerset,None,0.6,capacity_improvement,2029,450.5,263.6,186.9,709.1,56.7
E10000027,Somerset,None,0.6,capacity_improvement,2030,430.2,273.2,157.0,794.7,63.6
E10000027,Somerset,None,0.6,flat_throughput,2024,567.0,190.0,377.0,401.0,32.1
E10000027,Somerset,None,0.6,flat_throughput,2025,541.5,190.0,351.5,452.1,36.2
E10000027,Somerset,None,0.6,flat_throughput,2026,517.2,190.0,327.2,509.8,40.8
E10000027,Somerset,None,0.6,flat_throughput,2027,493.9,190.0,303.9,574.8,46.0
E10000027,Somerset,None,0.6,flat_throughput,2028,471.7,190.0,281.7,648.0,51.8
E10000027,Somerset,None,0.6,flat_throughput,2029,450.5,190.0,260.5,730.7,58.5
E10000027,Somerset,None,0.6,flat_throughput,2030,430.2,190.0,240.2,823.8,65.9
E06000025,South Gloucestershire,None,0.6,continuation,2024,449.0,261.0,188.0,98.0,7.8
E06000025,South Gloucestershire,None,0.6,continuation,2025,503.2,272.9,230.2,96.3,7.7
E06000025,South Gloucestershire,None,0.6,continuation,2026,563.8,285.4,278.4,94.6,7.6
E06000025,South Gloucestershire,None,0.6,continuation,2027,631.8,298.4,333.4,93.0,7.4
E06000025,South Gloucestershire,None,0.6,continuation,2028,708.0,312.1,395.9,91.3,7.3
E06000025,South Gloucestershire,None,0.6,continuation,2029,793.4,326.3,467.1,89.7,7.2
E06000025,South Gloucestershire,None,0.6,continuation,2030,889.1,341.3,547.8,88.2,7.1
E06000025,South Gloucestershire,None,0.6,asd_semh_accel,2024,449.0,261.0,188.0,98.0,7.8
E06000025,South Gloucestershire,None,0.6,asd_semh_accel,2025,517.7,272.9,244.8,96.1,7.7
E06000025,South Gloucestershire,None,0.6,asd_semh_accel,2026,596.9,285.4,311.5,94.3,7.5
E06000025,South Gloucestershire,None,0.6,asd_semh_accel,2027,688.2,298.4,389.7,92.5,7.4
E06000025,South Gloucestershire,None,0.6,asd_semh_accel,2028,793.4,312.1,481.3,90.7,7.3
E06000025,South Gloucestershire,None,0.6,asd_semh_accel,2029,914.8,326.3,588.4,89.0,7.1
E06000025,South Gloucestershire,None,0.6,asd_semh_accel,2030,1054.7,341.3,713.4,87.2,7.0
E06000025,South Gloucestershire,None,0.6,cost_inflation,2024,449.0,261.0,188.0,98.0,7.8
E06000025,South Gloucestershire,None,0.6,cost_inflation,2025,503.2,272.9,230.2,96.3,8.5
E06000025,South Gloucestershire,None,0.6,cost_inflation,2026,563.8,285.4,278.4,94.6,9.2
E06000025,South Gloucestershire,None,0.6,cost_inflation,2027,631.8,298.4,333.4,93.0,9.9
E06000025,South Gloucestershire,None,0.6,cost_inflation,2028,708.0,312.1,395.9,91.3,10.7
E06000025,South Gloucestershire,None,0.6,cost_inflation,2029,793.4,326.3,467.1,89.7,11.6
E06000025,South Gloucestershire,None,0.6,cost_inflation,2030,889.1,341.3,547.8,88.2,12.5
E06000025,South Gloucestershire,None,0.6,capacity_improvement,2024,449.0,261.0,188.0,98.0,7.8
E06000025,South Gloucestershire,None,0.6,capacity_improvement,2025,503.2,317.6,185.5,96.4,7.7
E06000025,South Gloucestershire,None,0.6,capacity_improvement,2026,563.8,366.5,197.3,94.8,7.6
E06000025,South Gloucestershire,None,0.6,capacity_improvement,2027,631.8,410.7,221.1,93.2,7.5
E06000025,South Gloucestershire,None,0.6,capacity_improvement,2028,708.0,460.2,247.8,91.7,7.3
E06000025,South Gloucestershire,None,0.6,capacity_improvement,2029,793.4,515.7,277.7,90.1,7.2
E06000025,South Gloucestershire,None,0.6,capacity_improvement,2030,889.1,577.9,311.2,88.6,7.1
E06000025,South Gloucestershire,None,0.6,flat_throughput,2024,449.0,261.0,188.0,98.0,7.8
E06000025,South Gloucestershire,None,0.6,flat_throughput,2025,503.2,261.0,242.2,96.3,7.7
E06000025,South Gloucestershire,None,0.6,flat_throughput,2026,563.8,261.0,302.8,94.6,7.6
E06000025,South Gloucestershire,None,0.6,flat_throughput,2027,631.8,261.0,370.8,93.0,7.4
E06000025,South Gloucestershire,None,0.6,flat_throughput,2028,708.0,261.0,447.0,91.3,7.3
E06000025,South Gloucestershire,None,0.6,flat_throughput,2029,793.4,261.0,532.4,89.7,7.2
E06000025,South Gloucestershire,None,0.6,flat_throughput,2030,889.1,261.0,628.1,88.2,7.1
E08000023,South Tyneside,None,0.1,continuation,2024,171.0,107.0,64.0,57.0,4.6
E08000023,South Tyneside,None,0.1,continuation,2025,179.2,104.1,75.1,64.3,5.1
E08000023,South Tyneside,None,0.1,continuation,2026,187.7,101.3,86.4,72.5,5.8
E08000023,South Tyneside,None,0.1,continuation,2027,196.7,98.5,98.2,81.7,6.5
E08000023,South Tyneside,None,0.1,continuation,2028,206.1,95.8,110.2,92.1,7.4
E08000023,South Tyneside,None,0.1,continuation,2029,215.9,93.2,122.7,103.9,8.3
E08000023,South Tyneside,None,0.1,continuation,2030,226.2,90.7,135.5,117.1,9.4
E08000023,South Tyneside,None,0.1,asd_semh_accel,2024,171.0,107.0,64.0,57.0,4.6
E08000023,South Tyneside,None,0.1,asd_semh_accel,2025,181.3,104.1,77.2,65.0,5.2
E08000023,South Tyneside,None,0.1,asd_semh_accel,2026,192.1,101.3,90.9,74.2,5.9
E08000023,South Tyneside,None,0.1,asd_semh_accel,2027,203.7,98.5,105.2,84.7,6.8
E08000023,South Tyneside,None,0.1,asd_semh_accel,2028,215.9,95.8,120.1,96.6,7.7
E08000023,South Tyneside,None,0.1,asd_semh_accel,2029,228.9,93.2,135.6,110.3,8.8
E08000023,South Tyneside,None,0.1,asd_semh_accel,2030,242.6,90.7,151.9,125.8,10.1
E08000023,South Tyneside,None,0.1,cost_inflation,2024,171.0,107.0,64.0,57.0,4.6
E08000023,South Tyneside,None,0.1,cost_inflation,2025,179.2,104.1,75.1,64.3,5.7
E08000023,South Tyneside,None,0.1,cost_inflation,2026,187.7,101.3,86.4,72.5,7.0
E08000023,South Tyneside,None,0.1,cost_inflation,2027,196.7,98.5,98.2,81.7,8.7
E08000023,South Tyneside,None,0.1,cost_inflation,2028,206.1,95.8,110.2,92.1,10.8
E08000023,South Tyneside,None,0.1,cost_inflation,2029,215.9,93.2,122.7,103.9,13.4
E08000023,South Tyneside,None,0.1,cost_inflation,2030,226.2,90.7,135.5,117.1,16.6
E08000023,South Tyneside,None,0.1,capacity_improvement,2024,171.0,107.0,64.0,57.0,4.6
E08000023,South Tyneside,None,0.1,capacity_improvement,2025,179.2,116.5,62.7,63.9,5.1
E08000023,South Tyneside,None,0.1,capacity_improvement,2026,187.7,122.0,65.7,71.6,5.7
E08000023,South Tyneside,None,0.1,capacity_improvement,2027,196.7,127.8,68.8,80.2,6.4
E08000023,South Tyneside,None,0.1,capacity_improvement,2028,206.1,133.9,72.1,89.9,7.2
E08000023,South Tyneside,None,0.1,capacity_improvement,2029,215.9,140.3,75.6,100.8,8.1
E08000023,South Tyneside,None,0.1,capacity_improvement,2030,226.2,147.0,79.2,113.0,9.0
E08000023,South Tyneside,None,0.1,flat_throughput,2024,171.0,107.0,64.0,57.0,4.6
E08000023,South Tyneside,None,0.1,flat_throughput,2025,179.2,107.0,72.2,64.3,5.1
E08000023,South Tyneside,None,0.1,flat_throughput,2026,187.7,107.0,80.7,72.5,5.8
E08000023,South Tyneside,None,0.1,flat_throughput,2027,196.7,107.0,89.7,81.7,6.5
E08000023,South Tyneside,None,0.1,flat_throughput,2028,206.1,107.0,99.1,92.1,7.4
E08000023,South Tyneside,None,0.1,flat_throughput,2029,215.9,107.0,108.9,103.9,8.3
E08000023,South Tyneside,None,0.1,flat_throughput,2030,226.2,107.0,119.2,117.1,9.4
E06000045,Southampton,None,0.1,continuation,2024,336.0,314.0,22.0,34.0,2.7
E06000045,Southampton,None,0.1,continuation,2025,356.4,347.0,9.4,32.3,2.6
E06000045,Southampton,None,0.1,continuation,2026,378.1,378.1,0.0,30.8,2.5
E06000045,Southampton,None,0.1,continuation,2027,401.1,401.1,0.0,29.3,2.3
E06000045,Southampton,None,0.1,continuation,2028,425.4,425.4,0.0,27.8,2.2
E06000045,Southampton,None,0.1,continuation,2029,451.3,451.3,0.0,26.5,2.1
E06000045,Southampton,None,0.1,continuation,2030,478.7,478.7,0.0,25.2,2.0
E06000045,Southampton,None,0.1,asd_semh_accel,2024,336.0,314.0,22.0,34.0,2.7
E06000045,Southampton,None,0.1,asd_semh_accel,2025,361.7,347.0,14.7,32.2,2.6
E06000045,Southampton,None,0.1,asd_semh_accel,2026,389.4,383.5,5.9,30.5,2.4
E06000045,Southampton,None,0.1,asd_semh_accel,2027,419.2,419.2,0.0,28.8,2.3
E06000045,Southampton,None,0.1,asd_semh_accel,2028,451.3,451.3,0.0,27.3,2.2
E06000045,Southampton,None,0.1,asd_semh_accel,2029,485.8,485.8,0.0,25.8,2.1
E06000045,Southampton,None,0.1,asd_semh_accel,2030,523.0,523.0,0.0,24.4,2.0
E06000045,Southampton,None,0.1,cost_inflation,2024,336.0,314.0,22.0,34.0,2.7
E06000045,Southampton,None,0.1,cost_inflation,2025,356.4,347.0,9.4,32.3,2.8
E06000045,Southampton,None,0.1,cost_inflation,2026,378.1,378.1,0.0,30.8,3.0
E06000045,Southampton,None,0.1,cost_inflation,2027,401.1,401.1,0.0,29.3,3.1
E06000045,Southampton,None,0.1,cost_inflation,2028,425.4,425.4,0.0,27.8,3.3
E06000045,Southampton,None,0.1,cost_inflation,2029,451.3,451.3,0.0,26.5,3.4
E06000045,Southampton,None,0.1,cost_inflation,2030,478.7,478.7,0.0,25.2,3.6
E06000045,Southampton,None,0.1,capacity_improvement,2024,336.0,218.4,117.6,34.0,2.7
E06000045,Southampton,None,0.1,capacity_improvement,2025,356.4,231.7,124.7,32.4,2.6
E06000045,Southampton,None,0.1,capacity_improvement,2026,378.1,245.7,132.3,30.9,2.5
E06000045,Southampton,None,0.1,capacity_improvement,2027,401.1,260.7,140.4,29.5,2.4
E06000045,Southampton,None,0.1,capacity_improvement,2028,425.4,276.5,148.9,28.1,2.2
E06000045,Southampton,None,0.1,capacity_improvement,2029,451.3,293.3,157.9,26.8,2.1
E06000045,Southampton,None,0.1,capacity_improvement,2030,478.7,311.2,167.5,25.6,2.0
E06000045,Southampton,None,0.1,flat_throughput,2024,336.0,314.0,22.0,34.0,2.7
E06000045,Southampton,None,0.1,flat_throughput,2025,356.4,314.0,42.4,32.3,2.6
E06000045,Southampton,None,0.1,flat_throughput,2026,378.1,314.0,64.1,30.8,2.5
E06000045,Southampton,None,0.1,flat_throughput,2027,401.1,314.0,87.1,29.3,2.3
E06000045,Southampton,None,0.1,flat_throughput,2028,425.4,314.0,111.4,27.8,2.2
E06000045,Southampton,None,0.1,flat_throughput,2029,451.3,314.0,137.3,26.5,2.1
E06000045,Southampton,None,0.1,flat_throughput,2030,478.7,314.0,164.7,25.2,2.0
E06000033,Southend-on-Sea,None,0.0,continuation,2024,299.0,48.0,251.0,15.0,1.2
E06000033,Southend-on-Sea,None,0.0,continuation,2025,337.1,41.3,295.8,16.9,1.4
E06000033,Southend-on-Sea,None,0.0,continuation,2026,380.1,35.6,344.5,19.1,1.5
E06000033,Southend-on-Sea,None,0.0,continuation,2027,428.6,30.6,398.0,21.5,1.7
E06000033,Southend-on-Sea,None,0.0,continuation,2028,483.2,26.3,456.9,24.2,1.9
E06000033,Southend-on-Sea,None,0.0,continuation,2029,544.8,22.7,522.1,27.3,2.2
E06000033,Southend-on-Sea,None,0.0,continuation,2030,614.3,19.5,594.8,30.8,2.5
E06000033,Southend-on-Sea,None,0.0,asd_semh_accel,2024,299.0,48.0,251.0,15.0,1.2
E06000033,Southend-on-Sea,None,0.0,asd_semh_accel,2025,347.4,41.3,306.1,17.1,1.4
E06000033,Southend-on-Sea,None,0.0,asd_semh_accel,2026,403.6,35.6,368.0,19.5,1.6
E06000033,Southend-on-Sea,None,0.0,asd_semh_accel,2027,468.9,30.6,438.3,22.3,1.8
E06000033,Southend-on-Sea,None,0.0,asd_semh_accel,2028,544.8,26.3,518.5,25.4,2.0
E06000033,Southend-on-Sea,None,0.0,asd_semh_accel,2029,633.0,22.7,610.3,29.0,2.3
E06000033,Southend-on-Sea,None,0.0,asd_semh_accel,2030,735.4,19.5,715.9,33.1,2.6
E06000033,Southend-on-Sea,None,0.0,cost_inflation,2024,299.0,48.0,251.0,15.0,1.2
E06000033,Southend-on-Sea,None,0.0,cost_inflation,2025,337.1,41.3,295.8,16.9,1.5
E06000033,Southend-on-Sea,None,0.0,cost_inflation,2026,380.1,35.6,344.5,19.1,1.8
E06000033,Southend-on-Sea,None,0.0,cost_inflation,2027,428.6,30.6,398.0,21.5,2.3
E06000033,Southend-on-Sea,None,0.0,cost_inflation,2028,483.2,26.3,456.9,24.2,2.8
E06000033,Southend-on-Sea,None,0.0,cost_inflation,2029,544.8,22.7,522.1,27.3,3.5
E06000033,Southend-on-Sea,None,0.0,cost_inflation,2030,614.3,19.5,594.8,30.8,4.4
E06000033,Southend-on-Sea,None,0.0,capacity_improvement,2024,299.0,48.0,251.0,15.0,1.2
E06000033,Southend-on-Sea,None,0.0,capacity_improvement,2025,337.1,71.0,266.1,16.8,1.3
E06000033,Southend-on-Sea,None,0.0,capacity_improvement,2026,380.1,99.0,281.1,18.8,1.5
E06000033,Southend-on-Sea,None,0.0,capacity_improvement,2027,428.6,133.1,295.5,21.1,1.7
E06000033,Southend-on-Sea,None,0.0,capacity_improvement,2028,483.2,174.2,309.0,23.7,1.9
E06000033,Southend-on-Sea,None,0.0,capacity_improvement,2029,544.8,223.7,321.1,26.5,2.1
E06000033,Southend-on-Sea,None,0.0,capacity_improvement,2030,614.3,282.9,331.4,29.7,2.4
E06000033,Southend-on-Sea,None,0.0,flat_throughput,2024,299.0,48.0,251.0,15.0,1.2
E06000033,Southend-on-Sea,None,0.0,flat_throughput,2025,337.1,48.0,289.1,16.9,1.4
E06000033,Southend-on-Sea,None,0.0,flat_throughput,2026,380.1,48.0,332.1,19.1,1.5
E06000033,Southend-on-Sea,None,0.0,flat_throughput,2027,428.6,48.0,380.6,21.5,1.7
E06000033,Southend-on-Sea,None,0.0,flat_throughput,2028,483.2,48.0,435.2,24.2,1.9
E06000033,Southend-on-Sea,None,0.0,flat_throughput,2029,544.8,48.0,496.8,27.3,2.2
E06000033,Southend-on-Sea,None,0.0,flat_throughput,2030,614.3,48.0,566.3,30.8,2.5
E09000028,Southwark,None,0.4,continuation,2024,461.0,169.0,292.0,111.0,8.9
E09000028,Southwark,None,0.4,continuation,2025,497.4,158.9,338.6,105.6,8.4
E09000028,Southwark,None,0.4,continuation,2026,536.8,149.3,387.4,100.4,8.0
E09000028,Southwark,None,0.4,continuation,2027,579.2,140.4,438.8,95.5,7.6
E09000028,Southwark,None,0.4,continuation,2028,625.0,132.0,493.0,90.9,7.3
E09000028,Southwark,None,0.4,continuation,2029,674.4,124.1,550.3,86.4,6.9
E09000028,Southwark,None,0.4,continuation,2030,727.7,116.6,611.0,82.2,6.6
E09000028,Southwark,None,0.4,asd_semh_accel,2024,461.0,169.0,292.0,111.0,8.9
E09000028,Southwark,None,0.4,asd_semh_accel,2025,507.0,158.9,348.1,105.1,8.4
E09000028,Southwark,None,0.4,asd_semh_accel,2026,557.6,149.3,408.2,99.4,8.0
E09000028,Southwark,None,0.4,asd_semh_accel,2027,613.2,140.4,472.8,94.1,7.5
E09000028,Southwark,None,0.4,asd_semh_accel,2028,674.4,132.0,542.4,89.1,7.1
E09000028,Southwark,None,0.4,asd_semh_accel,2029,741.7,124.1,617.6,84.3,6.7
E09000028,Southwark,None,0.4,asd_semh_accel,2030,815.7,116.6,699.0,79.8,6.4
E09000028,Southwark,None,0.4,cost_inflation,2024,461.0,169.0,292.0,111.0,8.9
E09000028,Southwark,None,0.4,cost_inflation,2025,497.4,158.9,338.6,105.6,9.3
E09000028,Southwark,None,0.4,cost_inflation,2026,536.8,149.3,387.4,100.4,9.7
E09000028,Southwark,None,0.4,cost_inflation,2027,579.2,140.4,438.8,95.5,10.2
E09000028,Southwark,None,0.4,cost_inflation,2028,625.0,132.0,493.0,90.9,10.6
E09000028,Southwark,None,0.4,cost_inflation,2029,674.4,124.1,550.3,86.4,11.1
E09000028,Southwark,None,0.4,cost_inflation,2030,727.7,116.6,611.0,82.2,11.7
E09000028,Southwark,None,0.4,capacity_improvement,2024,461.0,169.0,292.0,111.0,8.9
E09000028,Southwark,None,0.4,capacity_improvement,2025,497.4,207.2,290.2,105.9,8.5
E09000028,Southwark,None,0.4,capacity_improvement,2026,536.8,250.5,286.3,100.9,8.1
E09000028,Southwark,None,0.4,capacity_improvement,2027,579.2,299.2,280.0,96.3,7.7
E09000028,Southwark,None,0.4,capacity_improvement,2028,625.0,354.1,270.9,91.8,7.3
E09000028,Southwark,None,0.4,capacity_improvement,2029,674.4,415.8,258.6,87.5,7.0
E09000028,Southwark,None,0.4,capacity_improvement,2030,727.7,473.0,254.7,83.5,6.7
E09000028,Southwark,None,0.4,flat_throughput,2024,461.0,169.0,292.0,111.0,8.9
E09000028,Southwark,None,0.4,flat_throughput,2025,497.4,169.0,328.4,105.6,8.4
E09000028,Southwark,None,0.4,flat_throughput,2026,536.8,169.0,367.8,100.4,8.0
E09000028,Southwark,None,0.4,flat_throughput,2027,579.2,169.0,410.2,95.5,7.6
E09000028,Southwark,None,0.4,flat_throughput,2028,625.0,169.0,456.0,90.9,7.3
E09000028,Southwark,None,0.4,flat_throughput,2029,674.4,169.0,505.4,86.4,6.9
E09000028,Southwark,None,0.4,flat_throughput,2030,727.7,169.0,558.7,82.2,6.6
E08000013,St. Helens,None,0.1,continuation,2024,597.0,172.0,425.0,94.0,7.5
E08000013,St. Helens,None,0.1,continuation,2025,673.1,153.9,519.3,106.0,8.5
E08000013,St. Helens,None,0.1,continuation,2026,758.9,137.6,621.3,119.5,9.6
E08000013,St. Helens,None,0.1,continuation,2027,855.7,123.1,732.6,134.7,10.8
E08000013,St. Helens,None,0.1,continuation,2028,964.8,110.1,854.6,151.9,12.2
E08000013,St. Helens,None,0.1,continuation,2029,1087.8,98.5,989.3,171.3,13.7
E08000013,St. Helens,None,0.1,continuation,2030,1226.5,88.1,1138.4,193.1,15.4
E08000013,St. Helens,None,0.1,asd_semh_accel,2024,597.0,172.0,425.0,94.0,7.5
E08000013,St. Helens,None,0.1,asd_semh_accel,2025,693.6,153.9,539.7,107.3,8.6
E08000013,St. Helens,None,0.1,asd_semh_accel,2026,805.9,137.6,668.2,122.4,9.8
E08000013,St. Helens,None,0.1,asd_semh_accel,2027,936.3,123.1,813.2,139.7,11.2
E08000013,St. Helens,None,0.1,asd_semh_accel,2028,1087.8,110.1,977.7,159.4,12.8
E08000013,St. Helens,None,0.1,asd_semh_accel,2029,1263.8,98.5,1165.3,181.9,14.5
E08000013,St. Helens,None,0.1,asd_semh_accel,2030,1468.4,88.1,1380.2,207.5,16.6
E08000013,St. Helens,None,0.1,cost_inflation,2024,597.0,172.0,425.0,94.0,7.5
E08000013,St. Helens,None,0.1,cost_inflation,2025,673.1,153.9,519.3,106.0,9.3
E08000013,St. Helens,None,0.1,cost_inflation,2026,758.9,137.6,621.3,119.5,11.6
E08000013,St. Helens,None,0.1,cost_inflation,2027,855.7,123.1,732.6,134.7,14.3
E08000013,St. Helens,None,0.1,cost_inflation,2028,964.8,110.1,854.6,151.9,17.8
E08000013,St. Helens,None,0.1,cost_inflation,2029,1087.8,98.5,989.3,171.3,22.1
E08000013,St. Helens,None,0.1,cost_inflation,2030,1226.5,88.1,1138.4,193.1,27.4
E08000013,St. Helens,None,0.1,capacity_improvement,2024,597.0,172.0,425.0,94.0,7.5
E08000013,St. Helens,None,0.1,capacity_improvement,2025,673.1,227.6,445.5,105.4,8.4
E08000013,St. Helens,None,0.1,capacity_improvement,2026,758.9,294.5,464.4,118.1,9.4
E08000013,St. Helens,None,0.1,capacity_improvement,2027,855.7,374.9,480.8,132.3,10.6
E08000013,St. Helens,None,0.1,capacity_improvement,2028,964.8,470.9,493.9,148.3,11.9
E08000013,St. Helens,None,0.1,capacity_improvement,2029,1087.8,585.4,502.4,166.2,13.3
E08000013,St. Helens,None,0.1,capacity_improvement,2030,1226.5,721.3,505.2,186.3,14.9
E08000013,St. Helens,None,0.1,flat_throughput,2024,597.0,172.0,425.0,94.0,7.5
E08000013,St. Helens,None,0.1,flat_throughput,2025,673.1,172.0,501.1,106.0,8.5
E08000013,St. Helens,None,0.1,flat_throughput,2026,758.9,172.0,586.9,119.5,9.6
E08000013,St. Helens,None,0.1,flat_throughput,2027,855.7,172.0,683.7,134.7,10.8
E08000013,St. Helens,None,0.1,flat_throughput,2028,964.8,172.0,792.8,151.9,12.2
E08000013,St. Helens,None,0.1,flat_throughput,2029,1087.8,172.0,915.8,171.3,13.7
E08000013,St. Helens,None,0.1,flat_throughput,2030,1226.5,172.0,1054.5,193.1,15.4
E10000028,Staffordshire,None,0.8,continuation,2024,947.0,334.0,613.0,605.0,48.4
E10000028,Staffordshire,None,0.8,continuation,2025,1002.2,369.1,633.0,682.1,54.6
E10000028,Staffordshire,None,0.8,continuation,2026,1060.6,407.9,652.6,769.1,61.5
E10000028,Staffordshire,None,0.8,continuation,2027,1122.3,450.9,671.5,867.2,69.4
E10000028,Staffordshire,None,0.8,continuation,2028,1187.7,498.3,689.5,977.7,78.2
E10000028,Staffordshire,None,0.8,continuation,2029,1256.9,550.7,706.3,1102.4,88.2
E10000028,Staffordshire,None,0.8,continuation,2030,1330.2,608.6,721.6,1242.9,99.4
E10000028,Staffordshire,None,0.8,asd_semh_accel,2024,947.0,334.0,613.0,605.0,48.4
E10000028,Staffordshire,None,0.8,asd_semh_accel,2025,1016.5,369.1,647.3,690.4,55.2
E10000028,Staffordshire,None,0.8,asd_semh_accel,2026,1091.0,407.9,683.1,787.8,63.0
E10000028,Staffordshire,None,0.8,asd_semh_accel,2027,1171.0,450.9,720.2,899.0,71.9
E10000028,Staffordshire,None,0.8,asd_semh_accel,2028,1256.9,498.3,758.7,1025.8,82.1
E10000028,Staffordshire,None,0.8,asd_semh_accel,2029,1349.1,550.7,798.4,1170.5,93.6
E10000028,Staffordshire,None,0.8,asd_semh_accel,2030,1448.1,608.6,839.5,1335.7,106.9
E10000028,Staffordshire,None,0.8,cost_inflation,2024,947.0,334.0,613.0,605.0,48.4
E10000028,Staffordshire,None,0.8,cost_inflation,2025,1002.2,369.1,633.0,682.1,60.0
E10000028,Staffordshire,None,0.8,cost_inflation,2026,1060.6,407.9,652.6,769.1,74.4
E10000028,Staffordshire,None,0.8,cost_inflation,2027,1122.3,450.9,671.5,867.2,92.3
E10000028,Staffordshire,None,0.8,cost_inflation,2028,1187.7,498.3,689.5,977.7,114.5
E10000028,Staffordshire,None,0.8,cost_inflation,2029,1256.9,550.7,706.3,1102.4,142.0
E10000028,Staffordshire,None,0.8,cost_inflation,2030,1330.2,608.6,721.6,1242.9,176.2
E10000028,Staffordshire,None,0.8,capacity_improvement,2024,947.0,334.0,613.0,605.0,48.4
E10000028,Staffordshire,None,0.8,capacity_improvement,2025,1002.2,403.6,598.6,678.1,54.2
E10000028,Staffordshire,None,0.8,capacity_improvement,2026,1060.6,480.1,580.5,759.9,60.8
E10000028,Staffordshire,None,0.8,capacity_improvement,2027,1122.3,564.2,558.1,851.7,68.1
E10000028,Staffordshire,None,0.8,capacity_improvement,2028,1187.7,656.4,531.3,954.5,76.4
E10000028,Staffordshire,None,0.8,capacity_improvement,2029,1256.9,757.5,499.4,1069.8,85.6
E10000028,Staffordshire,None,0.8,capacity_improvement,2030,1330.2,864.6,465.6,1199.0,95.9
E10000028,Staffordshire,None,0.8,flat_throughput,2024,947.0,334.0,613.0,605.0,48.4
E10000028,Staffordshire,None,0.8,flat_throughput,2025,1002.2,334.0,668.2,682.1,54.6
E10000028,Staffordshire,None,0.8,flat_throughput,2026,1060.6,334.0,726.6,769.1,61.5
E10000028,Staffordshire,None,0.8,flat_throughput,2027,1122.3,334.0,788.3,867.2,69.4
E10000028,Staffordshire,None,0.8,flat_throughput,2028,1187.7,334.0,853.7,977.7,78.2
E10000028,Staffordshire,None,0.8,flat_throughput,2029,1256.9,334.0,922.9,1102.4,88.2
E10000028,Staffordshire,None,0.8,flat_throughput,2030,1330.2,334.0,996.2,1242.9,99.4
E08000007,Stockport,None,0.2,continuation,2024,575.0,45.0,530.0,152.0,12.2
E08000007,Stockport,None,0.2,continuation,2025,648.3,38.7,609.6,170.5,13.6
E08000007,Stockport,None,0.2,continuation,2026,731.0,33.3,697.6,191.3,15.3
E08000007,Stockport,None,0.2,continuation,2027,824.2,28.7,795.5,214.6,17.2
E08000007,Stockport,None,0.2,continuation,2028,929.2,24.7,904.5,240.8,19.3
E08000007,Stockport,None,0.2,continuation,2029,1047.7,21.3,1026.5,270.1,21.6
E08000007,Stockport,None,0.2,continuation,2030,1181.3,18.3,1163.0,303.0,24.2
E08000007,Stockport,None,0.2,asd_semh_accel,2024,575.0,45.0,530.0,152.0,12.2
E08000007,Stockport,None,0.2,asd_semh_accel,2025,668.1,38.7,629.3,172.5,13.8
E08000007,Stockport,None,0.2,asd_semh_accel,2026,776.2,33.3,742.8,195.8,15.7
E08000007,Stockport,None,0.2,asd_semh_accel,2027,901.8,28.7,873.1,222.1,17.8
E08000007,Stockport,None,0.2,asd_semh_accel,2028,1047.7,24.7,1023.0,252.1,20.2
E08000007,Stockport,None,0.2,asd_semh_accel,2029,1217.3,21.3,1196.0,286.1,22.9
E08000007,Stockport,None,0.2,asd_semh_accel,2030,1414.3,18.3,1396.0,324.7,26.0
E08000007,Stockport,None,0.2,cost_inflation,2024,575.0,45.0,530.0,152.0,12.2
E08000007,Stockport,None,0.2,cost_inflation,2025,648.3,38.7,609.6,170.5,15.0
E08000007,Stockport,None,0.2,cost_inflation,2026,731.0,33.3,697.6,191.3,18.5
E08000007,Stockport,None,0.2,cost_inflation,2027,824.2,28.7,795.5,214.6,22.9
E08000007,Stockport,None,0.2,cost_inflation,2028,929.2,24.7,904.5,240.8,28.2
E08000007,Stockport,None,0.2,cost_inflation,2029,1047.7,21.3,1026.5,270.1,34.8
E08000007,Stockport,None,0.2,cost_inflation,2030,1181.3,18.3,1163.0,303.0,42.9
E08000007,Stockport,None,0.2,capacity_improvement,2024,575.0,45.0,530.0,152.0,12.2
E08000007,Stockport,None,0.2,capacity_improvement,2025,648.3,83.2,565.2,169.5,13.6
E08000007,Stockport,None,0.2,capacity_improvement,2026,731.0,130.3,600.7,189.1,15.1
E08000007,Stockport,None,0.2,capacity_improvement,2027,824.2,188.1,636.0,210.9,16.9
E08000007,Stockport,None,0.2,capacity_improvement,2028,929.2,258.6,670.7,235.3,18.8
E08000007,Stockport,None,0.2,capacity_improvement,2029,1047.7,343.9,703.8,262.4,21.0
E08000007,Stockport,None,0.2,capacity_improvement,2030,1181.3,446.8,734.5,292.7,23.4
E08000007,Stockport,None,0.2,flat_throughput,2024,575.0,45.0,530.0,152.0,12.2
E08000007,Stockport,None,0.2,flat_throughput,2025,648.3,45.0,603.3,170.5,13.6
E08000007,Stockport,None,0.2,flat_throughput,2026,731.0,45.0,686.0,191.3,15.3
E08000007,Stockport,None,0.2,flat_throughput,2027,824.2,45.0,779.2,214.6,17.2
E08000007,Stockport,None,0.2,flat_throughput,2028,929.2,45.0,884.2,240.8,19.3
E08000007,Stockport,None,0.2,flat_throughput,2029,1047.7,45.0,1002.7,270.1,21.6
E08000007,Stockport,None,0.2,flat_throughput,2030,1181.3,45.0,1136.3,303.0,24.2
E06000004,Stockton-on-Tees,None,0.2,continuation,2024,402.0,278.0,124.0,144.0,11.5
E06000004,Stockton-on-Tees,None,0.2,continuation,2025,446.4,307.2,139.2,162.4,13.0
E06000004,Stockton-on-Tees,None,0.2,continuation,2026,495.8,339.5,156.2,183.1,14.6
E06000004,Stockton-on-Tees,None,0.2,continuation,2027,550.6,375.3,175.3,206.4,16.5
E06000004,Stockton-on-Tees,None,0.2,continuation,2028,611.4,414.7,196.7,232.7,18.6
E06000004,Stockton-on-Tees,None,0.2,continuation,2029,679.0,458.3,220.7,262.4,21.0
E06000004,Stockton-on-Tees,None,0.2,continuation,2030,754.1,506.5,247.5,295.8,23.7
E06000004,Stockton-on-Tees,None,0.2,asd_semh_accel,2024,402.0,278.0,124.0,144.0,11.5
E06000004,Stockton-on-Tees,None,0.2,asd_semh_accel,2025,458.3,307.2,151.1,164.3,13.1
E06000004,Stockton-on-Tees,None,0.2,asd_semh_accel,2026,522.5,339.5,182.9,187.5,15.0
E06000004,Stockton-on-Tees,None,0.2,asd_semh_accel,2027,595.6,375.3,220.4,214.0,17.1
E06000004,Stockton-on-Tees,None,0.2,asd_semh_accel,2028,679.0,414.7,264.3,244.2,19.5
E06000004,Stockton-on-Tees,None,0.2,asd_semh_accel,2029,774.1,458.3,315.8,278.6,22.3
E06000004,Stockton-on-Tees,None,0.2,asd_semh_accel,2030,882.5,506.5,376.0,317.9,25.4
E06000004,Stockton-on-Tees,None,0.2,cost_inflation,2024,402.0,278.0,124.0,144.0,11.5
E06000004,Stockton-on-Tees,None,0.2,cost_inflation,2025,446.4,307.2,139.2,162.4,14.3
E06000004,Stockton-on-Tees,None,0.2,cost_inflation,2026,495.8,339.5,156.2,183.1,17.7
E06000004,Stockton-on-Tees,None,0.2,cost_inflation,2027,550.6,375.3,175.3,206.4,22.0
E06000004,Stockton-on-Tees,None,0.2,cost_inflation,2028,611.4,414.7,196.7,232.7,27.3
E06000004,Stockton-on-Tees,None,0.2,cost_inflation,2029,679.0,458.3,220.7,262.4,33.8
E06000004,Stockton-on-Tees,None,0.2,cost_inflation,2030,754.1,506.5,247.5,295.8,41.9
E06000004,Stockton-on-Tees,None,0.2,capacity_improvement,2024,402.0,261.3,140.7,144.0,11.5
E06000004,Stockton-on-Tees,None,0.2,capacity_improvement,2025,446.4,290.2,156.3,161.4,12.9
E06000004,Stockton-on-Tees,None,0.2,capacity_improvement,2026,495.8,322.3,173.5,180.9,14.5
E06000004,Stockton-on-Tees,None,0.2,capacity_improvement,2027,550.6,357.9,192.7,202.7,16.2
E06000004,Stockton-on-Tees,None,0.2,capacity_improvement,2028,611.4,397.4,214.0,227.2,18.2
E06000004,Stockton-on-Tees,None,0.2,capacity_improvement,2029,679.0,441.4,237.7,254.6,20.4
E06000004,Stockton-on-Tees,None,0.2,capacity_improvement,2030,754.1,490.2,263.9,285.4,22.8
E06000004,Stockton-on-Tees,None,0.2,flat_throughput,2024,402.0,278.0,124.0,144.0,11.5
E06000004,Stockton-on-Tees,None,0.2,flat_throughput,2025,446.4,278.0,168.4,162.4,13.0
E06000004,Stockton-on-Tees,None,0.2,flat_throughput,2026,495.8,278.0,217.8,183.1,14.6
E06000004,Stockton-on-Tees,None,0.2,flat_throughput,2027,550.6,278.0,272.6,206.4,16.5
E06000004,Stockton-on-Tees,None,0.2,flat_throughput,2028,611.4,278.0,333.4,232.7,18.6
E06000004,Stockton-on-Tees,None,0.2,flat_throughput,2029,679.0,278.0,401.0,262.4,21.0
E06000004,Stockton-on-Tees,None,0.2,flat_throughput,2030,754.1,278.0,476.1,295.8,23.7
E06000021,Stoke-on-Trent,None,0.9,continuation,2024,559.0,184.0,375.0,268.0,21.4
E06000021,Stoke-on-Trent,None,0.9,continuation,2025,630.3,203.4,426.9,267.0,21.4
E06000021,Stoke-on-Trent,None,0.9,continuation,2026,710.6,224.7,485.9,266.1,21.3
E06000021,Stoke-on-Trent,None,0.9,continuation,2027,801.2,248.4,552.9,265.1,21.2
E06000021,Stoke-on-Trent,None,0.9,continuation,2028,903.4,274.5,628.9,264.1,21.1
E06000021,Stoke-on-Trent,None,0.9,continuation,2029,1018.6,303.4,715.2,263.2,21.1
E06000021,Stoke-on-Trent,None,0.9,continuation,2030,1148.4,335.3,813.2,262.2,21.0
E06000021,Stoke-on-Trent,None,0.9,asd_semh_accel,2024,559.0,184.0,375.0,268.0,21.4
E06000021,Stoke-on-Trent,None,0.9,asd_semh_accel,2025,649.5,203.4,446.1,266.9,21.4
E06000021,Stoke-on-Trent,None,0.9,asd_semh_accel,2026,754.6,224.7,529.8,265.9,21.3
E06000021,Stoke-on-Trent,None,0.9,asd_semh_accel,2027,876.7,248.4,628.3,264.8,21.2
E06000021,Stoke-on-Trent,None,0.9,asd_semh_accel,2028,1018.6,274.5,744.1,263.8,21.1
E06000021,Stoke-on-Trent,None,0.9,asd_semh_accel,2029,1183.4,303.4,880.0,262.7,21.0
E06000021,Stoke-on-Trent,None,0.9,asd_semh_accel,2030,1374.9,335.3,1039.6,261.7,20.9
E06000021,Stoke-on-Trent,None,0.9,cost_inflation,2024,559.0,184.0,375.0,268.0,21.4
E06000021,Stoke-on-Trent,None,0.9,cost_inflation,2025,630.3,203.4,426.9,267.0,23.5
E06000021,Stoke-on-Trent,None,0.9,cost_inflation,2026,710.6,224.7,485.9,266.1,25.8
E06000021,Stoke-on-Trent,None,0.9,cost_inflation,2027,801.2,248.4,552.9,265.1,28.2
E06000021,Stoke-on-Trent,None,0.9,cost_inflation,2028,903.4,274.5,628.9,264.1,30.9
E06000021,Stoke-on-Trent,None,0.9,cost_inflation,2029,1018.6,303.4,715.2,263.2,33.9
E06000021,Stoke-on-Trent,None,0.9,cost_inflation,2030,1148.4,335.3,813.2,262.2,37.2
E06000021,Stoke-on-Trent,None,0.9,capacity_improvement,2024,559.0,184.0,375.0,268.0,21.4
E06000021,Stoke-on-Trent,None,0.9,capacity_improvement,2025,630.3,239.0,391.3,267.1,21.4
E06000021,Stoke-on-Trent,None,0.9,capacity_improvement,2026,710.6,305.0,405.7,266.2,21.3
E06000021,Stoke-on-Trent,None,0.9,capacity_improvement,2027,801.2,383.9,417.3,265.2,21.2
E06000021,Stoke-on-Trent,None,0.9,capacity_improvement,2028,903.4,478.0,425.4,264.3,21.1
E06000021,Stoke-on-Trent,None,0.9,capacity_improvement,2029,1018.6,589.9,428.7,263.4,21.1
E06000021,Stoke-on-Trent,None,0.9,capacity_improvement,2030,1148.4,722.5,425.9,262.5,21.0
E06000021,Stoke-on-Trent,None,0.9,flat_throughput,2024,559.0,184.0,375.0,268.0,21.4
E06000021,Stoke-on-Trent,None,0.9,flat_throughput,2025,630.3,184.0,446.3,267.0,21.4
E06000021,Stoke-on-Trent,None,0.9,flat_throughput,2026,710.6,184.0,526.6,266.1,21.3
E06000021,Stoke-on-Trent,None,0.9,flat_throughput,2027,801.2,184.0,617.2,265.1,21.2
E06000021,Stoke-on-Trent,None,0.9,flat_throughput,2028,903.4,184.0,719.4,264.1,21.1
E06000021,Stoke-on-Trent,None,0.9,flat_throughput,2029,1018.6,184.0,834.6,263.2,21.1
E06000021,Stoke-on-Trent,None,0.9,flat_throughput,2030,1148.4,184.0,964.4,262.2,21.0
E10000029,Suffolk,None,0.6,continuation,2024,1366.0,347.0,1019.0,387.0,31.0
E10000029,Suffolk,None,0.6,continuation,2025,1498.9,298.7,1200.2,436.3,34.9
E10000029,Suffolk,None,0.6,continuation,2026,1644.6,257.1,1387.6,492.0,39.4
E10000029,Suffolk,None,0.6,continuation,2027,1804.6,221.3,1583.3,554.7,44.4
E10000029,Suffolk,None,0.6,continuation,2028,1980.1,190.4,1789.6,625.4,50.0
E10000029,Suffolk,None,0.6,continuation,2029,2172.6,163.9,2008.7,705.2,56.4
E10000029,Suffolk,None,0.6,continuation,2030,2384.0,141.1,2242.9,795.1,63.6
E10000029,Suffolk,None,0.6,asd_semh_accel,2024,1366.0,347.0,1019.0,387.0,31.0
E10000029,Suffolk,None,0.6,asd_semh_accel,2025,1534.0,298.7,1235.4,441.6,35.3
E10000029,Suffolk,None,0.6,asd_semh_accel,2026,1722.7,257.1,1465.7,503.9,40.3
E10000029,Suffolk,None,0.6,asd_semh_accel,2027,1934.7,221.3,1713.4,575.0,46.0
E10000029,Suffolk,None,0.6,asd_semh_accel,2028,2172.6,190.4,1982.2,656.2,52.5
E10000029,Suffolk,None,0.6,asd_semh_accel,2029,2439.9,163.9,2276.0,748.8,59.9
E10000029,Suffolk,None,0.6,asd_semh_accel,2030,2740.1,141.1,2599.0,854.4,68.4
E10000029,Suffolk,None,0.6,cost_inflation,2024,1366.0,347.0,1019.0,387.0,31.0
E10000029,Suffolk,None,0.6,cost_inflation,2025,1498.9,298.7,1200.2,436.3,38.4
E10000029,Suffolk,None,0.6,cost_inflation,2026,1644.6,257.1,1387.6,492.0,47.6
E10000029,Suffolk,None,0.6,cost_inflation,2027,1804.6,221.3,1583.3,554.7,59.1
E10000029,Suffolk,None,0.6,cost_inflation,2028,1980.1,190.4,1789.6,625.4,73.3
E10000029,Suffolk,None,0.6,cost_inflation,2029,2172.6,163.9,2008.7,705.2,90.9
E10000029,Suffolk,None,0.6,cost_inflation,2030,2384.0,141.1,2242.9,795.1,112.7
E10000029,Suffolk,None,0.6,capacity_improvement,2024,1366.0,347.0,1019.0,387.0,31.0
E10000029,Suffolk,None,0.6,capacity_improvement,2025,1498.9,455.7,1043.2,433.7,34.7
E10000029,Suffolk,None,0.6,capacity_improvement,2026,1644.6,582.2,1062.4,486.1,38.9
E10000029,Suffolk,None,0.6,capacity_improvement,2027,1804.6,729.1,1075.5,544.8,43.6
E10000029,Suffolk,None,0.6,capacity_improvement,2028,1980.1,899.0,1081.1,610.6,48.8
E10000029,Suffolk,None,0.6,capacity_improvement,2029,2172.6,1095.1,1077.6,684.3,54.7
E10000029,Suffolk,None,0.6,capacity_improvement,2030,2384.0,1320.8,1063.2,767.0,61.4
E10000029,Suffolk,None,0.6,flat_throughput,2024,1366.0,347.0,1019.0,387.0,31.0
E10000029,Suffolk,None,0.6,flat_throughput,2025,1498.9,347.0,1151.9,436.3,34.9
E10000029,Suffolk,None,0.6,flat_throughput,2026,1644.6,347.0,1297.6,492.0,39.4
E10000029,Suffolk,None,0.6,flat_throughput,2027,1804.6,347.0,1457.6,554.7,44.4
E10000029,Suffolk,None,0.6,flat_throughput,2028,1980.1,347.0,1633.1,625.4,50.0
E10000029,Suffolk,None,0.6,flat_throughput,2029,2172.6,347.0,1825.6,705.2,56.4
E10000029,Suffolk,None,0.6,flat_throughput,2030,2384.0,347.0,2037.0,795.1,63.6
E08000024,Sunderland,None,0.3,continuation,2024,220.0,171.0,49.0,89.0,7.1
E08000024,Sunderland,None,0.3,continuation,2025,221.6,176.3,45.3,100.3,8.0
E08000024,Sunderland,None,0.3,continuation,2026,223.3,181.8,41.4,113.1,9.1
E08000024,Sunderland,None,0.3,continuation,2027,224.9,187.5,37.4,127.6,10.2
E08000024,Sunderland,None,0.3,continuation,2028,226.6,193.4,33.2,143.8,11.5
E08000024,Sunderland,None,0.3,continuation,2029,228.2,199.4,28.8,162.2,13.0
E08000024,Sunderland,None,0.3,continuation,2030,229.9,205.7,24.3,182.8,14.6
E08000024,Sunderland,None,0.3,asd_semh_accel,2024,220.0,171.0,49.0,89.0,7.1
E08000024,Sunderland,None,0.3,asd_semh_accel,2025,222.0,176.3,45.7,101.6,8.1
E08000024,Sunderland,None,0.3,asd_semh_accel,2026,224.1,181.8,42.2,115.9,9.3
E08000024,Sunderland,None,0.3,asd_semh_accel,2027,226.1,187.5,38.6,132.2,10.6
E08000024,Sunderland,None,0.3,asd_semh_accel,2028,228.2,193.4,34.8,150.9,12.1
E08000024,Sunderland,None,0.3,asd_semh_accel,2029,230.3,199.4,30.9,172.2,13.8
E08000024,Sunderland,None,0.3,asd_semh_accel,2030,232.5,205.7,26.8,196.5,15.7
E08000024,Sunderland,None,0.3,cost_inflation,2024,220.0,171.0,49.0,89.0,7.1
E08000024,Sunderland,None,0.3,cost_inflation,2025,221.6,176.3,45.3,100.3,8.8
E08000024,Sunderland,None,0.3,cost_inflation,2026,223.3,181.8,41.4,113.1,11.0
E08000024,Sunderland,None,0.3,cost_inflation,2027,224.9,187.5,37.4,127.6,13.6
E08000024,Sunderland,None,0.3,cost_inflation,2028,226.6,193.4,33.2,143.8,16.8
E08000024,Sunderland,None,0.3,cost_inflation,2029,228.2,199.4,28.8,162.2,20.9
E08000024,Sunderland,None,0.3,cost_inflation,2030,229.9,205.7,24.3,182.8,25.9
E08000024,Sunderland,None,0.3,capacity_improvement,2024,220.0,143.0,77.0,89.0,7.1
E08000024,Sunderland,None,0.3,capacity_improvement,2025,221.6,144.1,77.6,99.7,8.0
E08000024,Sunderland,None,0.3,capacity_improvement,2026,223.3,145.1,78.1,111.8,8.9
E08000024,Sunderland,None,0.3,capacity_improvement,2027,224.9,146.2,78.7,125.3,10.0
E08000024,Sunderland,None,0.3,capacity_improvement,2028,226.6,147.3,79.3,140.4,11.2
E08000024,Sunderland,None,0.3,capacity_improvement,2029,228.2,148.3,79.9,157.4,12.6
E08000024,Sunderland,None,0.3,capacity_improvement,2030,229.9,149.4,80.5,176.4,14.1
E08000024,Sunderland,None,0.3,flat_throughput,2024,220.0,171.0,49.0,89.0,7.1
E08000024,Sunderland,None,0.3,flat_throughput,2025,221.6,171.0,50.6,100.3,8.0
E08000024,Sunderland,None,0.3,flat_throughput,2026,223.3,171.0,52.3,113.1,9.1
E08000024,Sunderland,None,0.3,flat_throughput,2027,224.9,171.0,53.9,127.6,10.2
E08000024,Sunderland,None,0.3,flat_throughput,2028,226.6,171.0,55.6,143.8,11.5
E08000024,Sunderland,None,0.3,flat_throughput,2029,228.2,171.0,57.2,162.2,13.0
E08000024,Sunderland,None,0.3,flat_throughput,2030,229.9,171.0,58.9,182.8,14.6
E10000030,Surrey,None,0.9,continuation,2024,2134.0,867.0,1267.0,1231.0,98.5
E10000030,Surrey,None,0.9,continuation,2025,2283.7,774.2,1509.5,1378.7,110.3
E10000030,Surrey,None,0.9,continuation,2026,2443.9,691.4,1752.5,1544.0,123.5
E10000030,Surrey,None,0.9,continuation,2027,2615.3,617.4,1997.9,1729.2,138.3
E10000030,Surrey,None,0.9,continuation,2028,2798.8,551.3,2247.4,1936.6,154.9
E10000030,Surrey,None,0.9,continuation,2029,2995.1,492.3,2502.8,2168.9,173.5
E10000030,Surrey,None,0.9,continuation,2030,3205.2,439.6,2765.5,2429.1,194.3
E10000030,Surrey,None,0.9,asd_semh_accel,2024,2134.0,867.0,1267.0,1231.0,98.5
E10000030,Surrey,None,0.9,asd_semh_accel,2025,2322.7,774.2,1548.5,1394.4,111.5
E10000030,Surrey,None,0.9,asd_semh_accel,2026,2528.1,691.4,1836.8,1579.4,126.4
E10000030,Surrey,None,0.9,asd_semh_accel,2027,2751.7,617.4,2134.3,1789.0,143.1
E10000030,Surrey,None,0.9,asd_semh_accel,2028,2995.1,551.3,2443.8,2026.4,162.1
E10000030,Surrey,None,0.9,asd_semh_accel,2029,3260.0,492.3,2767.6,2295.3,183.6
E10000030,Surrey,None,0.9,asd_semh_accel,2030,3548.3,439.6,3108.6,2599.9,208.0
E10000030,Surrey,None,0.9,cost_inflation,2024,2134.0,867.0,1267.0,1231.0,98.5
E10000030,Surrey,None,0.9,cost_inflation,2025,2283.7,774.2,1509.5,1378.7,121.3
E10000030,Surrey,None,0.9,cost_inflation,2026,2443.9,691.4,1752.5,1544.0,149.5
E10000030,Surrey,None,0.9,cost_inflation,2027,2615.3,617.4,1997.9,1729.2,184.1
E10000030,Surrey,None,0.9,cost_inflation,2028,2798.8,551.3,2247.4,1936.6,226.8
E10000030,Surrey,None,0.9,cost_inflation,2029,2995.1,492.3,2502.8,2168.9,279.4
E10000030,Surrey,None,0.9,cost_inflation,2030,3205.2,439.6,2765.5,2429.1,344.3
E10000030,Surrey,None,0.9,capacity_improvement,2024,2134.0,867.0,1267.0,1231.0,98.5
E10000030,Surrey,None,0.9,capacity_improvement,2025,2283.7,1042.0,1241.7,1370.9,109.7
E10000030,Surrey,None,0.9,capacity_improvement,2026,2443.9,1237.3,1206.6,1526.6,122.1
E10000030,Surrey,None,0.9,capacity_improvement,2027,2615.3,1454.8,1160.5,1700.1,136.0
E10000030,Surrey,None,0.9,capacity_improvement,2028,2798.8,1696.8,1101.9,1893.3,151.5
E10000030,Surrey,None,0.9,capacity_improvement,2029,2995.1,1946.8,1048.3,2108.4,168.7
E10000030,Surrey,None,0.9,capacity_improvement,2030,3205.2,2083.4,1121.8,2347.9,187.8
E10000030,Surrey,None,0.9,flat_throughput,2024,2134.0,867.0,1267.0,1231.0,98.5
E10000030,Surrey,None,0.9,flat_throughput,2025,2283.7,867.0,1416.7,1378.7,110.3
E10000030,Surrey,None,0.9,flat_throughput,2026,2443.9,867.0,1576.9,1544.0,123.5
E10000030,Surrey,None,0.9,flat_throughput,2027,2615.3,867.0,1748.3,1729.2,138.3
E10000030,Surrey,None,0.9,flat_throughput,2028,2798.8,867.0,1931.8,1936.6,154.9
E10000030,Surrey,None,0.9,flat_throughput,2029,2995.1,867.0,2128.1,2168.9,173.5
E10000030,Surrey,None,0.9,flat_throughput,2030,3205.2,867.0,2338.2,2429.1,194.3
E09000029,Sutton,None,0.1,continuation,2024,366.0,280.0,86.0,139.0,11.1
E09000029,Sutton,None,0.1,continuation,2025,412.7,309.4,103.2,145.4,11.6
E09000029,Sutton,None,0.1,continuation,2026,465.3,342.0,123.3,152.0,12.2
E09000029,Sutton,None,0.1,continuation,2027,524.6,378.0,146.6,158.9,12.7
E09000029,Sutton,None,0.1,continuation,2028,591.5,417.7,173.8,166.2,13.3
E09000029,Sutton,None,0.1,continuation,2029,666.9,461.6,205.3,173.8,13.9
E09000029,Sutton,None,0.1,continuation,2030,751.9,510.2,241.7,181.7,14.5
E09000029,Sutton,None,0.1,asd_semh_accel,2024,366.0,280.0,86.0,139.0,11.1
E09000029,Sutton,None,0.1,asd_semh_accel,2025,425.2,309.4,115.8,146.0,11.7
E09000029,Sutton,None,0.1,asd_semh_accel,2026,494.0,342.0,152.1,153.4,12.3
E09000029,Sutton,None,0.1,asd_semh_accel,2027,574.0,378.0,196.0,161.1,12.9
E09000029,Sutton,None,0.1,asd_semh_accel,2028,666.9,417.7,249.2,169.2,13.5
E09000029,Sutton,None,0.1,asd_semh_accel,2029,774.8,461.6,313.2,177.7,14.2
E09000029,Sutton,None,0.1,asd_semh_accel,2030,900.2,510.2,390.0,186.7,14.9
E09000029,Sutton,None,0.1,cost_inflation,2024,366.0,280.0,86.0,139.0,11.1
E09000029,Sutton,None,0.1,cost_inflation,2025,412.7,309.4,103.2,145.4,12.8
E09000029,Sutton,None,0.1,cost_inflation,2026,465.3,342.0,123.3,152.0,14.7
E09000029,Sutton,None,0.1,cost_inflation,2027,524.6,378.0,146.6,158.9,16.9
E09000029,Sutton,None,0.1,cost_inflation,2028,591.5,417.7,173.8,166.2,19.5
E09000029,Sutton,None,0.1,cost_inflation,2029,666.9,461.6,205.3,173.8,22.4
E09000029,Sutton,None,0.1,cost_inflation,2030,751.9,510.2,241.7,181.7,25.8
E09000029,Sutton,None,0.1,capacity_improvement,2024,366.0,237.9,128.1,139.0,11.1
E09000029,Sutton,None,0.1,capacity_improvement,2025,412.7,268.2,144.4,145.0,11.6
E09000029,Sutton,None,0.1,capacity_improvement,2026,465.3,302.4,162.8,151.3,12.1
E09000029,Sutton,None,0.1,capacity_improvement,2027,524.6,341.0,183.6,157.9,12.6
E09000029,Sutton,None,0.1,capacity_improvement,2028,591.5,384.5,207.0,164.7,13.2
E09000029,Sutton,None,0.1,capacity_improvement,2029,666.9,433.5,233.4,171.9,13.7
E09000029,Sutton,None,0.1,capacity_improvement,2030,751.9,488.7,263.2,179.3,14.3
E09000029,Sutton,None,0.1,flat_throughput,2024,366.0,280.0,86.0,139.0,11.1
E09000029,Sutton,None,0.1,flat_throughput,2025,412.7,280.0,132.7,145.4,11.6
E09000029,Sutton,None,0.1,flat_throughput,2026,465.3,280.0,185.3,152.0,12.2
E09000029,Sutton,None,0.1,flat_throughput,2027,524.6,280.0,244.6,158.9,12.7
E09000029,Sutton,None,0.1,flat_throughput,2028,591.5,280.0,311.5,166.2,13.3
E09000029,Sutton,None,0.1,flat_throughput,2029,666.9,280.0,386.9,173.8,13.9
E09000029,Sutton,None,0.1,flat_throughput,2030,751.9,280.0,471.9,181.7,14.5
E06000030,Swindon,None,0.3,continuation,2024,247.0,122.0,125.0,22.0,1.8
E06000030,Swindon,None,0.3,continuation,2025,254.9,134.8,120.1,24.8,2.0
E06000030,Swindon,None,0.3,continuation,2026,263.1,149.0,114.1,28.0,2.2
E06000030,Swindon,None,0.3,continuation,2027,271.5,164.7,106.8,31.5,2.5
E06000030,Swindon,None,0.3,continuation,2028,280.2,182.0,98.2,35.6,2.8
E06000030,Swindon,None,0.3,continuation,2029,289.2,201.1,88.0,40.1,3.2
E06000030,Swindon,None,0.3,continuation,2030,298.5,222.3,76.2,45.2,3.6
E06000030,Swindon,None,0.3,asd_semh_accel,2024,247.0,122.0,125.0,22.0,1.8
E06000030,Swindon,None,0.3,asd_semh_accel,2025,256.9,134.8,122.1,25.1,2.0
E06000030,Swindon,None,0.3,asd_semh_accel,2026,267.3,149.0,118.3,28.6,2.3
E06000030,Swindon,None,0.3,asd_semh_accel,2027,278.0,164.7,113.3,32.7,2.6
E06000030,Swindon,None,0.3,asd_semh_accel,2028,289.2,182.0,107.2,37.3,3.0
E06000030,Swindon,None,0.3,asd_semh_accel,2029,300.8,201.1,99.7,42.6,3.4
E06000030,Swindon,None,0.3,asd_semh_accel,2030,312.9,222.3,90.6,48.6,3.9
E06000030,Swindon,None,0.3,cost_inflation,2024,247.0,122.0,125.0,22.0,1.8
E06000030,Swindon,None,0.3,cost_inflation,2025,254.9,134.8,120.1,24.8,2.2
E06000030,Swindon,None,0.3,cost_inflation,2026,263.1,149.0,114.1,28.0,2.7
E06000030,Swindon,None,0.3,cost_inflation,2027,271.5,164.7,106.8,31.5,3.4
E06000030,Swindon,None,0.3,cost_inflation,2028,280.2,182.0,98.2,35.6,4.2
E06000030,Swindon,None,0.3,cost_inflation,2029,289.2,201.1,88.0,40.1,5.2
E06000030,Swindon,None,0.3,cost_inflation,2030,298.5,222.3,76.2,45.2,6.4
E06000030,Swindon,None,0.3,capacity_improvement,2024,247.0,122.0,125.0,22.0,1.8
E06000030,Swindon,None,0.3,capacity_improvement,2025,254.9,138.7,116.3,24.7,2.0
E06000030,Swindon,None,0.3,capacity_improvement,2026,263.1,156.3,106.8,27.6,2.2
E06000030,Swindon,None,0.3,capacity_improvement,2027,271.5,174.8,96.7,31.0,2.5
E06000030,Swindon,None,0.3,capacity_improvement,2028,280.2,182.1,98.1,34.7,2.8
E06000030,Swindon,None,0.3,capacity_improvement,2029,289.2,188.0,101.2,38.9,3.1
E06000030,Swindon,None,0.3,capacity_improvement,2030,298.5,194.0,104.5,43.6,3.5
E06000030,Swindon,None,0.3,flat_throughput,2024,247.0,122.0,125.0,22.0,1.8
E06000030,Swindon,None,0.3,flat_throughput,2025,254.9,122.0,132.9,24.8,2.0
E06000030,Swindon,None,0.3,flat_throughput,2026,263.1,122.0,141.1,28.0,2.2
E06000030,Swindon,None,0.3,flat_throughput,2027,271.5,122.0,149.5,31.5,2.5
E06000030,Swindon,None,0.3,flat_throughput,2028,280.2,122.0,158.2,35.6,2.8
E06000030,Swindon,None,0.3,flat_throughput,2029,289.2,122.0,167.2,40.1,3.2
E06000030,Swindon,None,0.3,flat_throughput,2030,298.5,122.0,176.5,45.2,3.6
E08000008,Tameside,None,0.7,continuation,2024,876.0,262.0,614.0,108.0,8.6
E08000008,Tameside,None,0.7,continuation,2025,987.7,289.6,698.1,120.8,9.7
E08000008,Tameside,None,0.7,continuation,2026,1113.6,320.0,793.6,135.2,10.8
E08000008,Tameside,None,0.7,continuation,2027,1255.6,353.7,901.9,151.2,12.1
E08000008,Tameside,None,0.7,continuation,2028,1415.7,390.9,1024.8,169.2,13.5
E08000008,Tameside,None,0.7,continuation,2029,1596.2,432.0,1164.2,189.3,15.1
E08000008,Tameside,None,0.7,continuation,2030,1799.7,477.4,1322.3,211.8,16.9
E08000008,Tameside,None,0.7,asd_semh_accel,2024,876.0,262.0,614.0,108.0,8.6
E08000008,Tameside,None,0.7,asd_semh_accel,2025,1017.8,289.6,728.2,122.2,9.8
E08000008,Tameside,None,0.7,asd_semh_accel,2026,1182.5,320.0,862.5,138.3,11.1
E08000008,Tameside,None,0.7,asd_semh_accel,2027,1373.8,353.7,1020.2,156.4,12.5
E08000008,Tameside,None,0.7,asd_semh_accel,2028,1596.2,390.9,1205.3,177.0,14.2
E08000008,Tameside,None,0.7,asd_semh_accel,2029,1854.5,432.0,1422.5,200.2,16.0
E08000008,Tameside,None,0.7,asd_semh_accel,2030,2154.6,477.4,1677.2,226.5,18.1
E08000008,Tameside,None,0.7,cost_inflation,2024,876.0,262.0,614.0,108.0,8.6
E08000008,Tameside,None,0.7,cost_inflation,2025,987.7,289.6,698.1,120.8,10.6
E08000008,Tameside,None,0.7,cost_inflation,2026,1113.6,320.0,793.6,135.2,13.1
E08000008,Tameside,None,0.7,cost_inflation,2027,1255.6,353.7,901.9,151.2,16.1
E08000008,Tameside,None,0.7,cost_inflation,2028,1415.7,390.9,1024.8,169.2,19.8
E08000008,Tameside,None,0.7,cost_inflation,2029,1596.2,432.0,1164.2,189.3,24.4
E08000008,Tameside,None,0.7,cost_inflation,2030,1799.7,477.4,1322.3,211.8,30.0
E08000008,Tameside,None,0.7,capacity_improvement,2024,876.0,262.0,614.0,108.0,8.6
E08000008,Tameside,None,0.7,capacity_improvement,2025,987.7,344.8,642.9,120.2,9.6
E08000008,Tameside,None,0.7,capacity_improvement,2026,1113.6,444.4,669.2,133.7,10.7
E08000008,Tameside,None,0.7,capacity_improvement,2027,1255.6,563.9,691.7,148.7,11.9
E08000008,Tameside,None,0.7,capacity_improvement,2028,1415.7,706.5,709.1,165.4,13.2
E08000008,Tameside,None,0.7,capacity_improvement,2029,1596.2,876.4,719.7,184.1,14.7
E08000008,Tameside,None,0.7,capacity_improvement,2030,1799.7,1078.2,721.5,204.8,16.4
E08000008,Tameside,None,0.7,flat_throughput,2024,876.0,262.0,614.0,108.0,8.6
E08000008,Tameside,None,0.7,flat_throughput,2025,987.7,262.0,725.7,120.8,9.7
E08000008,Tameside,None,0.7,flat_throughput,2026,1113.6,262.0,851.6,135.2,10.8
E08000008,Tameside,None,0.7,flat_throughput,2027,1255.6,262.0,993.6,151.2,12.1
E08000008,Tameside,None,0.7,flat_throughput,2028,1415.7,262.0,1153.7,169.2,13.5
E08000008,Tameside,None,0.7,flat_throughput,2029,1596.2,262.0,1334.2,189.3,15.1
E08000008,Tameside,None,0.7,flat_throughput,2030,1799.7,262.0,1537.7,211.8,16.9
E06000020,Telford and Wrekin,None,0.0,continuation,2024,334.0,279.0,55.0,53.0,4.2
E06000020,Telford and Wrekin,None,0.0,continuation,2025,376.6,308.3,68.2,52.7,4.2
E06000020,Telford and Wrekin,None,0.0,continuation,2026,424.6,340.8,83.8,52.4,4.2
E06000020,Telford and Wrekin,None,0.0,continuation,2027,478.7,376.6,102.1,52.2,4.2
E06000020,Telford and Wrekin,None,0.0,continuation,2028,539.8,416.2,123.5,51.9,4.2
E06000020,Telford and Wrekin,None,0.0,continuation,2029,608.6,460.0,148.6,51.6,4.1
E06000020,Telford and Wrekin,None,0.0,continuation,2030,686.2,508.4,177.8,51.3,4.1
E06000020,Telford and Wrekin,None,0.0,asd_semh_accel,2024,334.0,279.0,55.0,53.0,4.2
E06000020,Telford and Wrekin,None,0.0,asd_semh_accel,2025,388.1,308.3,79.7,52.7,4.2
E06000020,Telford and Wrekin,None,0.0,asd_semh_accel,2026,450.9,340.8,110.1,52.4,4.2
E06000020,Telford and Wrekin,None,0.0,asd_semh_accel,2027,523.8,376.6,147.2,52.1,4.2
E06000020,Telford and Wrekin,None,0.0,asd_semh_accel,2028,608.6,416.2,192.4,51.8,4.1
E06000020,Telford and Wrekin,None,0.0,asd_semh_accel,2029,707.1,460.0,247.1,51.5,4.1
E06000020,Telford and Wrekin,None,0.0,asd_semh_accel,2030,821.5,508.4,313.1,51.2,4.1
E06000020,Telford and Wrekin,None,0.0,cost_inflation,2024,334.0,279.0,55.0,53.0,4.2
E06000020,Telford and Wrekin,None,0.0,cost_inflation,2025,376.6,308.3,68.2,52.7,4.6
E06000020,Telford and Wrekin,None,0.0,cost_inflation,2026,424.6,340.8,83.8,52.4,5.1
E06000020,Telford and Wrekin,None,0.0,cost_inflation,2027,478.7,376.6,102.1,52.2,5.6
E06000020,Telford and Wrekin,None,0.0,cost_inflation,2028,539.8,416.2,123.5,51.9,6.1
E06000020,Telford and Wrekin,None,0.0,cost_inflation,2029,608.6,460.0,148.6,51.6,6.6
E06000020,Telford and Wrekin,None,0.0,cost_inflation,2030,686.2,508.4,177.8,51.3,7.3
E06000020,Telford and Wrekin,None,0.0,capacity_improvement,2024,334.0,217.1,116.9,53.0,4.2
E06000020,Telford and Wrekin,None,0.0,capacity_improvement,2025,376.6,244.8,131.8,52.7,4.2
E06000020,Telford and Wrekin,None,0.0,capacity_improvement,2026,424.6,276.0,148.6,52.5,4.2
E06000020,Telford and Wrekin,None,0.0,capacity_improvement,2027,478.7,311.2,167.6,52.2,4.2
E06000020,Telford and Wrekin,None,0.0,capacity_improvement,2028,539.8,350.8,188.9,51.9,4.2
E06000020,Telford and Wrekin,None,0.0,capacity_improvement,2029,608.6,395.6,213.0,51.7,4.1
E06000020,Telford and Wrekin,None,0.0,capacity_improvement,2030,686.2,446.0,240.2,51.4,4.1
E06000020,Telford and Wrekin,None,0.0,flat_throughput,2024,334.0,279.0,55.0,53.0,4.2
E06000020,Telford and Wrekin,None,0.0,flat_throughput,2025,376.6,279.0,97.6,52.7,4.2
E06000020,Telford and Wrekin,None,0.0,flat_throughput,2026,424.6,279.0,145.6,52.4,4.2
E06000020,Telford and Wrekin,None,0.0,flat_throughput,2027,478.7,279.0,199.7,52.2,4.2
E06000020,Telford and Wrekin,None,0.0,flat_throughput,2028,539.8,279.0,260.8,51.9,4.2
E06000020,Telford and Wrekin,None,0.0,flat_throughput,2029,608.6,279.0,329.6,51.6,4.1
E06000020,Telford and Wrekin,None,0.0,flat_throughput,2030,686.2,279.0,407.2,51.3,4.1
E06000034,Thurrock,None,0.1,continuation,2024,288.0,139.0,149.0,39.0,3.1
E06000034,Thurrock,None,0.1,continuation,2025,306.7,139.8,167.0,41.7,3.3
E06000034,Thurrock,None,0.1,continuation,2026,326.7,140.6,186.1,44.7,3.6
E06000034,Thurrock,None,0.1,continuation,2027,348.0,141.3,206.6,47.8,3.8
E06000034,Thurrock,None,0.1,continuation,2028,370.6,142.1,228.5,51.2,4.1
E06000034,Thurrock,None,0.1,continuation,2029,394.7,142.9,251.8,54.8,4.4
E06000034,Thurrock,None,0.1,continuation,2030,420.4,143.7,276.7,58.6,4.7
E06000034,Thurrock,None,0.1,asd_semh_accel,2024,288.0,139.0,149.0,39.0,3.1
E06000034,Thurrock,None,0.1,asd_semh_accel,2025,311.6,139.8,171.8,42.0,3.4
E06000034,Thurrock,None,0.1,asd_semh_accel,2026,337.2,140.6,196.6,45.3,3.6
E06000034,Thurrock,None,0.1,asd_semh_accel,2027,364.8,141.3,223.5,48.8,3.9
E06000034,Thurrock,None,0.1,asd_semh_accel,2028,394.7,142.1,252.6,52.6,4.2
E06000034,Thurrock,None,0.1,asd_semh_accel,2029,427.1,142.9,284.1,56.7,4.5
E06000034,Thurrock,None,0.1,asd_semh_accel,2030,462.1,143.7,318.4,61.1,4.9
E06000034,Thurrock,None,0.1,cost_inflation,2024,288.0,139.0,149.0,39.0,3.1
E06000034,Thurrock,None,0.1,cost_inflation,2025,306.7,139.8,167.0,41.7,3.7
E06000034,Thurrock,None,0.1,cost_inflation,2026,326.7,140.6,186.1,44.7,4.3
E06000034,Thurrock,None,0.1,cost_inflation,2027,348.0,141.3,206.6,47.8,5.1
E06000034,Thurrock,None,0.1,cost_inflation,2028,370.6,142.1,228.5,51.2,6.0
E06000034,Thurrock,None,0.1,cost_inflation,2029,394.7,142.9,251.8,54.8,7.1
E06000034,Thurrock,None,0.1,cost_inflation,2030,420.4,143.7,276.7,58.6,8.3
E06000034,Thurrock,None,0.1,capacity_improvement,2024,288.0,139.0,149.0,39.0,3.1
E06000034,Thurrock,None,0.1,capacity_improvement,2025,306.7,163.4,143.4,41.6,3.3
E06000034,Thurrock,None,0.1,capacity_improvement,2026,326.7,190.3,136.4,44.4,3.5
E06000034,Thurrock,None,0.1,capacity_improvement,2027,348.0,220.1,127.8,47.3,3.8
E06000034,Thurrock,None,0.1,capacity_improvement,2028,370.6,240.9,129.7,50.5,4.0
E06000034,Thurrock,None,0.1,capacity_improvement,2029,394.7,256.6,138.1,53.8,4.3
E06000034,Thurrock,None,0.1,capacity_improvement,2030,420.4,273.3,147.1,57.4,4.6
E06000034,Thurrock,None,0.1,flat_throughput,2024,288.0,139.0,149.0,39.0,3.1
E06000034,Thurrock,None,0.1,flat_throughput,2025,306.7,139.0,167.7,41.7,3.3
E06000034,Thurrock,None,0.1,flat_throughput,2026,326.7,139.0,187.7,44.7,3.6
E06000034,Thurrock,None,0.1,flat_throughput,2027,348.0,139.0,209.0,47.8,3.8
E06000034,Thurrock,None,0.1,flat_throughput,2028,370.6,139.0,231.6,51.2,4.1
E06000034,Thurrock,None,0.1,flat_throughput,2029,394.7,139.0,255.7,54.8,4.4
E06000034,Thurrock,None,0.1,flat_throughput,2030,420.4,139.0,281.4,58.6,4.7
E06000027,Torbay,None,0.4,continuation,2024,218.0,63.0,155.0,35.0,2.8
E06000027,Torbay,None,0.4,continuation,2025,224.8,64.5,160.3,33.9,2.7
E06000027,Torbay,None,0.4,continuation,2026,231.8,66.0,165.8,32.9,2.6
E06000027,Torbay,None,0.4,continuation,2027,239.0,67.6,171.5,31.9,2.6
E06000027,Torbay,None,0.4,continuation,2028,246.5,69.2,177.3,31.0,2.5
E06000027,Torbay,None,0.4,continuation,2029,254.2,70.8,183.4,30.1,2.4
E06000027,Torbay,None,0.4,continuation,2030,262.1,72.5,189.6,29.1,2.3
E06000027,Torbay,None,0.4,asd_semh_accel,2024,218.0,63.0,155.0,35.0,2.8
E06000027,Torbay,None,0.4,asd_semh_accel,2025,226.5,64.5,162.0,33.8,2.7
E06000027,Torbay,None,0.4,asd_semh_accel,2026,235.4,66.0,169.4,32.7,2.6
E06000027,Torbay,None,0.4,asd_semh_accel,2027,244.6,67.6,177.0,31.6,2.5
E06000027,Torbay,None,0.4,asd_semh_accel,2028,254.2,69.2,185.0,30.6,2.4
E06000027,Torbay,None,0.4,asd_semh_accel,2029,264.1,70.8,193.3,29.6,2.4
E06000027,Torbay,None,0.4,asd_semh_accel,2030,274.5,72.5,202.0,28.6,2.3
E06000027,Torbay,None,0.4,cost_inflation,2024,218.0,63.0,155.0,35.0,2.8
E06000027,Torbay,None,0.4,cost_inflation,2025,224.8,64.5,160.3,33.9,3.0
E06000027,Torbay,None,0.4,cost_inflation,2026,231.8,66.0,165.8,32.9,3.2
E06000027,Torbay,None,0.4,cost_inflation,2027,239.0,67.6,171.5,31.9,3.4
E06000027,Torbay,None,0.4,cost_inflation,2028,246.5,69.2,177.3,31.0,3.6
E06000027,Torbay,None,0.4,cost_inflation,2029,254.2,70.8,183.4,30.1,3.9
E06000027,Torbay,None,0.4,cost_inflation,2030,262.1,72.5,189.6,29.1,4.1
E06000027,Torbay,None,0.4,capacity_improvement,2024,218.0,63.0,155.0,35.0,2.8
E06000027,Torbay,None,0.4,capacity_improvement,2025,224.8,76.2,148.6,34.0,2.7
E06000027,Torbay,None,0.4,capacity_improvement,2026,231.8,90.2,141.6,33.0,2.6
E06000027,Torbay,None,0.4,capacity_improvement,2027,239.0,104.9,134.1,32.1,2.6
E06000027,Torbay,None,0.4,capacity_improvement,2028,246.5,120.5,126.0,31.2,2.5
E06000027,Torbay,None,0.4,capacity_improvement,2029,254.2,137.0,117.2,30.3,2.4
E06000027,Torbay,None,0.4,capacity_improvement,2030,262.1,154.4,107.7,29.4,2.4
E06000027,Torbay,None,0.4,flat_throughput,2024,218.0,63.0,155.0,35.0,2.8
E06000027,Torbay,None,0.4,flat_throughput,2025,224.8,63.0,161.8,33.9,2.7
E06000027,Torbay,None,0.4,flat_throughput,2026,231.8,63.0,168.8,32.9,2.6
E06000027,Torbay,None,0.4,flat_throughput,2027,239.0,63.0,176.0,31.9,2.6
E06000027,Torbay,None,0.4,flat_throughput,2028,246.5,63.0,183.5,31.0,2.5
E06000027,Torbay,None,0.4,flat_throughput,2029,254.2,63.0,191.2,30.1,2.4
E06000027,Torbay,None,0.4,flat_throughput,2030,262.1,63.0,199.1,29.1,2.3
E09000030,Tower Hamlets,None,0.8,continuation,2024,593.0,233.0,360.0,94.0,7.5
E09000030,Tower Hamlets,None,0.8,continuation,2025,668.6,257.5,411.1,89.4,7.2
E09000030,Tower Hamlets,None,0.8,continuation,2026,753.9,284.6,469.3,85.1,6.8
E09000030,Tower Hamlets,None,0.8,continuation,2027,850.0,314.5,535.4,80.9,6.5
E09000030,Tower Hamlets,None,0.8,continuation,2028,958.3,347.6,610.7,77.0,6.2
E09000030,Tower Hamlets,None,0.8,continuation,2029,1080.5,384.2,696.4,73.2,5.9
E09000030,Tower Hamlets,None,0.8,continuation,2030,1218.3,424.6,793.7,69.6,5.6
E09000030,Tower Hamlets,None,0.8,asd_semh_accel,2024,593.0,233.0,360.0,94.0,7.5
E09000030,Tower Hamlets,None,0.8,asd_semh_accel,2025,689.0,257.5,431.5,89.0,7.1
E09000030,Tower Hamlets,None,0.8,asd_semh_accel,2026,800.5,284.6,515.9,84.2,6.7
E09000030,Tower Hamlets,None,0.8,asd_semh_accel,2027,930.0,314.5,615.5,79.7,6.4
E09000030,Tower Hamlets,None,0.8,asd_semh_accel,2028,1080.5,347.6,732.9,75.4,6.0
E09000030,Tower Hamlets,None,0.8,asd_semh_accel,2029,1255.4,384.2,871.2,71.4,5.7
E09000030,Tower Hamlets,None,0.8,asd_semh_accel,2030,1458.5,424.6,1034.0,67.6,5.4
E09000030,Tower Hamlets,None,0.8,cost_inflation,2024,593.0,233.0,360.0,94.0,7.5
E09000030,Tower Hamlets,None,0.8,cost_inflation,2025,668.6,257.5,411.1,89.4,7.9
E09000030,Tower Hamlets,None,0.8,cost_inflation,2026,753.9,284.6,469.3,85.1,8.2
E09000030,Tower Hamlets,None,0.8,cost_inflation,2027,850.0,314.5,535.4,80.9,8.6
E09000030,Tower Hamlets,None,0.8,cost_inflation,2028,958.3,347.6,610.7,77.0,9.0
E09000030,Tower Hamlets,None,0.8,cost_inflation,2029,1080.5,384.2,696.4,73.2,9.4
E09000030,Tower Hamlets,None,0.8,cost_inflation,2030,1218.3,424.6,793.7,69.6,9.9
E09000030,Tower Hamlets,None,0.8,capacity_improvement,2024,593.0,233.0,360.0,94.0,7.5
E09000030,Tower Hamlets,None,0.8,capacity_improvement,2025,668.6,296.1,372.5,89.6,7.2
E09000030,Tower Hamlets,None,0.8,capacity_improvement,2026,753.9,371.6,382.3,85.5,6.8
E09000030,Tower Hamlets,None,0.8,capacity_improvement,2027,850.0,461.5,388.5,81.5,6.5
E09000030,Tower Hamlets,None,0.8,capacity_improvement,2028,958.3,568.2,390.1,77.7,6.2
E09000030,Tower Hamlets,None,0.8,capacity_improvement,2029,1080.5,694.7,385.8,74.1,5.9
E09000030,Tower Hamlets,None,0.8,capacity_improvement,2030,1218.3,791.9,426.4,70.7,5.7
E09000030,Tower Hamlets,None,0.8,flat_throughput,2024,593.0,233.0,360.0,94.0,7.5
E09000030,Tower Hamlets,None,0.8,flat_throughput,2025,668.6,233.0,435.6,89.4,7.2
E09000030,Tower Hamlets,None,0.8,flat_throughput,2026,753.9,233.0,520.9,85.1,6.8
E09000030,Tower Hamlets,None,0.8,flat_throughput,2027,850.0,233.0,617.0,80.9,6.5
E09000030,Tower Hamlets,None,0.8,flat_throughput,2028,958.3,233.0,725.3,77.0,6.2
E09000030,Tower Hamlets,None,0.8,flat_throughput,2029,1080.5,233.0,847.5,73.2,5.9
E09000030,Tower Hamlets,None,0.8,flat_throughput,2030,1218.3,233.0,985.3,69.6,5.6
E08000009,Trafford,None,0.3,continuation,2024,380.0,203.0,177.0,67.0,5.4
E08000009,Trafford,None,0.3,continuation,2025,413.5,206.9,206.6,64.7,5.2
E08000009,Trafford,None,0.3,continuation,2026,449.9,210.9,239.0,62.6,5.0
E08000009,Trafford,None,0.3,continuation,2027,489.5,214.9,274.6,60.5,4.8
E08000009,Trafford,None,0.3,continuation,2028,532.6,219.0,313.6,58.4,4.7
E08000009,Trafford,None,0.3,continuation,2029,579.6,223.2,356.4,56.5,4.5
E08000009,Trafford,None,0.3,continuation,2030,630.6,227.5,403.1,54.6,4.4
E08000009,Trafford,None,0.3,asd_semh_accel,2024,380.0,203.0,177.0,67.0,5.4
E08000009,Trafford,None,0.3,asd_semh_accel,2025,422.3,206.9,215.4,64.5,5.2
E08000009,Trafford,None,0.3,asd_semh_accel,2026,469.3,210.9,258.4,62.1,5.0
E08000009,Trafford,None,0.3,asd_semh_accel,2027,521.5,214.9,306.6,59.9,4.8
E08000009,Trafford,None,0.3,asd_semh_accel,2028,579.6,219.0,360.6,57.6,4.6
E08000009,Trafford,None,0.3,asd_semh_accel,2029,644.1,223.2,420.9,55.5,4.4
E08000009,Trafford,None,0.3,asd_semh_accel,2030,715.8,227.5,488.3,53.5,4.3
E08000009,Trafford,None,0.3,cost_inflation,2024,380.0,203.0,177.0,67.0,5.4
E08000009,Trafford,None,0.3,cost_inflation,2025,413.5,206.9,206.6,64.7,5.7
E08000009,Trafford,None,0.3,cost_inflation,2026,449.9,210.9,239.0,62.6,6.1
E08000009,Trafford,None,0.3,cost_inflation,2027,489.5,214.9,274.6,60.5,6.4
E08000009,Trafford,None,0.3,cost_inflation,2028,532.6,219.0,313.6,58.4,6.8
E08000009,Trafford,None,0.3,cost_inflation,2029,579.6,223.2,356.4,56.5,7.3
E08000009,Trafford,None,0.3,cost_inflation,2030,630.6,227.5,403.1,54.6,7.7
E08000009,Trafford,None,0.3,capacity_improvement,2024,380.0,203.0,177.0,67.0,5.4
E08000009,Trafford,None,0.3,capacity_improvement,2025,413.5,241.6,171.9,64.9,5.2
E08000009,Trafford,None,0.3,capacity_improvement,2026,449.9,285.3,164.6,62.8,5.0
E08000009,Trafford,None,0.3,capacity_improvement,2027,489.5,318.2,171.3,60.8,4.9
E08000009,Trafford,None,0.3,capacity_improvement,2028,532.6,346.2,186.4,58.8,4.7
E08000009,Trafford,None,0.3,capacity_improvement,2029,579.6,376.7,202.8,57.0,4.6
E08000009,Trafford,None,0.3,capacity_improvement,2030,630.6,409.9,220.7,55.1,4.4
E08000009,Trafford,None,0.3,flat_throughput,2024,380.0,203.0,177.0,67.0,5.4
E08000009,Trafford,None,0.3,flat_throughput,2025,413.5,203.0,210.5,64.7,5.2
E08000009,Trafford,None,0.3,flat_throughput,2026,449.9,203.0,246.9,62.6,5.0
E08000009,Trafford,None,0.3,flat_throughput,2027,489.5,203.0,286.5,60.5,4.8
E08000009,Trafford,None,0.3,flat_throughput,2028,532.6,203.0,329.6,58.4,4.7
E08000009,Trafford,None,0.3,flat_throughput,2029,579.6,203.0,376.6,56.5,4.5
E08000009,Trafford,None,0.3,flat_throughput,2030,630.6,203.0,427.6,54.6,4.4
E08000036,Wakefield,None,0.1,continuation,2024,457.0,393.0,64.0,125.0,10.0
E08000036,Wakefield,None,0.1,continuation,2025,494.6,424.6,70.0,140.9,11.3
E08000036,Wakefield,None,0.1,continuation,2026,535.2,458.7,76.5,158.9,12.7
E08000036,Wakefield,None,0.1,continuation,2027,579.2,495.6,83.6,179.2,14.3
E08000036,Wakefield,None,0.1,continuation,2028,626.8,535.4,91.4,202.0,16.2
E08000036,Wakefield,None,0.1,continuation,2029,678.3,578.4,99.9,227.8,18.2
E08000036,Wakefield,None,0.1,continuation,2030,734.1,624.9,109.2,256.8,20.5
E08000036,Wakefield,None,0.1,asd_semh_accel,2024,457.0,393.0,64.0,125.0,10.0
E08000036,Wakefield,None,0.1,asd_semh_accel,2025,504.4,424.6,79.8,142.6,11.4
E08000036,Wakefield,None,0.1,asd_semh_accel,2026,556.8,458.7,98.1,162.8,13.0
E08000036,Wakefield,None,0.1,asd_semh_accel,2027,614.5,495.6,119.0,185.7,14.9
E08000036,Wakefield,None,0.1,asd_semh_accel,2028,678.3,535.4,142.9,211.9,17.0
E08000036,Wakefield,None,0.1,asd_semh_accel,2029,748.7,578.4,170.3,241.8,19.3
E08000036,Wakefield,None,0.1,asd_semh_accel,2030,826.4,624.9,201.5,276.0,22.1
E08000036,Wakefield,None,0.1,cost_inflation,2024,457.0,393.0,64.0,125.0,10.0
E08000036,Wakefield,None,0.1,cost_inflation,2025,494.6,424.6,70.0,140.9,12.4
E08000036,Wakefield,None,0.1,cost_inflation,2026,535.2,458.7,76.5,158.9,15.4
E08000036,Wakefield,None,0.1,cost_inflation,2027,579.2,495.6,83.6,179.2,19.1
E08000036,Wakefield,None,0.1,cost_inflation,2028,626.8,535.4,91.4,202.0,23.7
E08000036,Wakefield,None,0.1,cost_inflation,2029,678.3,578.4,99.9,227.8,29.3
E08000036,Wakefield,None,0.1,cost_inflation,2030,734.1,624.9,109.2,256.8,36.4
E08000036,Wakefield,None,0.1,capacity_improvement,2024,457.0,297.1,159.9,125.0,10.0
E08000036,Wakefield,None,0.1,capacity_improvement,2025,494.6,321.5,173.1,140.1,11.2
E08000036,Wakefield,None,0.1,capacity_improvement,2026,535.2,347.9,187.3,157.0,12.6
E08000036,Wakefield,None,0.1,capacity_improvement,2027,579.2,376.5,202.7,176.0,14.1
E08000036,Wakefield,None,0.1,capacity_improvement,2028,626.8,407.4,219.4,197.2,15.8
E08000036,Wakefield,None,0.1,capacity_improvement,2029,678.3,440.9,237.4,221.0,17.7
E08000036,Wakefield,None,0.1,capacity_improvement,2030,734.1,477.1,256.9,247.7,19.8
E08000036,Wakefield,None,0.1,flat_throughput,2024,457.0,393.0,64.0,125.0,10.0
E08000036,Wakefield,None,0.1,flat_throughput,2025,494.6,393.0,101.6,140.9,11.3
E08000036,Wakefield,None,0.1,flat_throughput,2026,535.2,393.0,142.2,158.9,12.7
E08000036,Wakefield,None,0.1,flat_throughput,2027,579.2,393.0,186.2,179.2,14.3
E08000036,Wakefield,None,0.1,flat_throughput,2028,626.8,393.0,233.8,202.0,16.2
E08000036,Wakefield,None,0.1,flat_throughput,2029,678.3,393.0,285.3,227.8,18.2
E08000036,Wakefield,None,0.1,flat_throughput,2030,734.1,393.0,341.1,256.8,20.5
E08000030,Walsall,None,0.9,continuation,2024,457.0,385.0,72.0,168.0,13.4
E08000030,Walsall,None,0.9,continuation,2025,515.3,425.5,89.8,189.4,15.2
E08000030,Walsall,None,0.9,continuation,2026,581.0,470.2,110.7,213.6,17.1
E08000030,Walsall,None,0.9,continuation,2027,655.0,519.7,135.3,240.8,19.3
E08000030,Walsall,None,0.9,continuation,2028,738.5,574.4,164.2,271.5,21.7
E08000030,Walsall,None,0.9,continuation,2029,832.7,634.8,198.0,306.1,24.5
E08000030,Walsall,None,0.9,continuation,2030,938.9,701.5,237.4,345.1,27.6
E08000030,Walsall,None,0.9,asd_semh_accel,2024,457.0,385.0,72.0,168.0,13.4
E08000030,Walsall,None,0.9,asd_semh_accel,2025,531.0,425.5,105.5,191.7,15.3
E08000030,Walsall,None,0.9,asd_semh_accel,2026,616.9,470.2,146.6,218.8,17.5
E08000030,Walsall,None,0.9,asd_semh_accel,2027,716.7,519.7,197.0,249.6,20.0
E08000030,Walsall,None,0.9,asd_semh_accel,2028,832.7,574.4,258.4,284.9,22.8
E08000030,Walsall,None,0.9,asd_semh_accel,2029,967.5,634.8,332.7,325.0,26.0
E08000030,Walsall,None,0.9,asd_semh_accel,2030,1124.0,701.5,422.5,370.9,29.7
E08000030,Walsall,None,0.9,cost_inflation,2024,457.0,385.0,72.0,168.0,13.4
E08000030,Walsall,None,0.9,cost_inflation,2025,515.3,425.5,89.8,189.4,16.7
E08000030,Walsall,None,0.9,cost_inflation,2026,581.0,470.2,110.7,213.6,20.7
E08000030,Walsall,None,0.9,cost_inflation,2027,655.0,519.7,135.3,240.8,25.6
E08000030,Walsall,None,0.9,cost_inflation,2028,738.5,574.4,164.2,271.5,31.8
E08000030,Walsall,None,0.9,cost_inflation,2029,832.7,634.8,198.0,306.1,39.4
E08000030,Walsall,None,0.9,cost_inflation,2030,938.9,701.5,237.4,345.1,48.9
E08000030,Walsall,None,0.9,capacity_improvement,2024,457.0,297.1,159.9,168.0,13.4
E08000030,Walsall,None,0.9,capacity_improvement,2025,515.3,334.9,180.3,188.3,15.1
E08000030,Walsall,None,0.9,capacity_improvement,2026,581.0,377.6,203.3,211.0,16.9
E08000030,Walsall,None,0.9,capacity_improvement,2027,655.0,425.8,229.3,236.5,18.9
E08000030,Walsall,None,0.9,capacity_improvement,2028,738.5,480.1,258.5,265.1,21.2
E08000030,Walsall,None,0.9,capacity_improvement,2029,832.7,541.3,291.4,297.1,23.8
E08000030,Walsall,None,0.9,capacity_improvement,2030,938.9,610.3,328.6,332.9,26.6
E08000030,Walsall,None,0.9,flat_throughput,2024,457.0,385.0,72.0,168.0,13.4
E08000030,Walsall,None,0.9,flat_throughput,2025,515.3,385.0,130.3,189.4,15.2
E08000030,Walsall,None,0.9,flat_throughput,2026,581.0,385.0,196.0,213.6,17.1
E08000030,Walsall,None,0.9,flat_throughput,2027,655.0,385.0,270.0,240.8,19.3
E08000030,Walsall,None,0.9,flat_throughput,2028,738.5,385.0,353.5,271.5,21.7
E08000030,Walsall,None,0.9,flat_throughput,2029,832.7,385.0,447.7,306.1,24.5
E08000030,Walsall,None,0.9,flat_throughput,2030,938.9,385.0,553.9,345.1,27.6
E09000031,Waltham Forest,None,0.2,continuation,2024,463.0,235.0,228.0,35.0,2.8
E09000031,Waltham Forest,None,0.2,continuation,2025,522.0,259.7,262.3,38.0,3.0
E09000031,Waltham Forest,None,0.2,continuation,2026,588.6,287.0,301.6,41.2,3.3
E09000031,Waltham Forest,None,0.2,continuation,2027,663.6,317.2,346.4,44.8,3.6
E09000031,Waltham Forest,None,0.2,continuation,2028,748.2,350.6,397.7,48.6,3.9
E09000031,Waltham Forest,None,0.2,continuation,2029,843.6,387.4,456.2,52.8,4.2
E09000031,Waltham Forest,None,0.2,continuation,2030,951.2,428.2,523.0,57.3,4.6
E09000031,Waltham Forest,None,0.2,asd_semh_accel,2024,463.0,235.0,228.0,35.0,2.8
E09000031,Waltham Forest,None,0.2,asd_semh_accel,2025,537.9,259.7,278.2,38.3,3.1
E09000031,Waltham Forest,None,0.2,asd_semh_accel,2026,625.0,287.0,338.0,41.9,3.4
E09000031,Waltham Forest,None,0.2,asd_semh_accel,2027,726.1,317.2,408.9,45.9,3.7
E09000031,Waltham Forest,None,0.2,asd_semh_accel,2028,843.6,350.6,493.1,50.2,4.0
E09000031,Waltham Forest,None,0.2,asd_semh_accel,2029,980.2,387.4,592.7,55.0,4.4
E09000031,Waltham Forest,None,0.2,asd_semh_accel,2030,1138.8,428.2,710.6,60.2,4.8
E09000031,Waltham Forest,None,0.2,cost_inflation,2024,463.0,235.0,228.0,35.0,2.8
E09000031,Waltham Forest,None,0.2,cost_inflation,2025,522.0,259.7,262.3,38.0,3.3
E09000031,Waltham Forest,None,0.2,cost_inflation,2026,588.6,287.0,301.6,41.2,4.0
E09000031,Waltham Forest,None,0.2,cost_inflation,2027,663.6,317.2,346.4,44.8,4.8
E09000031,Waltham Forest,None,0.2,cost_inflation,2028,748.2,350.6,397.7,48.6,5.7
E09000031,Waltham Forest,None,0.2,cost_inflation,2029,843.6,387.4,456.2,52.8,6.8
E09000031,Waltham Forest,None,0.2,cost_inflation,2030,951.2,428.2,523.0,57.3,8.1
E09000031,Waltham Forest,None,0.2,capacity_improvement,2024,463.0,235.0,228.0,35.0,2.8
E09000031,Waltham Forest,None,0.2,capacity_improvement,2025,522.0,291.1,231.0,37.8,3.0
E09000031,Waltham Forest,None,0.2,capacity_improvement,2026,588.6,357.6,231.0,40.9,3.3
E09000031,Waltham Forest,None,0.2,capacity_improvement,2027,663.6,431.4,232.3,44.2,3.5
E09000031,Waltham Forest,None,0.2,capacity_improvement,2028,748.2,486.4,261.9,47.8,3.8
E09000031,Waltham Forest,None,0.2,capacity_improvement,2029,843.6,548.4,295.3,51.7,4.1
E09000031,Waltham Forest,None,0.2,capacity_improvement,2030,951.2,618.3,332.9,55.9,4.5
E09000031,Waltham Forest,None,0.2,flat_throughput,2024,463.0,235.0,228.0,35.0,2.8
E09000031,Waltham Forest,None,0.2,flat_throughput,2025,522.0,235.0,287.0,38.0,3.0
E09000031,Waltham Forest,None,0.2,flat_throughput,2026,588.6,235.0,353.6,41.2,3.3
E09000031,Waltham Forest,None,0.2,flat_throughput,2027,663.6,235.0,428.6,44.8,3.6
E09000031,Waltham Forest,None,0.2,flat_throughput,2028,748.2,235.0,513.2,48.6,3.9
E09000031,Waltham Forest,None,0.2,flat_throughput,2029,843.6,235.0,608.6,52.8,4.2
E09000031,Waltham Forest,None,0.2,flat_throughput,2030,951.2,235.0,716.2,57.3,4.6
E09000032,Wandsworth,None,0.3,continuation,2024,406.0,406.0,0.0,204.0,16.3
E09000032,Wandsworth,None,0.3,continuation,2025,428.8,428.8,0.0,222.5,17.8
E09000032,Wandsworth,None,0.3,continuation,2026,452.9,452.9,0.0,242.8,19.4
E09000032,Wandsworth,None,0.3,continuation,2027,478.4,478.4,0.0,264.8,21.2
E09000032,Wandsworth,None,0.3,continuation,2028,505.2,505.2,0.0,288.9,23.1
E09000032,Wandsworth,None,0.3,continuation,2029,533.6,533.6,0.0,315.2,25.2
E09000032,Wandsworth,None,0.3,continuation,2030,563.6,563.6,0.0,343.8,27.5
E09000032,Wandsworth,None,0.3,asd_semh_accel,2024,406.0,406.0,0.0,204.0,16.3
E09000032,Wandsworth,None,0.3,asd_semh_accel,2025,434.7,434.7,0.0,224.5,18.0
E09000032,Wandsworth,None,0.3,asd_semh_accel,2026,465.5,465.5,0.0,247.0,19.8
E09000032,Wandsworth,None,0.3,asd_semh_accel,2027,498.4,498.4,0.0,271.8,21.7
E09000032,Wandsworth,None,0.3,asd_semh_accel,2028,533.6,533.6,0.0,299.1,23.9
E09000032,Wandsworth,None,0.3,asd_semh_accel,2029,571.3,571.3,0.0,329.2,26.3
E09000032,Wandsworth,None,0.3,asd_semh_accel,2030,611.8,611.8,0.0,362.2,29.0
E09000032,Wandsworth,None,0.3,cost_inflation,2024,406.0,406.0,0.0,204.0,16.3
E09000032,Wandsworth,None,0.3,cost_inflation,2025,428.8,428.8,0.0,222.5,19.6
E09000032,Wandsworth,None,0.3,cost_inflation,2026,452.9,452.9,0.0,242.8,23.5
E09000032,Wandsworth,None,0.3,cost_inflation,2027,478.4,478.4,0.0,264.8,28.2
E09000032,Wandsworth,None,0.3,cost_inflation,2028,505.2,505.2,0.0,288.9,33.8
E09000032,Wandsworth,None,0.3,cost_inflation,2029,533.6,533.6,0.0,315.2,40.6
E09000032,Wandsworth,None,0.3,cost_inflation,2030,563.6,563.6,0.0,343.8,48.7
E09000032,Wandsworth,None,0.3,capacity_improvement,2024,406.0,263.9,142.1,204.0,16.3
E09000032,Wandsworth,None,0.3,capacity_improvement,2025,428.8,278.7,150.1,221.6,17.7
E09000032,Wandsworth,None,0.3,capacity_improvement,2026,452.9,294.4,158.5,240.7,19.3
E09000032,Wandsworth,None,0.3,capacity_improvement,2027,478.4,310.9,167.4,261.4,20.9
E09000032,Wandsworth,None,0.3,capacity_improvement,2028,505.2,328.4,176.8,283.9,22.7
E09000032,Wandsworth,None,0.3,capacity_improvement,2029,533.6,346.8,186.8,308.4,24.7
E09000032,Wandsworth,None,0.3,capacity_improvement,2030,563.6,366.3,197.3,335.0,26.8
E09000032,Wandsworth,None,0.3,flat_throughput,2024,406.0,406.0,0.0,204.0,16.3
E09000032,Wandsworth,None,0.3,flat_throughput,2025,428.8,406.0,22.8,222.5,17.8
E09000032,Wandsworth,None,0.3,flat_throughput,2026,452.9,406.0,46.9,242.8,19.4
E09000032,Wandsworth,None,0.3,flat_throughput,2027,478.4,406.0,72.4,264.8,21.2
E09000032,Wandsworth,None,0.3,flat_throughput,2028,505.2,406.0,99.2,288.9,23.1
E09000032,Wandsworth,None,0.3,flat_throughput,2029,533.6,406.0,127.6,315.2,25.2
E09000032,Wandsworth,None,0.3,flat_throughput,2030,563.6,406.0,157.6,343.8,27.5
E06000007,Warrington,None,0.6,continuation,2024,479.0,283.0,196.0,89.0,7.1
E06000007,Warrington,None,0.6,continuation,2025,540.1,312.8,227.3,94.7,7.6
E06000007,Warrington,None,0.6,continuation,2026,608.9,345.7,263.3,100.8,8.1
E06000007,Warrington,None,0.6,continuation,2027,686.6,382.0,304.6,107.2,8.6
E06000007,Warrington,None,0.6,continuation,2028,774.1,422.2,351.9,114.1,9.1
E06000007,Warrington,None,0.6,continuation,2029,872.8,466.6,406.2,121.4,9.7
E06000007,Warrington,None,0.6,continuation,2030,984.1,515.7,468.4,129.2,10.3
E06000007,Warrington,None,0.6,asd_semh_accel,2024,479.0,283.0,196.0,89.0,7.1
E06000007,Warrington,None,0.6,asd_semh_accel,2025,556.5,312.8,243.8,95.3,7.6
E06000007,Warrington,None,0.6,asd_semh_accel,2026,646.6,345.7,300.9,102.0,8.2
E06000007,Warrington,None,0.6,asd_semh_accel,2027,751.2,382.0,369.2,109.2,8.7
E06000007,Warrington,None,0.6,asd_semh_accel,2028,872.8,422.2,450.6,117.0,9.4
E06000007,Warrington,None,0.6,asd_semh_accel,2029,1014.0,466.6,547.5,125.2,10.0
E06000007,Warrington,None,0.6,asd_semh_accel,2030,1178.1,515.7,662.5,134.1,10.7
E06000007,Warrington,None,0.6,cost_inflation,2024,479.0,283.0,196.0,89.0,7.1
E06000007,Warrington,None,0.6,cost_inflation,2025,540.1,312.8,227.3,94.7,8.3
E06000007,Warrington,None,0.6,cost_inflation,2026,608.9,345.7,263.3,100.8,9.8
E06000007,Warrington,None,0.6,cost_inflation,2027,686.6,382.0,304.6,107.2,11.4
E06000007,Warrington,None,0.6,cost_inflation,2028,774.1,422.2,351.9,114.1,13.4
E06000007,Warrington,None,0.6,cost_inflation,2029,872.8,466.6,406.2,121.4,15.6
E06000007,Warrington,None,0.6,cost_inflation,2030,984.1,515.7,468.4,129.2,18.3
E06000007,Warrington,None,0.6,capacity_improvement,2024,479.0,283.0,196.0,89.0,7.1
E06000007,Warrington,None,0.6,capacity_improvement,2025,540.1,346.1,194.0,94.4,7.6
E06000007,Warrington,None,0.6,capacity_improvement,2026,608.9,395.8,213.1,100.1,8.0
E06000007,Warrington,None,0.6,capacity_improvement,2027,686.6,446.3,240.3,106.2,8.5
E06000007,Warrington,None,0.6,capacity_improvement,2028,774.1,503.2,270.9,112.7,9.0
E06000007,Warrington,None,0.6,capacity_improvement,2029,872.8,567.3,305.5,119.5,9.6
E06000007,Warrington,None,0.6,capacity_improvement,2030,984.1,639.6,344.4,126.8,10.1
E06000007,Warrington,None,0.6,flat_throughput,2024,479.0,283.0,196.0,89.0,7.1
E06000007,Warrington,None,0.6,flat_throughput,2025,540.1,283.0,257.1,94.7,7.6
E06000007,Warrington,None,0.6,flat_throughput,2026,608.9,283.0,325.9,100.8,8.1
E06000007,Warrington,None,0.6,flat_throughput,2027,686.6,283.0,403.6,107.2,8.6
E06000007,Warrington,None,0.6,flat_throughput,2028,774.1,283.0,491.1,114.1,9.1
E06000007,Warrington,None,0.6,flat_throughput,2029,872.8,283.0,589.8,121.4,9.7
E06000007,Warrington,None,0.6,flat_throughput,2030,984.1,283.0,701.1,129.2,10.3
E10000031,Warwickshire,None,0.2,continuation,2024,1122.0,238.0,884.0,317.0,25.4
E10000031,Warwickshire,None,0.2,continuation,2025,1240.5,204.8,1035.6,329.0,26.3
E10000031,Warwickshire,None,0.2,continuation,2026,1371.5,176.3,1195.1,341.5,27.3
E10000031,Warwickshire,None,0.2,continuation,2027,1516.3,151.8,1364.5,354.5,28.4
E10000031,Warwickshire,None,0.2,continuation,2028,1676.4,130.6,1545.8,368.0,29.4
E10000031,Warwickshire,None,0.2,continuation,2029,1853.4,112.4,1741.0,381.9,30.6
E10000031,Warwickshire,None,0.2,continuation,2030,2049.1,96.8,1952.3,396.4,31.7
E10000031,Warwickshire,None,0.2,asd_semh_accel,2024,1122.0,238.0,884.0,317.0,25.4
E10000031,Warwickshire,None,0.2,asd_semh_accel,2025,1272.0,204.8,1067.2,330.3,26.4
E10000031,Warwickshire,None,0.2,asd_semh_accel,2026,1442.1,176.3,1265.7,344.1,27.5
E10000031,Warwickshire,None,0.2,asd_semh_accel,2027,1634.8,151.8,1483.1,358.5,28.7
E10000031,Warwickshire,None,0.2,asd_semh_accel,2028,1853.4,130.6,1722.8,373.5,29.9
E10000031,Warwickshire,None,0.2,asd_semh_accel,2029,2101.2,112.4,1988.8,389.1,31.1
E10000031,Warwickshire,None,0.2,asd_semh_accel,2030,2382.1,96.8,2285.3,405.4,32.4
E10000031,Warwickshire,None,0.2,cost_inflation,2024,1122.0,238.0,884.0,317.0,25.4
E10000031,Warwickshire,None,0.2,cost_inflation,2025,1240.5,204.8,1035.6,329.0,29.0
E10000031,Warwickshire,None,0.2,cost_inflation,2026,1371.5,176.3,1195.1,341.5,33.1
E10000031,Warwickshire,None,0.2,cost_inflation,2027,1516.3,151.8,1364.5,354.5,37.7
E10000031,Warwickshire,None,0.2,cost_inflation,2028,1676.4,130.6,1545.8,368.0,43.1
E10000031,Warwickshire,None,0.2,cost_inflation,2029,1853.4,112.4,1741.0,381.9,49.2
E10000031,Warwickshire,None,0.2,cost_inflation,2030,2049.1,96.8,1952.3,396.4,56.2
E10000031,Warwickshire,None,0.2,capacity_improvement,2024,1122.0,238.0,884.0,317.0,25.4
E10000031,Warwickshire,None,0.2,capacity_improvement,2025,1240.5,325.2,915.3,328.4,26.3
E10000031,Warwickshire,None,0.2,capacity_improvement,2026,1371.5,428.1,943.4,340.3,27.2
E10000031,Warwickshire,None,0.2,capacity_improvement,2027,1516.3,549.1,967.2,352.5,28.2
E10000031,Warwickshire,None,0.2,capacity_improvement,2028,1676.4,690.9,985.5,365.2,29.2
E10000031,Warwickshire,None,0.2,capacity_improvement,2029,1853.4,856.5,996.9,378.4,30.3
E10000031,Warwickshire,None,0.2,capacity_improvement,2030,2049.1,1049.4,999.7,392.0,31.4
E10000031,Warwickshire,None,0.2,flat_throughput,2024,1122.0,238.0,884.0,317.0,25.4
E10000031,Warwickshire,None,0.2,flat_throughput,2025,1240.5,238.0,1002.5,329.0,26.3
E10000031,Warwickshire,None,0.2,flat_throughput,2026,1371.5,238.0,1133.5,341.5,27.3
E10000031,Warwickshire,None,0.2,flat_throughput,2027,1516.3,238.0,1278.3,354.5,28.4
E10000031,Warwickshire,None,0.2,flat_throughput,2028,1676.4,238.0,1438.4,368.0,29.4
E10000031,Warwickshire,None,0.2,flat_throughput,2029,1853.4,238.0,1615.4,381.9,30.6
E10000031,Warwickshire,None,0.2,flat_throughput,2030,2049.1,238.0,1811.1,396.4,31.7
E06000037,West Berkshire,None,0.1,continuation,2024,269.0,129.0,140.0,83.0,6.6
E06000037,West Berkshire,None,0.1,continuation,2025,303.3,138.8,164.5,93.6,7.5
E06000037,West Berkshire,None,0.1,continuation,2026,342.0,149.4,192.6,105.5,8.4
E06000037,West Berkshire,None,0.1,continuation,2027,385.6,160.8,224.8,119.0,9.5
E06000037,West Berkshire,None,0.1,continuation,2028,434.7,173.0,261.7,134.1,10.7
E06000037,West Berkshire,None,0.1,continuation,2029,490.1,186.2,304.0,151.2,12.1
E06000037,West Berkshire,None,0.1,continuation,2030,552.6,200.4,352.3,170.5,13.6
E06000037,West Berkshire,None,0.1,asd_semh_accel,2024,269.0,129.0,140.0,83.0,6.6
E06000037,West Berkshire,None,0.1,asd_semh_accel,2025,312.5,138.8,173.7,94.7,7.6
E06000037,West Berkshire,None,0.1,asd_semh_accel,2026,363.1,149.4,213.7,108.1,8.6
E06000037,West Berkshire,None,0.1,asd_semh_accel,2027,421.9,160.8,261.1,123.3,9.9
E06000037,West Berkshire,None,0.1,asd_semh_accel,2028,490.1,173.0,317.1,140.7,11.3
E06000037,West Berkshire,None,0.1,asd_semh_accel,2029,569.5,186.2,383.3,160.6,12.8
E06000037,West Berkshire,None,0.1,asd_semh_accel,2030,661.6,200.4,461.3,183.2,14.7
E06000037,West Berkshire,None,0.1,cost_inflation,2024,269.0,129.0,140.0,83.0,6.6
E06000037,West Berkshire,None,0.1,cost_inflation,2025,303.3,138.8,164.5,93.6,8.2
E06000037,West Berkshire,None,0.1,cost_inflation,2026,342.0,149.4,192.6,105.5,10.2
E06000037,West Berkshire,None,0.1,cost_inflation,2027,385.6,160.8,224.8,119.0,12.7
E06000037,West Berkshire,None,0.1,cost_inflation,2028,434.7,173.0,261.7,134.1,15.7
E06000037,West Berkshire,None,0.1,cost_inflation,2029,490.1,186.2,304.0,151.2,19.5
E06000037,West Berkshire,None,0.1,cost_inflation,2030,552.6,200.4,352.3,170.5,24.2
E06000037,West Berkshire,None,0.1,capacity_improvement,2024,269.0,129.0,140.0,83.0,6.6
E06000037,West Berkshire,None,0.1,capacity_improvement,2025,303.3,160.6,142.7,93.0,7.4
E06000037,West Berkshire,None,0.1,capacity_improvement,2026,342.0,198.2,143.8,104.3,8.3
E06000037,West Berkshire,None,0.1,capacity_improvement,2027,385.6,242.7,142.8,116.8,9.3
E06000037,West Berkshire,None,0.1,capacity_improvement,2028,434.7,282.6,152.2,131.0,10.5
E06000037,West Berkshire,None,0.1,capacity_improvement,2029,490.1,318.6,171.6,146.8,11.7
E06000037,West Berkshire,None,0.1,capacity_improvement,2030,552.6,359.2,193.4,164.5,13.2
E06000037,West Berkshire,None,0.1,flat_throughput,2024,269.0,129.0,140.0,83.0,6.6
E06000037,West Berkshire,None,0.1,flat_throughput,2025,303.3,129.0,174.3,93.6,7.5
E06000037,West Berkshire,None,0.1,flat_throughput,2026,342.0,129.0,213.0,105.5,8.4
E06000037,West Berkshire,None,0.1,flat_throughput,2027,385.6,129.0,256.6,119.0,9.5
E06000037,West Berkshire,None,0.1,flat_throughput,2028,434.7,129.0,305.7,134.1,10.7
E06000037,West Berkshire,None,0.1,flat_throughput,2029,490.1,129.0,361.1,151.2,12.1
E06000037,West Berkshire,None,0.1,flat_throughput,2030,552.6,129.0,423.6,170.5,13.6
E06000062,West Northamptonshire,None,,continuation,2024,711.0,77.0,634.0,221.0,17.7
E06000062,West Northamptonshire,None,,continuation,2025,801.7,66.3,735.4,249.2,19.9
E06000062,West Northamptonshire,None,,continuation,2026,903.9,57.0,846.8,280.9,22.5
E06000062,West Northamptonshire,None,,continuation,2027,1019.1,49.1,970.0,316.8,25.3
E06000062,West Northamptonshire,None,,continuation,2028,1149.0,42.3,1106.8,357.2,28.6
E06000062,West Northamptonshire,None,,continuation,2029,1295.5,36.4,1259.2,402.7,32.2
E06000062,West Northamptonshire,None,,continuation,2030,1460.7,31.3,1429.4,454.0,36.3
E06000062,West Northamptonshire,None,,asd_semh_accel,2024,711.0,77.0,634.0,221.0,17.7
E06000062,West Northamptonshire,None,,asd_semh_accel,2025,826.1,66.3,759.8,252.2,20.2
E06000062,West Northamptonshire,None,,asd_semh_accel,2026,959.7,57.0,902.7,287.8,23.0
E06000062,West Northamptonshire,None,,asd_semh_accel,2027,1115.1,49.1,1066.0,328.4,26.3
E06000062,West Northamptonshire,None,,asd_semh_accel,2028,1295.5,42.3,1253.3,374.7,30.0
E06000062,West Northamptonshire,None,,asd_semh_accel,2029,1505.2,36.4,1468.8,427.6,34.2
E06000062,West Northamptonshire,None,,asd_semh_accel,2030,1748.8,31.3,1717.5,487.9,39.0
E06000062,West Northamptonshire,None,,cost_inflation,2024,711.0,77.0,634.0,221.0,17.7
E06000062,West Northamptonshire,None,,cost_inflation,2025,801.7,66.3,735.4,249.2,21.9
E06000062,West Northamptonshire,None,,cost_inflation,2026,903.9,57.0,846.8,280.9,27.2
E06000062,West Northamptonshire,None,,cost_inflation,2027,1019.1,49.1,970.0,316.8,33.7
E06000062,West Northamptonshire,None,,cost_inflation,2028,1149.0,42.3,1106.8,357.2,41.8
E06000062,West Northamptonshire,None,,cost_inflation,2029,1295.5,36.4,1259.2,402.7,51.9
E06000062,West Northamptonshire,None,,cost_inflation,2030,1460.7,31.3,1429.4,454.0,64.3
E06000062,West Northamptonshire,None,,capacity_improvement,2024,711.0,77.0,634.0,221.0,17.7
E06000062,West Northamptonshire,None,,capacity_improvement,2025,801.7,126.9,674.8,247.7,19.8
E06000062,West Northamptonshire,None,,capacity_improvement,2026,903.9,188.3,715.6,277.6,22.2
E06000062,West Northamptonshire,None,,capacity_improvement,2027,1019.1,263.2,755.9,311.1,24.9
E06000062,West Northamptonshire,None,,capacity_improvement,2028,1149.0,354.2,794.8,348.7,27.9
E06000062,West Northamptonshire,None,,capacity_improvement,2029,1295.5,464.2,831.3,390.8,31.3
E06000062,West Northamptonshire,None,,capacity_improvement,2030,1460.7,596.4,864.3,438.0,35.0
E06000062,West Northamptonshire,None,,flat_throughput,2024,711.0,77.0,634.0,221.0,17.7
E06000062,West Northamptonshire,None,,flat_throughput,2025,801.7,77.0,724.7,249.2,19.9
E06000062,West Northamptonshire,None,,flat_throughput,2026,903.9,77.0,826.9,280.9,22.5
E06000062,West Northamptonshire,None,,flat_throughput,2027,1019.1,77.0,942.1,316.8,25.3
E06000062,West Northamptonshire,None,,flat_throughput,2028,1149.0,77.0,1072.0,357.2,28.6
E06000062,West Northamptonshire,None,,flat_throughput,2029,1295.5,77.0,1218.5,402.7,32.2
E06000062,West Northamptonshire,None,,flat_throughput,2030,1460.7,77.0,1383.7,454.0,36.3
E10000032,West Sussex,None,0.7,continuation,2024,1495.0,171.0,1324.0,516.0,41.3
E10000032,West Sussex,None,0.7,continuation,2025,1660.6,147.2,1513.4,581.8,46.5
E10000032,West Sussex,None,0.7,continuation,2026,1844.5,126.7,1717.8,656.0,52.5
E10000032,West Sussex,None,0.7,continuation,2027,2048.8,109.0,1939.7,739.6,59.2
E10000032,West Sussex,None,0.7,continuation,2028,2275.7,93.8,2181.9,833.9,66.7
E10000032,West Sussex,None,0.7,continuation,2029,2527.7,80.8,2447.0,940.2,75.2
E10000032,West Sussex,None,0.7,continuation,2030,2807.7,69.5,2738.2,1060.1,84.8
E10000032,West Sussex,None,0.7,asd_semh_accel,2024,1495.0,171.0,1324.0,516.0,41.3
E10000032,West Sussex,None,0.7,asd_semh_accel,2025,1704.8,147.2,1557.6,588.8,47.1
E10000032,West Sussex,None,0.7,asd_semh_accel,2026,1944.0,126.7,1817.3,671.9,53.8
E10000032,West Sussex,None,0.7,asd_semh_accel,2027,2216.7,109.0,2107.7,766.7,61.3
E10000032,West Sussex,None,0.7,asd_semh_accel,2028,2527.7,93.8,2433.9,874.9,70.0
E10000032,West Sussex,None,0.7,asd_semh_accel,2029,2882.4,80.8,2801.6,998.4,79.9
E10000032,West Sussex,None,0.7,asd_semh_accel,2030,3286.8,69.5,3217.3,1139.2,91.1
E10000032,West Sussex,None,0.7,cost_inflation,2024,1495.0,171.0,1324.0,516.0,41.3
E10000032,West Sussex,None,0.7,cost_inflation,2025,1660.6,147.2,1513.4,581.8,51.2
E10000032,West Sussex,None,0.7,cost_inflation,2026,1844.5,126.7,1717.8,656.0,63.5
E10000032,West Sussex,None,0.7,cost_inflation,2027,2048.8,109.0,1939.7,739.6,78.8
E10000032,West Sussex,None,0.7,cost_inflation,2028,2275.7,93.8,2181.9,833.9,97.7
E10000032,West Sussex,None,0.7,cost_inflation,2029,2527.7,80.8,2447.0,940.2,121.1
E10000032,West Sussex,None,0.7,cost_inflation,2030,2807.7,69.5,2738.2,1060.1,150.2
E10000032,West Sussex,None,0.7,capacity_improvement,2024,1495.0,171.0,1324.0,516.0,41.3
E10000032,West Sussex,None,0.7,capacity_improvement,2025,1660.6,273.0,1387.6,578.3,46.3
E10000032,West Sussex,None,0.7,capacity_improvement,2026,1844.5,395.4,1449.1,648.1,51.9
E10000032,West Sussex,None,0.7,capacity_improvement,2027,2048.8,541.7,1507.1,726.4,58.1
E10000032,West Sussex,None,0.7,capacity_improvement,2028,2275.7,715.4,1560.3,814.1,65.1
E10000032,West Sussex,None,0.7,capacity_improvement,2029,2527.7,921.1,1606.7,912.4,73.0
E10000032,West Sussex,None,0.7,capacity_improvement,2030,2807.7,1163.5,1644.2,1022.6,81.8
E10000032,West Sussex,None,0.7,flat_throughput,2024,1495.0,171.0,1324.0,516.0,41.3
E10000032,West Sussex,None,0.7,flat_throughput,2025,1660.6,171.0,1489.6,581.8,46.5
E10000032,West Sussex,None,0.7,flat_throughput,2026,1844.5,171.0,1673.5,656.0,52.5
E10000032,West Sussex,None,0.7,flat_throughput,2027,2048.8,171.0,1877.8,739.6,59.2
E10000032,West Sussex,None,0.7,flat_throughput,2028,2275.7,171.0,2104.7,833.9,66.7
E10000032,West Sussex,None,0.7,flat_throughput,2029,2527.7,171.0,2356.7,940.2,75.2
E10000032,West Sussex,None,0.7,flat_throughput,2030,2807.7,171.0,2636.7,1060.1,84.8
E09000033,Westminster,None,0.0,continuation,2024,140.0,138.0,2.0,56.0,4.5
E09000033,Westminster,None,0.0,continuation,2025,143.9,142.2,1.7,61.0,4.9
E09000033,Westminster,None,0.0,continuation,2026,148.0,146.6,1.4,66.4,5.3
E09000033,Westminster,None,0.0,continuation,2027,152.2,151.0,1.1,72.4,5.8
E09000033,Westminster,None,0.0,continuation,2028,156.4,155.6,0.8,78.8,6.3
E09000033,Westminster,None,0.0,continuation,2029,160.8,160.4,0.5,85.9,6.9
E09000033,Westminster,None,0.0,continuation,2030,165.4,165.3,0.1,93.5,7.5
E09000033,Westminster,None,0.0,asd_semh_accel,2024,140.0,138.0,2.0,56.0,4.5
E09000033,Westminster,None,0.0,asd_semh_accel,2025,144.9,142.2,2.7,61.5,4.9
E09000033,Westminster,None,0.0,asd_semh_accel,2026,150.1,146.6,3.5,67.6,5.4
E09000033,Westminster,None,0.0,asd_semh_accel,2027,155.4,151.0,4.3,74.3,5.9
E09000033,Westminster,None,0.0,asd_semh_accel,2028,160.8,155.6,5.2,81.6,6.5
E09000033,Westminster,None,0.0,asd_semh_accel,2029,166.5,160.4,6.1,89.6,7.2
E09000033,Westminster,None,0.0,asd_semh_accel,2030,172.4,165.3,7.1,98.5,7.9
E09000033,Westminster,None,0.0,cost_inflation,2024,140.0,138.0,2.0,56.0,4.5
E09000033,Westminster,None,0.0,cost_inflation,2025,143.9,142.2,1.7,61.0,5.4
E09000033,Westminster,None,0.0,cost_inflation,2026,148.0,146.6,1.4,66.4,6.4
E09000033,Westminster,None,0.0,cost_inflation,2027,152.2,151.0,1.1,72.4,7.7
E09000033,Westminster,None,0.0,cost_inflation,2028,156.4,155.6,0.8,78.8,9.2
E09000033,Westminster,None,0.0,cost_inflation,2029,160.8,160.4,0.5,85.9,11.1
E09000033,Westminster,None,0.0,cost_inflation,2030,165.4,165.3,0.1,93.5,13.3
E09000033,Westminster,None,0.0,capacity_improvement,2024,140.0,91.0,49.0,56.0,4.5
E09000033,Westminster,None,0.0,capacity_improvement,2025,143.9,93.6,50.4,60.7,4.9
E09000033,Westminster,None,0.0,capacity_improvement,2026,148.0,96.2,51.8,65.9,5.3
E09000033,Westminster,None,0.0,capacity_improvement,2027,152.2,98.9,53.3,71.4,5.7
E09000033,Westminster,None,0.0,capacity_improvement,2028,156.4,101.7,54.8,77.5,6.2
E09000033,Westminster,None,0.0,capacity_improvement,2029,160.8,104.5,56.3,84.1,6.7
E09000033,Westminster,None,0.0,capacity_improvement,2030,165.4,107.5,57.9,91.2,7.3
E09000033,Westminster,None,0.0,flat_throughput,2024,140.0,138.0,2.0,56.0,4.5
E09000033,Westminster,None,0.0,flat_throughput,2025,143.9,138.0,5.9,61.0,4.9
E09000033,Westminster,None,0.0,flat_throughput,2026,148.0,138.0,10.0,66.4,5.3
E09000033,Westminster,None,0.0,flat_throughput,2027,152.2,138.0,14.2,72.4,5.8
E09000033,Westminster,None,0.0,flat_throughput,2028,156.4,138.0,18.4,78.8,6.3
E09000033,Westminster,None,0.0,flat_throughput,2029,160.8,138.0,22.8,85.9,6.9
E09000033,Westminster,None,0.0,flat_throughput,2030,165.4,138.0,27.4,93.5,7.5
E06000064,Westmorland and Furness,None,,continuation,2024,331.0,297.0,34.0,118.0,9.4
E06000064,Westmorland and Furness,None,,continuation,2025,314.9,314.9,0.0,124.0,9.9
E06000064,Westmorland and Furness,None,,continuation,2026,299.5,299.5,0.0,130.4,10.4
E06000064,Westmorland and Furness,None,,continuation,2027,284.9,284.9,0.0,137.1,11.0
E06000064,Westmorland and Furness,None,,continuation,2028,271.0,271.0,0.0,144.1,11.5
E06000064,Westmorland and Furness,None,,continuation,2029,257.8,257.8,0.0,151.5,12.1
E06000064,Westmorland and Furness,None,,continuation,2030,245.2,245.2,0.0,159.3,12.7
E06000064,Westmorland and Furness,None,,asd_semh_accel,2024,331.0,297.0,34.0,118.0,9.4
E06000064,Westmorland and Furness,None,,asd_semh_accel,2025,310.9,310.9,0.0,124.7,10.0
E06000064,Westmorland and Furness,None,,asd_semh_accel,2026,292.1,292.1,0.0,131.7,10.5
E06000064,Westmorland and Furness,None,,asd_semh_accel,2027,274.4,274.4,0.0,139.2,11.1
E06000064,Westmorland and Furness,None,,asd_semh_accel,2028,257.8,257.8,0.0,147.0,11.8
E06000064,Westmorland and Furness,None,,asd_semh_accel,2029,242.2,242.2,0.0,155.4,12.4
E06000064,Westmorland and Furness,None,,asd_semh_accel,2030,227.5,227.5,0.0,164.1,13.1
E06000064,Westmorland and Furness,None,,cost_inflation,2024,331.0,297.0,34.0,118.0,9.4
E06000064,Westmorland and Furness,None,,cost_inflation,2025,314.9,314.9,0.0,124.0,10.9
E06000064,Westmorland and Furness,None,,cost_inflation,2026,299.5,299.5,0.0,130.4,12.6
E06000064,Westmorland and Furness,None,,cost_inflation,2027,284.9,284.9,0.0,137.1,14.6
E06000064,Westmorland and Furness,None,,cost_inflation,2028,271.0,271.0,0.0,144.1,16.9
E06000064,Westmorland and Furness,None,,cost_inflation,2029,257.8,257.8,0.0,151.5,19.5
E06000064,Westmorland and Furness,None,,cost_inflation,2030,245.2,245.2,0.0,159.3,22.6
E06000064,Westmorland and Furness,None,,capacity_improvement,2024,331.0,215.2,115.8,118.0,9.4
E06000064,Westmorland and Furness,None,,capacity_improvement,2025,314.9,204.7,110.2,123.7,9.9
E06000064,Westmorland and Furness,None,,capacity_improvement,2026,299.5,194.7,104.8,129.8,10.4
E06000064,Westmorland and Furness,None,,capacity_improvement,2027,284.9,185.2,99.7,136.1,10.9
E06000064,Westmorland and Furness,None,,capacity_improvement,2028,271.0,176.1,94.8,142.7,11.4
E06000064,Westmorland and Furness,None,,capacity_improvement,2029,257.8,167.6,90.2,149.6,12.0
E06000064,Westmorland and Furness,None,,capacity_improvement,2030,245.2,159.4,85.8,156.9,12.6
E06000064,Westmorland and Furness,None,,flat_throughput,2024,331.0,297.0,34.0,118.0,9.4
E06000064,Westmorland and Furness,None,,flat_throughput,2025,314.9,297.0,17.9,124.0,9.9
E06000064,Westmorland and Furness,None,,flat_throughput,2026,299.5,297.0,2.5,130.4,10.4
E06000064,Westmorland and Furness,None,,flat_throughput,2027,284.9,297.0,0.0,137.1,11.0
E06000064,Westmorland and Furness,None,,flat_throughput,2028,271.0,297.0,0.0,144.1,11.5
E06000064,Westmorland and Furness,None,,flat_throughput,2029,257.8,297.0,0.0,151.5,12.1
E06000064,Westmorland and Furness,None,,flat_throughput,2030,245.2,297.0,0.0,159.3,12.7
E08000010,Wigan,None,0.1,continuation,2024,628.0,264.0,364.0,154.0,12.3
E08000010,Wigan,None,0.1,continuation,2025,708.1,279.2,428.9,173.6,13.9
E08000010,Wigan,None,0.1,continuation,2026,798.3,295.2,503.2,195.8,15.7
E08000010,Wigan,None,0.1,continuation,2027,900.1,312.1,588.0,220.7,17.7
E08000010,Wigan,None,0.1,continuation,2028,1014.9,330.1,684.8,248.9,19.9
E08000010,Wigan,None,0.1,continuation,2029,1144.3,349.0,795.3,280.6,22.4
E08000010,Wigan,None,0.1,continuation,2030,1290.2,369.0,921.1,316.4,25.3
E08000010,Wigan,None,0.1,asd_semh_accel,2024,628.0,264.0,364.0,154.0,12.3
E08000010,Wigan,None,0.1,asd_semh_accel,2025,729.6,279.2,450.5,175.7,14.1
E08000010,Wigan,None,0.1,asd_semh_accel,2026,847.7,295.2,552.5,200.5,16.0
E08000010,Wigan,None,0.1,asd_semh_accel,2027,984.9,312.1,672.8,228.8,18.3
E08000010,Wigan,None,0.1,asd_semh_accel,2028,1144.3,330.1,814.2,261.1,20.9
E08000010,Wigan,None,0.1,asd_semh_accel,2029,1329.5,349.0,980.5,298.0,23.8
E08000010,Wigan,None,0.1,asd_semh_accel,2030,1544.6,369.0,1175.6,340.0,27.2
E08000010,Wigan,None,0.1,cost_inflation,2024,628.0,264.0,364.0,154.0,12.3
E08000010,Wigan,None,0.1,cost_inflation,2025,708.1,279.2,428.9,173.6,15.3
E08000010,Wigan,None,0.1,cost_inflation,2026,798.3,295.2,503.2,195.8,19.0
E08000010,Wigan,None,0.1,cost_inflation,2027,900.1,312.1,588.0,220.7,23.5
E08000010,Wigan,None,0.1,cost_inflation,2028,1014.9,330.1,684.8,248.9,29.2
E08000010,Wigan,None,0.1,cost_inflation,2029,1144.3,349.0,795.3,280.6,36.2
E08000010,Wigan,None,0.1,cost_inflation,2030,1290.2,369.0,921.1,316.4,44.8
E08000010,Wigan,None,0.1,capacity_improvement,2024,628.0,264.0,364.0,154.0,12.3
E08000010,Wigan,None,0.1,capacity_improvement,2025,708.1,333.1,375.0,172.6,13.8
E08000010,Wigan,None,0.1,capacity_improvement,2026,798.3,415.4,382.9,193.4,15.5
E08000010,Wigan,None,0.1,capacity_improvement,2027,900.1,513.4,386.7,216.8,17.3
E08000010,Wigan,None,0.1,capacity_improvement,2028,1014.9,629.6,385.3,243.0,19.4
E08000010,Wigan,None,0.1,capacity_improvement,2029,1144.3,743.8,400.5,272.3,21.8
E08000010,Wigan,None,0.1,capacity_improvement,2030,1290.2,838.6,451.6,305.2,24.4
E08000010,Wigan,None,0.1,flat_throughput,2024,628.0,264.0,364.0,154.0,12.3
E08000010,Wigan,None,0.1,flat_throughput,2025,708.1,264.0,444.1,173.6,13.9
E08000010,Wigan,None,0.1,flat_throughput,2026,798.3,264.0,534.3,195.8,15.7
E08000010,Wigan,None,0.1,flat_throughput,2027,900.1,264.0,636.1,220.7,17.7
E08000010,Wigan,None,0.1,flat_throughput,2028,1014.9,264.0,750.9,248.9,19.9
E08000010,Wigan,None,0.1,flat_throughput,2029,1144.3,264.0,880.3,280.6,22.4
E08000010,Wigan,None,0.1,flat_throughput,2030,1290.2,264.0,1026.2,316.4,25.3
E06000054,Wiltshire,None,0.7,continuation,2024,906.0,294.0,612.0,303.0,24.2
E06000054,Wiltshire,None,0.7,continuation,2025,1021.5,281.4,740.1,340.4,27.2
E06000054,Wiltshire,None,0.7,continuation,2026,1151.8,269.4,882.4,382.5,30.6
E06000054,Wiltshire,None,0.7,continuation,2027,1298.6,257.9,1040.7,429.7,34.4
E06000054,Wiltshire,None,0.7,continuation,2028,1464.2,246.8,1217.3,482.8,38.6
E06000054,Wiltshire,None,0.7,continuation,2029,1650.8,236.3,1414.5,542.4,43.4
E06000054,Wiltshire,None,0.7,continuation,2030,1861.3,226.2,1635.1,609.4,48.8
E06000054,Wiltshire,None,0.7,asd_semh_accel,2024,906.0,294.0,612.0,303.0,24.2
E06000054,Wiltshire,None,0.7,asd_semh_accel,2025,1052.6,281.4,771.2,344.4,27.6
E06000054,Wiltshire,None,0.7,asd_semh_accel,2026,1223.0,269.4,953.6,391.5,31.3
E06000054,Wiltshire,None,0.7,asd_semh_accel,2027,1420.9,257.9,1163.0,445.0,35.6
E06000054,Wiltshire,None,0.7,asd_semh_accel,2028,1650.8,246.8,1404.0,505.8,40.5
E06000054,Wiltshire,None,0.7,asd_semh_accel,2029,1918.0,236.3,1681.7,574.9,46.0
E06000054,Wiltshire,None,0.7,asd_semh_accel,2030,2228.4,226.2,2002.2,653.5,52.3
E06000054,Wiltshire,None,0.7,cost_inflation,2024,906.0,294.0,612.0,303.0,24.2
E06000054,Wiltshire,None,0.7,cost_inflation,2025,1021.5,281.4,740.1,340.4,30.0
E06000054,Wiltshire,None,0.7,cost_inflation,2026,1151.8,269.4,882.4,382.5,37.0
E06000054,Wiltshire,None,0.7,cost_inflation,2027,1298.6,257.9,1040.7,429.7,45.8
E06000054,Wiltshire,None,0.7,cost_inflation,2028,1464.2,246.8,1217.3,482.8,56.5
E06000054,Wiltshire,None,0.7,cost_inflation,2029,1650.8,236.3,1414.5,542.4,69.9
E06000054,Wiltshire,None,0.7,cost_inflation,2030,1861.3,226.2,1635.1,609.4,86.4
E06000054,Wiltshire,None,0.7,capacity_improvement,2024,906.0,294.0,612.0,303.0,24.2
E06000054,Wiltshire,None,0.7,capacity_improvement,2025,1021.5,382.6,639.0,338.4,27.1
E06000054,Wiltshire,None,0.7,capacity_improvement,2026,1151.8,488.9,662.8,378.0,30.2
E06000054,Wiltshire,None,0.7,capacity_improvement,2027,1298.6,616.2,682.4,422.3,33.8
E06000054,Wiltshire,None,0.7,capacity_improvement,2028,1464.2,768.0,696.2,471.7,37.7
E06000054,Wiltshire,None,0.7,capacity_improvement,2029,1650.8,948.4,702.4,526.8,42.1
E06000054,Wiltshire,None,0.7,capacity_improvement,2030,1861.3,1162.4,698.9,588.5,47.1
E06000054,Wiltshire,None,0.7,flat_throughput,2024,906.0,294.0,612.0,303.0,24.2
E06000054,Wiltshire,None,0.7,flat_throughput,2025,1021.5,294.0,727.5,340.4,27.2
E06000054,Wiltshire,None,0.7,flat_throughput,2026,1151.8,294.0,857.8,382.5,30.6
E06000054,Wiltshire,None,0.7,flat_throughput,2027,1298.6,294.0,1004.6,429.7,34.4
E06000054,Wiltshire,None,0.7,flat_throughput,2028,1464.2,294.0,1170.2,482.8,38.6
E06000054,Wiltshire,None,0.7,flat_throughput,2029,1650.8,294.0,1356.8,542.4,43.4
E06000054,Wiltshire,None,0.7,flat_throughput,2030,1861.3,294.0,1567.3,609.4,48.8
E06000040,Windsor and Maidenhead,None,0.0,continuation,2024,127.0,127.0,0.0,81.0,6.5
E06000040,Windsor and Maidenhead,None,0.0,continuation,2025,126.3,126.3,0.0,91.3,7.3
E06000040,Windsor and Maidenhead,None,0.0,continuation,2026,125.5,125.5,0.0,103.0,8.2
E06000040,Windsor and Maidenhead,None,0.0,continuation,2027,124.8,124.8,0.0,116.1,9.3
E06000040,Windsor and Maidenhead,None,0.0,continuation,2028,124.1,124.1,0.0,130.9,10.5
E06000040,Windsor and Maidenhead,None,0.0,continuation,2029,123.4,123.4,0.0,147.6,11.8
E06000040,Windsor and Maidenhead,None,0.0,continuation,2030,122.6,122.6,0.0,166.4,13.3
E06000040,Windsor and Maidenhead,None,0.0,asd_semh_accel,2024,127.0,127.0,0.0,81.0,6.5
E06000040,Windsor and Maidenhead,None,0.0,asd_semh_accel,2025,126.1,126.1,0.0,92.4,7.4
E06000040,Windsor and Maidenhead,None,0.0,asd_semh_accel,2026,125.2,125.2,0.0,105.5,8.4
E06000040,Windsor and Maidenhead,None,0.0,asd_semh_accel,2027,124.3,124.3,0.0,120.4,9.6
E06000040,Windsor and Maidenhead,None,0.0,asd_semh_accel,2028,123.4,123.4,0.0,137.3,11.0
E06000040,Windsor and Maidenhead,None,0.0,asd_semh_accel,2029,122.5,122.5,0.0,156.7,12.5
E06000040,Windsor and Maidenhead,None,0.0,asd_semh_accel,2030,121.6,121.6,0.0,178.8,14.3
E06000040,Windsor and Maidenhead,None,0.0,cost_inflation,2024,127.0,127.0,0.0,81.0,6.5
E06000040,Windsor and Maidenhead,None,0.0,cost_inflation,2025,126.3,126.3,0.0,91.3,8.0
E06000040,Windsor and Maidenhead,None,0.0,cost_inflation,2026,125.5,125.5,0.0,103.0,10.0
E06000040,Windsor and Maidenhead,None,0.0,cost_inflation,2027,124.8,124.8,0.0,116.1,12.4
E06000040,Windsor and Maidenhead,None,0.0,cost_inflation,2028,124.1,124.1,0.0,130.9,15.3
E06000040,Windsor and Maidenhead,None,0.0,cost_inflation,2029,123.4,123.4,0.0,147.6,19.0
E06000040,Windsor and Maidenhead,None,0.0,cost_inflation,2030,122.6,122.6,0.0,166.4,23.6
E06000040,Windsor and Maidenhead,None,0.0,capacity_improvement,2024,127.0,82.5,44.5,81.0,6.5
E06000040,Windsor and Maidenhead,None,0.0,capacity_improvement,2025,126.3,82.1,44.2,90.8,7.3
E06000040,Windsor and Maidenhead,None,0.0,capacity_improvement,2026,125.5,81.6,43.9,101.7,8.1
E06000040,Windsor and Maidenhead,None,0.0,capacity_improvement,2027,124.8,81.1,43.7,114.0,9.1
E06000040,Windsor and Maidenhead,None,0.0,capacity_improvement,2028,124.1,80.7,43.4,127.8,10.2
E06000040,Windsor and Maidenhead,None,0.0,capacity_improvement,2029,123.4,80.2,43.2,143.2,11.5
E06000040,Windsor and Maidenhead,None,0.0,capacity_improvement,2030,122.6,79.7,42.9,160.5,12.8
E06000040,Windsor and Maidenhead,None,0.0,flat_throughput,2024,127.0,127.0,0.0,81.0,6.5
E06000040,Windsor and Maidenhead,None,0.0,flat_throughput,2025,126.3,127.0,0.0,91.3,7.3
E06000040,Windsor and Maidenhead,None,0.0,flat_throughput,2026,125.5,127.0,0.0,103.0,8.2
E06000040,Windsor and Maidenhead,None,0.0,flat_throughput,2027,124.8,127.0,0.0,116.1,9.3
E06000040,Windsor and Maidenhead,None,0.0,flat_throughput,2028,124.1,127.0,0.0,130.9,10.5
E06000040,Windsor and Maidenhead,None,0.0,flat_throughput,2029,123.4,127.0,0.0,147.6,11.8
E06000040,Windsor and Maidenhead,None,0.0,flat_throughput,2030,122.6,127.0,0.0,166.4,13.3
E08000015,Wirral,None,0.9,continuation,2024,716.0,90.0,626.0,67.0,5.4
E08000015,Wirral,None,0.9,continuation,2025,807.3,98.1,709.2,68.7,5.5
E08000015,Wirral,None,0.9,continuation,2026,910.2,106.9,803.3,70.4,5.6
E08000015,Wirral,None,0.9,continuation,2027,1026.3,116.5,909.7,72.2,5.8
E08000015,Wirral,None,0.9,continuation,2028,1157.1,127.0,1030.1,74.0,5.9
E08000015,Wirral,None,0.9,continuation,2029,1304.6,138.5,1166.2,75.9,6.1
E08000015,Wirral,None,0.9,continuation,2030,1471.0,150.9,1320.1,77.8,6.2
E08000015,Wirral,None,0.9,asd_semh_accel,2024,716.0,90.0,626.0,67.0,5.4
E08000015,Wirral,None,0.9,asd_semh_accel,2025,831.9,98.1,733.8,68.9,5.5
E08000015,Wirral,None,0.9,asd_semh_accel,2026,966.5,106.9,859.6,70.8,5.7
E08000015,Wirral,None,0.9,asd_semh_accel,2027,1122.9,116.5,1006.4,72.7,5.8
E08000015,Wirral,None,0.9,asd_semh_accel,2028,1304.6,127.0,1177.6,74.8,6.0
E08000015,Wirral,None,0.9,asd_semh_accel,2029,1515.8,138.5,1377.3,76.8,6.1
E08000015,Wirral,None,0.9,asd_semh_accel,2030,1761.1,150.9,1610.2,79.0,6.3
E08000015,Wirral,None,0.9,cost_inflation,2024,716.0,90.0,626.0,67.0,5.4
E08000015,Wirral,None,0.9,cost_inflation,2025,807.3,98.1,709.2,68.7,6.0
E08000015,Wirral,None,0.9,cost_inflation,2026,910.2,106.9,803.3,70.4,6.8
E08000015,Wirral,None,0.9,cost_inflation,2027,1026.3,116.5,909.7,72.2,7.7
E08000015,Wirral,None,0.9,cost_inflation,2028,1157.1,127.0,1030.1,74.0,8.7
E08000015,Wirral,None,0.9,cost_inflation,2029,1304.6,138.5,1166.2,75.9,9.8
E08000015,Wirral,None,0.9,cost_inflation,2030,1471.0,150.9,1320.1,77.8,11.0
E08000015,Wirral,None,0.9,capacity_improvement,2024,716.0,90.0,626.0,67.0,5.4
E08000015,Wirral,None,0.9,capacity_improvement,2025,807.3,141.8,665.4,68.6,5.5
E08000015,Wirral,None,0.9,capacity_improvement,2026,910.2,205.4,704.8,70.2,5.6
E08000015,Wirral,None,0.9,capacity_improvement,2027,1026.3,282.9,743.3,71.9,5.8
E08000015,Wirral,None,0.9,capacity_improvement,2028,1157.1,376.9,780.2,73.7,5.9
E08000015,Wirral,None,0.9,capacity_improvement,2029,1304.6,490.1,814.5,75.4,6.0
E08000015,Wirral,None,0.9,capacity_improvement,2030,1471.0,626.2,844.8,77.2,6.2
E08000015,Wirral,None,0.9,flat_throughput,2024,716.0,90.0,626.0,67.0,5.4
E08000015,Wirral,None,0.9,flat_throughput,2025,807.3,90.0,717.3,68.7,5.5
E08000015,Wirral,None,0.9,flat_throughput,2026,910.2,90.0,820.2,70.4,5.6
E08000015,Wirral,None,0.9,flat_throughput,2027,1026.3,90.0,936.3,72.2,5.8
E08000015,Wirral,None,0.9,flat_throughput,2028,1157.1,90.0,1067.1,74.0,5.9
E08000015,Wirral,None,0.9,flat_throughput,2029,1304.6,90.0,1214.6,75.9,6.1
E08000015,Wirral,None,0.9,flat_throughput,2030,1471.0,90.0,1381.0,77.8,6.2
E06000041,Wokingham,None,0.5,continuation,2024,251.0,141.0,110.0,126.0,10.1
E06000041,Wokingham,None,0.5,continuation,2025,279.3,155.8,123.5,142.1,11.4
E06000041,Wokingham,None,0.5,continuation,2026,310.9,172.2,138.7,160.2,12.8
E06000041,Wokingham,None,0.5,continuation,2027,346.0,190.3,155.7,180.6,14.4
E06000041,Wokingham,None,0.5,continuation,2028,385.1,210.3,174.7,203.6,16.3
E06000041,Wokingham,None,0.5,continuation,2029,428.6,232.5,196.1,229.6,18.4
E06000041,Wokingham,None,0.5,continuation,2030,477.0,256.9,220.0,258.9,20.7
E06000041,Wokingham,None,0.5,asd_semh_accel,2024,251.0,141.0,110.0,126.0,10.1
E06000041,Wokingham,None,0.5,asd_semh_accel,2025,286.9,155.8,131.1,143.8,11.5
E06000041,Wokingham,None,0.5,asd_semh_accel,2026,328.0,172.2,155.8,164.1,13.1
E06000041,Wokingham,None,0.5,asd_semh_accel,2027,374.9,190.3,184.6,187.2,15.0
E06000041,Wokingham,None,0.5,asd_semh_accel,2028,428.6,210.3,218.2,213.6,17.1
E06000041,Wokingham,None,0.5,asd_semh_accel,2029,489.9,232.5,257.4,243.8,19.5
E06000041,Wokingham,None,0.5,asd_semh_accel,2030,560.0,256.9,303.1,278.2,22.3
E06000041,Wokingham,None,0.5,cost_inflation,2024,251.0,141.0,110.0,126.0,10.1
E06000041,Wokingham,None,0.5,cost_inflation,2025,279.3,155.8,123.5,142.1,12.5
E06000041,Wokingham,None,0.5,cost_inflation,2026,310.9,172.2,138.7,160.2,15.5
E06000041,Wokingham,None,0.5,cost_inflation,2027,346.0,190.3,155.7,180.6,19.2
E06000041,Wokingham,None,0.5,cost_inflation,2028,385.1,210.3,174.7,203.6,23.9
E06000041,Wokingham,None,0.5,cost_inflation,2029,428.6,232.5,196.1,229.6,29.6
E06000041,Wokingham,None,0.5,cost_inflation,2030,477.0,256.9,220.0,258.9,36.7
E06000041,Wokingham,None,0.5,capacity_improvement,2024,251.0,141.0,110.0,126.0,10.1
E06000041,Wokingham,None,0.5,capacity_improvement,2025,279.3,170.9,108.5,141.2,11.3
E06000041,Wokingham,None,0.5,capacity_improvement,2026,310.9,202.1,108.8,158.3,12.7
E06000041,Wokingham,None,0.5,capacity_improvement,2027,346.0,224.9,121.1,177.4,14.2
E06000041,Wokingham,None,0.5,capacity_improvement,2028,385.1,250.3,134.8,198.8,15.9
E06000041,Wokingham,None,0.5,capacity_improvement,2029,428.6,278.6,150.0,222.8,17.8
E06000041,Wokingham,None,0.5,capacity_improvement,2030,477.0,310.0,166.9,249.7,20.0
E06000041,Wokingham,None,0.5,flat_throughput,2024,251.0,141.0,110.0,126.0,10.1
E06000041,Wokingham,None,0.5,flat_throughput,2025,279.3,141.0,138.3,142.1,11.4
E06000041,Wokingham,None,0.5,flat_throughput,2026,310.9,141.0,169.9,160.2,12.8
E06000041,Wokingham,None,0.5,flat_throughput,2027,346.0,141.0,205.0,180.6,14.4
E06000041,Wokingham,None,0.5,flat_throughput,2028,385.1,141.0,244.1,203.6,16.3
E06000041,Wokingham,None,0.5,flat_throughput,2029,428.6,141.0,287.6,229.6,18.4
E06000041,Wokingham,None,0.5,flat_throughput,2030,477.0,141.0,336.0,258.9,20.7
E08000031,Wolverhampton,None,0.6,continuation,2024,395.0,206.0,189.0,81.0,6.5
E08000031,Wolverhampton,None,0.6,continuation,2025,426.5,227.7,198.9,90.5,7.2
E08000031,Wolverhampton,None,0.6,continuation,2026,460.6,251.6,209.0,101.2,8.1
E08000031,Wolverhampton,None,0.6,continuation,2027,497.3,278.1,219.3,113.2,9.1
E08000031,Wolverhampton,None,0.6,continuation,2028,537.0,307.3,229.7,126.5,10.1
E08000031,Wolverhampton,None,0.6,continuation,2029,579.9,339.6,240.3,141.4,11.3
E08000031,Wolverhampton,None,0.6,continuation,2030,626.2,375.4,250.9,158.1,12.6
E08000031,Wolverhampton,None,0.6,asd_semh_accel,2024,395.0,206.0,189.0,81.0,6.5
E08000031,Wolverhampton,None,0.6,asd_semh_accel,2025,434.8,227.7,207.1,91.6,7.3
E08000031,Wolverhampton,None,0.6,asd_semh_accel,2026,478.6,251.6,227.0,103.5,8.3
E08000031,Wolverhampton,None,0.6,asd_semh_accel,2027,526.8,278.1,248.8,117.0,9.4
E08000031,Wolverhampton,None,0.6,asd_semh_accel,2028,579.9,307.3,272.6,132.3,10.6
E08000031,Wolverhampton,None,0.6,asd_semh_accel,2029,638.4,339.6,298.7,149.5,12.0
E08000031,Wolverhampton,None,0.6,asd_semh_accel,2030,702.7,375.4,327.3,169.0,13.5
E08000031,Wolverhampton,None,0.6,cost_inflation,2024,395.0,206.0,189.0,81.0,6.5
E08000031,Wolverhampton,None,0.6,cost_inflation,2025,426.5,227.7,198.9,90.5,8.0
E08000031,Wolverhampton,None,0.6,cost_inflation,2026,460.6,251.6,209.0,101.2,9.8
E08000031,Wolverhampton,None,0.6,cost_inflation,2027,497.3,278.1,219.3,113.2,12.0
E08000031,Wolverhampton,None,0.6,cost_inflation,2028,537.0,307.3,229.7,126.5,14.8
E08000031,Wolverhampton,None,0.6,cost_inflation,2029,579.9,339.6,240.3,141.4,18.2
E08000031,Wolverhampton,None,0.6,cost_inflation,2030,626.2,375.4,250.9,158.1,22.4
E08000031,Wolverhampton,None,0.6,capacity_improvement,2024,395.0,206.0,189.0,81.0,6.5
E08000031,Wolverhampton,None,0.6,capacity_improvement,2025,426.5,243.8,182.8,90.0,7.2
E08000031,Wolverhampton,None,0.6,capacity_improvement,2026,460.6,286.3,174.3,100.1,8.0
E08000031,Wolverhampton,None,0.6,capacity_improvement,2027,497.3,323.3,174.1,111.3,8.9
E08000031,Wolverhampton,None,0.6,capacity_improvement,2028,537.0,349.1,188.0,123.7,9.9
E08000031,Wolverhampton,None,0.6,capacity_improvement,2029,579.9,376.9,203.0,137.5,11.0
E08000031,Wolverhampton,None,0.6,capacity_improvement,2030,626.2,407.0,219.2,152.9,12.2
E08000031,Wolverhampton,None,0.6,flat_throughput,2024,395.0,206.0,189.0,81.0,6.5
E08000031,Wolverhampton,None,0.6,flat_throughput,2025,426.5,206.0,220.5,90.5,7.2
E08000031,Wolverhampton,None,0.6,flat_throughput,2026,460.6,206.0,254.6,101.2,8.1
E08000031,Wolverhampton,None,0.6,flat_throughput,2027,497.3,206.0,291.3,113.2,9.1
E08000031,Wolverhampton,None,0.6,flat_throughput,2028,537.0,206.0,331.0,126.5,10.1
E08000031,Wolverhampton,None,0.6,flat_throughput,2029,579.9,206.0,373.9,141.4,11.3
E08000031,Wolverhampton,None,0.6,flat_throughput,2030,626.2,206.0,420.2,158.1,12.6
E10000034,Worcestershire,None,0.4,continuation,2024,1389.0,517.0,872.0,384.0,30.7
E10000034,Worcestershire,None,0.4,continuation,2025,1566.1,530.9,1035.2,433.0,34.6
E10000034,Worcestershire,None,0.4,continuation,2026,1765.8,545.2,1220.6,488.2,39.1
E10000034,Worcestershire,None,0.4,continuation,2027,1990.9,559.9,1431.0,550.4,44.0
E10000034,Worcestershire,None,0.4,continuation,2028,2244.7,575.0,1669.8,620.6,49.6
E10000034,Worcestershire,None,0.4,continuation,2029,2530.9,590.4,1940.5,699.7,56.0
E10000034,Worcestershire,None,0.4,continuation,2030,2853.6,606.3,2247.3,788.9,63.1
E10000034,Worcestershire,None,0.4,asd_semh_accel,2024,1389.0,517.0,872.0,384.0,30.7
E10000034,Worcestershire,None,0.4,asd_semh_accel,2025,1613.8,530.9,1082.9,438.2,35.1
E10000034,Worcestershire,None,0.4,asd_semh_accel,2026,1875.0,545.2,1329.7,500.0,40.0
E10000034,Worcestershire,None,0.4,asd_semh_accel,2027,2178.4,559.9,1618.5,570.6,45.6
E10000034,Worcestershire,None,0.4,asd_semh_accel,2028,2530.9,575.0,1956.0,651.1,52.1
E10000034,Worcestershire,None,0.4,asd_semh_accel,2029,2940.5,590.4,2350.1,743.0,59.4
E10000034,Worcestershire,None,0.4,asd_semh_accel,2030,3416.4,606.3,2810.1,847.8,67.8
E10000034,Worcestershire,None,0.4,cost_inflation,2024,1389.0,517.0,872.0,384.0,30.7
E10000034,Worcestershire,None,0.4,cost_inflation,2025,1566.1,530.9,1035.2,433.0,38.1
E10000034,Worcestershire,None,0.4,cost_inflation,2026,1765.8,545.2,1220.6,488.2,47.3
E10000034,Worcestershire,None,0.4,cost_inflation,2027,1990.9,559.9,1431.0,550.4,58.6
E10000034,Worcestershire,None,0.4,cost_inflation,2028,2244.7,575.0,1669.8,620.6,72.7
E10000034,Worcestershire,None,0.4,cost_inflation,2029,2530.9,590.4,1940.5,699.7,90.1
E10000034,Worcestershire,None,0.4,cost_inflation,2030,2853.6,606.3,2247.3,788.9,111.8
E10000034,Worcestershire,None,0.4,capacity_improvement,2024,1389.0,517.0,872.0,384.0,30.7
E10000034,Worcestershire,None,0.4,capacity_improvement,2025,1566.1,661.2,904.9,430.4,34.4
E10000034,Worcestershire,None,0.4,capacity_improvement,2026,1765.8,833.8,932.0,482.3,38.6
E10000034,Worcestershire,None,0.4,capacity_improvement,2027,1990.9,1039.7,951.2,540.6,43.2
E10000034,Worcestershire,None,0.4,capacity_improvement,2028,2244.7,1284.5,960.3,605.9,48.5
E10000034,Worcestershire,None,0.4,capacity_improvement,2029,2530.9,1574.8,956.2,679.0,54.3
E10000034,Worcestershire,None,0.4,capacity_improvement,2030,2853.6,1854.8,998.8,761.0,60.9
E10000034,Worcestershire,None,0.4,flat_throughput,2024,1389.0,517.0,872.0,384.0,30.7
E10000034,Worcestershire,None,0.4,flat_throughput,2025,1566.1,517.0,1049.1,433.0,34.6
E10000034,Worcestershire,None,0.4,flat_throughput,2026,1765.8,517.0,1248.8,488.2,39.1
E10000034,Worcestershire,None,0.4,flat_throughput,2027,1990.9,517.0,1473.9,550.4,44.0
E10000034,Worcestershire,None,0.4,flat_throughput,2028,2244.7,517.0,1727.7,620.6,49.6
E10000034,Worcestershire,None,0.4,flat_throughput,2029,2530.9,517.0,2013.9,699.7,56.0
E10000034,Worcestershire,None,0.4,flat_throughput,2030,2853.6,517.0,2336.6,788.9,63.1
E06000014,York,None,0.1,continuation,2024,236.0,153.0,83.0,6.0,0.5
E06000014,York,None,0.1,continuation,2025,251.4,160.8,90.6,5.7,0.5
E06000014,York,None,0.1,continuation,2026,267.9,169.1,98.8,5.4,0.4
E06000014,York,None,0.1,continuation,2027,285.4,177.7,107.6,5.2,0.4
E06000014,York,None,0.1,continuation,2028,304.0,186.8,117.2,4.9,0.4
E06000014,York,None,0.1,continuation,2029,323.9,196.4,127.5,4.7,0.4
E06000014,York,None,0.1,continuation,2030,345.1,206.5,138.6,4.4,0.4
E06000014,York,None,0.1,asd_semh_accel,2024,236.0,153.0,83.0,6.0,0.5
E06000014,York,None,0.1,asd_semh_accel,2025,255.4,160.8,94.6,5.7,0.5
E06000014,York,None,0.1,asd_semh_accel,2026,276.5,169.1,107.4,5.4,0.4
E06000014,York,None,0.1,asd_semh_accel,2027,299.2,177.7,121.5,5.1,0.4
E06000014,York,None,0.1,asd_semh_accel,2028,323.9,186.8,137.0,4.8,0.4
E06000014,York,None,0.1,asd_semh_accel,2029,350.6,196.4,154.1,4.6,0.4
E06000014,York,None,0.1,asd_semh_accel,2030,379.4,206.5,173.0,4.3,0.3
E06000014,York,None,0.1,cost_inflation,2024,236.0,153.0,83.0,6.0,0.5
E06000014,York,None,0.1,cost_inflation,2025,251.4,160.8,90.6,5.7,0.5
E06000014,York,None,0.1,cost_inflation,2026,267.9,169.1,98.8,5.4,0.5
E06000014,York,None,0.1,cost_inflation,2027,285.4,177.7,107.6,5.2,0.5
E06000014,York,None,0.1,cost_inflation,2028,304.0,186.8,117.2,4.9,0.6
E06000014,York,None,0.1,cost_inflation,2029,323.9,196.4,127.5,4.7,0.6
E06000014,York,None,0.1,cost_inflation,2030,345.1,206.5,138.6,4.4,0.6
E06000014,York,None,0.1,capacity_improvement,2024,236.0,153.0,83.0,6.0,0.5
E06000014,York,None,0.1,capacity_improvement,2025,251.4,163.4,88.0,5.7,0.5
E06000014,York,None,0.1,capacity_improvement,2026,267.9,174.1,93.8,5.5,0.4
E06000014,York,None,0.1,capacity_improvement,2027,285.4,185.5,99.9,5.2,0.4
E06000014,York,None,0.1,capacity_improvement,2028,304.0,197.6,106.4,5.0,0.4
E06000014,York,None,0.1,capacity_improvement,2029,323.9,210.5,113.4,4.7,0.4
E06000014,York,None,0.1,capacity_improvement,2030,345.1,224.3,120.8,4.5,0.4
E06000014,York,None,0.1,flat_throughput,2024,236.0,153.0,83.0,6.0,0.5
E06000014,York,None,0.1,flat_throughput,2025,251.4,153.0,98.4,5.7,0.5
E06000014,York,None,0.1,flat_throughput,2026,267.9,153.0,114.9,5.4,0.4
E06000014,York,None,0.1,flat_throughput,2027,285.4,153.0,132.4,5.2,0.4
E06000014,York,None,0.1,flat_throughput,2028,304.0,153.0,151.0,4.9,0.4
E06000014,York,None,0.1,flat_throughput,2029,323.9,153.0,170.9,4.7,0.4
E06000014,York,None,0.1,flat_throughput,2030,345.1,153.0,192.1,4.4,0.4
