year,la_name,la_code,region_name,n_requests,n_refused,refusal_rate_pct,n_plans_issued,n_within_20w,timeliness_pct,la_official_appeal_rate_pct,n_tribunal_appeals,intervention_status,sv_entry_year,is_small_la,la_code_static,imd_average_score,dsg_deficit_per_pupil_full,region
2014,Barking and Dagenham,,,,,,,,,1.8,1082.0,None,,False,E09000002,32.768,42.933665428953844,London
2014,Barnet,,,,,,,,,2.7,1807.0,None,,False,E09000003,16.148,38.45173284992435,London
2014,Barnsley,,,,,,,,,1.8,1435.0,Delivering Better Value,,False,E08000016,29.933,-86.15047015304681,Yorkshire and The Humber
2014,Bath and North East Somerset,,,,,,,,,0.8,783.0,None,,False,E06000022,11.745,-174.57691101282896,South West
2014,Bedford,,,,,,,,,0.8,798.0,None,,False,E06000055,18.932,8.299313315352013,East of England
2014,Bexley,,,,,,,,,3.6,1378.0,Delivering Better Value,,False,E09000004,16.273,-25.38016868957005,London
2014,Birmingham,,,,,,,,,1.8,7635.0,None,,False,E08000025,38.067,58.72653275231282,West Midlands
2014,Blackburn with Darwen,,,,,,,,,1.0,395.0,Delivering Better Value,,False,E06000008,36.013,36.111653045083045,North West
2014,Blackpool,,,,,,,,,0.0,543.0,None,,False,E06000009,45.039,-23.27175770061806,North West
2014,Bolton,,,,,,,,,0.1,1382.0,Delivering Better Value,,False,E08000001,30.691,-59.496577305974945,North West
2014,"Bournemouth, Christchurch and Poole5",,,,,,,,,,,None,,False,,,,
2014,Bracknell Forest,,,,,,,,,1.4,645.0,Safety Valve,2022.0,False,E06000036,10.241,-203.65135525188293,South East
2014,Bradford,,,,,,,,,0.4,2240.0,Delivering Better Value,,False,E08000032,34.666,88.76165870074132,Yorkshire and The Humber
2014,Brent,,,,,,,,,2.3,1727.0,None,,False,E09000005,25.558,-65.47638592539909,London
2014,Brighton and Hove,,,,,,,,,1.9,1080.0,None,,False,E06000043,20.761,9.199525129182183,South East
2014,"Bristol, City of",,,,,,,,,1.8,1844.0,None,,False,E06000023,26.363,-132.19450500904907,South West
2014,Bromley,,,,,,,,,1.9,1877.0,None,,False,E09000006,14.163,-69.66255410883606,London
2014,Buckinghamshire,,,,,,,,,0.9,3249.0,None,,False,E10000002,10.7,,South East
2014,Bury,,,,,,,,,0.8,1328.0,Delivering Better Value,,False,E08000002,23.682,-148.92288950561507,North West
2014,Calderdale,,,,,,,,,0.5,931.0,Delivering Better Value,,False,E08000033,26.351,-41.74828869859278,Yorkshire and The Humber
2014,Cambridgeshire,,,,,,,,,2.5,3430.0,Safety Valve,2022.0,False,E10000003,15.4,-96.53909491826376,East of England
2014,Camden,,,,,,,,,1.7,974.0,None,,False,E09000007,20.131,187.75934422372356,London
2014,Central Bedfordshire,,,,,,,,,0.7,1141.0,None,,False,E06000056,12.152,-113.79511962203458,East of England
2014,Cheshire East,,,,,,,,,1.6,1718.0,Safety Valve,2023.0,False,E06000049,14.475,-323.92588794438404,North West
2014,Cheshire West and Chester,,,,,,,,,1.2,1468.0,None,,False,E06000050,18.083,-33.822279680324016,North West
2014,City of London,,,,,,,,,25.0,12.0,None,,True,,,,
2014,Cornwall,,,,,,,,,0.5,2093.0,Delivering Better Value,,False,E06000052,23.072,-76.45536083436696,South West
2014,County Durham,,,,,,,,,1.3,2533.0,None,,False,E06000047,26.793,-29.864810868407034,North East
2014,Coventry,,,,,,,,,1.0,1467.0,Delivering Better Value,,False,E08000026,25.613,55.693984850385796,West Midlands
2014,Croydon,,,,,,,,,2.8,2085.0,Delivering Better Value,,False,E09000008,22.477,-44.38230137921405,London
2014,Cumberland8,,,,,,,,,,,None,,False,,,,
2014,Cumbria8,,,,,,,,,0.8,2106.0,None,,False,,,,
2014,Darlington,,,,,,,,,0.0,450.0,Delivering Better Value,,False,E06000005,25.657,-28.388131220051605,North East
2014,Derby,,,,,,,,,4.1,1133.0,Delivering Better Value,,False,E06000015,26.323,-66.5338940391795,East Midlands
2014,Derbyshire,,,,,,,,,1.4,3460.0,Safety Valve,2023.0,False,E10000007,22.1,-37.878031061676296,East Midlands
2014,Devon,,,,,,,,,0.7,3699.0,Safety Valve,2024.0,False,E10000008,18.0,-261.58204279188436,South West
2014,Doncaster,,,,,,,,,0.4,1423.0,Delivering Better Value,,False,E08000017,30.289,-127.33109562313943,Yorkshire and The Humber
2014,Dorset6,,,,,,,,,1.3,1568.0,None,,False,,,,
2014,Dudley,,,,,,,,,0.5,1528.0,None,,False,E08000027,24.103,-146.80117377612368,West Midlands
2014,Ealing,,,,,,,,,1.6,1795.0,None,,False,E09000009,22.71,-7.920287564501248,London
2014,East Riding of Yorkshire,,,,,,,,,0.7,1034.0,Delivering Better Value,,False,E06000011,15.605,-127.50211638484473,Yorkshire and The Humber
2014,East Sussex,,,,,,,,,1.8,2608.0,Safety Valve,2022.0,False,E10000011,21.4,53.82573179033356,South East
2014,Enfield,,,,,,,,,0.9,1467.0,None,,False,E09000010,25.781,-65.40398666382919,London
2014,Essex,,,,,,,,,2.0,7796.0,Safety Valve,2023.0,False,E10000012,19.7,38.84799113800008,East of England
2014,Gateshead,,,,,,,,,1.5,877.0,Delivering Better Value,,False,E08000037,28.217,22.377263150964513,North East
2014,Gloucestershire,,,,,,,,,1.5,2475.0,Safety Valve,2022.0,False,E10000013,16.2,-112.53492330548914,South West
2014,Greenwich,,,,,,,,,2.9,1272.0,Delivering Better Value,,False,E09000011,24.464,4.333130182939534,London
2014,Hackney,,,,,,,,,2.4,1604.0,None,,False,E09000012,32.526,-111.47546155643842,London
2014,Halton,,,,,,,,,1.7,424.0,Delivering Better Value,,False,E06000006,32.325,-72.18010796221323,North West
2014,Hammersmith and Fulham,,,,,,,,,2.6,765.0,None,,False,E09000013,22.27,-21.469485589619932,London
2014,Hampshire,,,,,,,,,3.2,5242.0,Safety Valve,2022.0,False,E10000014,14.6,-156.1640891218873,South East
2014,Haringey,,,,,,,,,2.2,1432.0,None,,False,E09000014,27.956,-58.23547879733717,London
2014,Harrow,,,,,,,,,1.9,1267.0,None,,False,E09000015,15.031,-6.770715972043664,London
2014,Hartlepool,,,,,,,,,0.0,401.0,Delivering Better Value,,False,E06000001,35.037,-26.291399166059964,North East
2014,Havering,,,,,,,,,0.3,1047.0,Delivering Better Value,,False,E09000016,16.789,-86.83666379036286,London
2014,Herefordshire,,,,,,,,,1.9,637.0,None,,False,,,,
2014,Hertfordshire,,,,,,,,,2.2,3880.0,Safety Valve,2022.0,False,E10000015,13.8,1.661850229832579,East of England
2014,Hillingdon,,,,,,,,,1.4,1668.0,Delivering Better Value,,False,E09000017,18.223,-112.61657518340634,London
2014,Hounslow,,,,,,,,,0.9,1577.0,Delivering Better Value,,False,E09000018,21.487,-57.99421664690341,London
2014,Isle of Wight,,,,,,,,,0.9,743.0,Safety Valve,2022.0,False,E06000046,23.294,-96.87536001880915,South East
2014,Isles of Scilly,,,,,,,,,14.3,7.0,None,,True,,,,
2014,Islington,,,,,,,,,2.5,920.0,None,,False,E09000019,27.535,60.070500270754366,London
2014,Kensington and Chelsea,,,,,,,,,2.4,504.0,None,,False,E09000020,21.526,-43.11157059314954,London
2014,Kent,,,,,,,,,4.7,6924.0,Safety Valve,2023.0,False,E10000016,22.4,-62.02411711255822,South East
2014,Kingston upon Hull,,,,,,,,,0.5,1305.0,Delivering Better Value,,False,,,,
2014,Kingston upon Thames,,,,,,,,,1.8,827.0,None,,False,E09000021,11.381,-37.8047600619195,London
2014,Kirklees,,,,,,,,,1.0,2055.0,Delivering Better Value,,False,E08000034,25.151,-160.3226600804439,Yorkshire and The Humber
2014,Knowsley,,,,,,,,,0.0,923.0,Delivering Better Value,,False,E08000011,43.006,-148.86696445017498,North West
2014,Lambeth,,,,,,,,,3.0,1641.0,None,,False,E09000022,25.422,52.10278945099941,London
2014,Lancashire,,,,,,,,,1.8,5088.0,Delivering Better Value,,False,E10000017,27.3,24.810005761888608,North West
2014,Leeds,,,,,,,,,1.4,2283.0,Delivering Better Value,,False,E08000035,27.301,11.78571767609645,Yorkshire and The Humber
2014,Leicester,,,,,,,,,0.5,1327.0,Delivering Better Value,,False,E06000016,30.877,-38.18949493350222,East Midlands
2014,Leicestershire,,,,,,,,,1.3,2778.0,None,,False,E10000018,15.6,-74.55000931272117,East Midlands
2014,Lewisham,,,,,,,,,3.1,1446.0,None,,False,E09000023,26.661,-97.19346274264245,London
2014,Lincolnshire,,,,,,,,,0.8,3520.0,Delivering Better Value,,False,E10000019,20.5,36.53392576634801,East Midlands
2014,Liverpool,,,,,,,,,2.1,1706.0,Delivering Better Value,,False,E08000012,42.412,17.841847450166636,North West
2014,Luton,,,,,,,,,0.4,1046.0,Delivering Better Value,,False,E06000032,25.908,30.45496371484134,East of England
2014,Manchester,,,,,,,,,1.8,2460.0,Delivering Better Value,,False,E08000003,40.005,-19.53325473351156,North West
2014,Medway,,,,,,,,,3.4,1581.0,Safety Valve,2022.0,False,E06000035,23.936,-91.57543523051623,South East
2014,Merton,,,,,,,,,2.3,1088.0,None,,False,E09000024,14.649,-319.56073144273984,London
2014,Middlesbrough,,,,,,,,,0.0,778.0,Delivering Better Value,,False,E06000002,40.46,-138.04170207834352,North East
2014,Milton Keynes,,,,,,,,,0.3,1430.0,Delivering Better Value,,False,E06000042,17.98,32.29915213042422,South East
2014,Newcastle upon Tyne,,,,,,,,,0.1,934.0,Delivering Better Value,,False,E08000021,29.79,36.4919648950691,North East
2014,Newham,,,,,,,,,3.4,533.0,Delivering Better Value,,False,E09000025,29.577,-49.514351534773674,London
2014,Norfolk,,,,,,,,,1.6,4442.0,Safety Valve,2023.0,False,E10000020,22.5,-164.492957178028,East of England
2014,North East Lincolnshire,,,,,,,,,0.7,549.0,Delivering Better Value,,False,E06000012,31.335,-42.33630927402434,Yorkshire and The Humber
2014,North Lincolnshire,,,,,,,,,0.1,770.0,Delivering Better Value,,False,E06000013,22.096,71.31238773677335,Yorkshire and The Humber
2014,North Northamptonshire7,,,,,,,,,,,None,,False,,,,
2014,North Somerset,,,,,,,,,3.9,596.0,Delivering Better Value,,False,E06000024,15.825,-102.13023505914887,South West
2014,North Tyneside,,,,,,,,,0.7,1017.0,None,,False,E08000022,22.279,-66.34659380170548,North East
2014,North Yorkshire,,,,,,,,,1.2,1807.0,Safety Valve,2023.0,False,E10000023,14.2,380.0,Yorkshire and The Humber
2014,Northamptonshire7,,,,,,,,,1.0,4248.0,None,,False,,,,
2014,Northumberland,,,,,,,,,1.2,1530.0,None,,False,E06000057,22.079,6.381174708745347,North East
2014,Nottingham,,,,,,,,,2.7,671.0,Delivering Better Value,,False,E06000018,34.891,97.26733470005556,East Midlands
2014,Nottinghamshire,,,,,,,,,2.6,1812.0,Delivering Better Value,,False,E10000024,22.9,37.73897908683308,East Midlands
2014,Oldham,,,,,,,,,0.7,1228.0,Delivering Better Value,,False,E08000004,33.155,19.374544712383823,North West
2014,Oxfordshire,,,,,,,,,1.4,2288.0,Safety Valve,2023.0,False,E10000025,14.4,-95.9384876602658,South East
2014,Peterborough,,,,,,,,,0.8,1421.0,Safety Valve,2023.0,False,E06000031,27.821,12.817451756673462,East of England
2014,Plymouth,,,,,,,,,0.2,1650.0,Delivering Better Value,,False,E06000026,26.619,-26.748704272128013,South West
2014,Portsmouth,,,,,,,,,1.0,991.0,Delivering Better Value,,False,E06000044,26.899,95.12746934040437,South East
2014,Reading,,,,,,,,,0.7,1006.0,Delivering Better Value,,False,E06000038,19.619,-85.46871819107169,South East
2014,Redbridge,,,,,,,,,1.4,1550.0,None,,False,E09000026,17.203,29.981096213470547,London
2014,Redcar and Cleveland,,,,,,,,,0.0,751.0,Delivering Better Value,,False,E06000003,29.792,-71.6090027634839,North East
2014,Richmond upon Thames,,,,,,,,,2.6,1082.0,None,,False,E09000027,9.425,7.422471567831032,London
2014,Rochdale,,,,,,,,,0.7,1325.0,Delivering Better Value,,False,E08000005,34.415,-72.25118804721197,North West
2014,Rotherham,,,,,,,,,0.2,1082.0,Delivering Better Value,,False,E08000018,29.55,-5.372900729798646,Yorkshire and The Humber
2014,Rutland,,,,,,,,,1.7,173.0,None,,False,E06000017,8.381,-93.949263502455,East Midlands
2014,Salford,,,,,,,,,1.4,1316.0,Delivering Better Value,,False,E08000006,34.21,-46.366820609837525,North West
2014,Sandwell,,,,,,,,,2.2,1438.0,Delivering Better Value,,False,E08000028,34.884,22.346610102914603,West Midlands
2014,Sefton,,,,,,,,,1.3,1028.0,Delivering Better Value,,False,E08000014,27.035,-213.58020931882686,North West
2014,Sheffield,,,,,,,,,4.0,2141.0,Delivering Better Value,,False,E08000019,27.06,35.665567537989766,Yorkshire and The Humber
2014,Shropshire,,,,,,,,,0.9,1762.0,Safety Valve,2024.0,False,E06000051,17.153,-12.998871841155236,West Midlands
2014,Slough,,,,,,,,,0.2,882.0,Delivering Better Value,,False,E06000039,22.965,-62.28004973551058,South East
2014,Solihull,,,,,,,,,2.1,1316.0,None,,False,E08000029,17.37,-123.91724224463458,West Midlands
2014,Somerset,,,,,,,,,3.1,1322.0,Safety Valve,2022.0,False,E10000027,15.1,420.0,South West
2014,South Gloucestershire,,,,,,,,,1.0,1256.0,None,,False,E06000025,11.66,-163.35867004568817,South West
2014,South Tyneside,,,,,,,,,0.4,717.0,Delivering Better Value,,False,E08000023,31.509,-76.94695918101766,North East
2014,Southampton,,,,,,,,,2.4,837.0,Delivering Better Value,,False,E06000045,26.876,-49.52128400981267,South East
2014,Southend-on-Sea,,,,,,,,,1.5,999.0,Safety Valve,2022.0,False,E06000033,22.375,89.0245192454676,East of England
2014,Southwark,,,,,,,,,2.6,1582.0,None,,False,E09000028,25.811,-45.71678839010263,London
2014,St. Helens,,,,,,,,,1.4,492.0,None,,False,E08000013,31.518,17.166605832755412,North West
2014,Staffordshire,,,,,,,,,1.5,3621.0,None,,False,E10000028,21.8,-59.295914560029544,West Midlands
2014,Stockport,,,,,,,,,1.1,1564.0,Delivering Better Value,,False,E08000007,20.826,-124.0442509218942,North West
2014,Stockton-on-Tees,,,,,,,,,1.1,946.0,Delivering Better Value,,False,E06000004,25.79,-27.798582847773254,North East
2014,Stoke-on-Trent,,,,,,,,,1.3,1401.0,Delivering Better Value,,False,E06000021,34.504,-73.32441752980493,West Midlands
2014,Suffolk,,,,,,,,,1.7,3265.0,Safety Valve,2023.0,False,E10000029,18.5,-121.58468249402205,East of England
2014,Sunderland,,,,,,,,,0.8,1245.0,Delivering Better Value,,False,E08000024,30.586,-53.66217431431479,North East
2014,Surrey,,,,,,,,,3.3,5855.0,Safety Valve,2022.0,False,E10000030,11.2,-97.4078183412789,South East
2014,Sutton,,,,,,,,,3.9,1197.0,None,,False,E09000029,13.987,-8.113658104103964,London
2014,Swindon,,,,,,,,,1.0,1317.0,Safety Valve,2022.0,False,E06000030,18.622,-55.86907359123078,South West
2014,Tameside,,,,,,,,,2.0,717.0,Delivering Better Value,,False,E08000008,31.374,-52.72066292612881,North West
2014,Telford and Wrekin,,,,,,,,,0.9,1059.0,None,,False,E06000020,24.988,-13.558122582564712,West Midlands
2014,Thurrock,,,,,,,,,1.5,1007.0,Safety Valve,2022.0,False,E06000034,20.928,4.968631748234107,East of England
2014,Torbay,,,,,,,,,0.1,912.0,None,,False,E06000027,28.104,-68.62511883912934,South West
2014,Tower Hamlets,,,,,,,,,0.1,2011.0,Delivering Better Value,,False,E09000030,27.913,-84.19037917313871,London
2014,Trafford,,,,,,,,,3.0,1454.0,Delivering Better Value,,False,E08000009,16.088,-53.30755182625864,North West
2014,Wakefield,,,,,,,,,0.2,1430.0,Delivering Better Value,,False,E08000036,27.306,15.805416373526434,Yorkshire and The Humber
2014,Walsall,,,,,,,,,1.9,1325.0,Delivering Better Value,,False,E08000030,31.555,-33.44929665322653,West Midlands
2014,Waltham Forest,,,,,,,,,1.2,1506.0,None,,False,E09000031,25.209,-5.266610898661568,London
2014,Wandsworth,,,,,,,,,2.6,1361.0,None,,False,E09000032,16.611,-82.66153075583753,London
2014,Warrington,,,,,,,,,0.5,1096.0,None,,False,E06000007,18.942,5.489054224843525,North West
2014,Warwickshire,,,,,,,,,0.8,2835.0,Safety Valve,2024.0,False,E10000031,16.1,-84.70726177481714,West Midlands
2014,West Berkshire,,,,,,,,,1.2,781.0,None,,False,E06000037,9.952,-78.25796647785617,South East
2014,West Northamptonshire7,,,,,,,,,,,None,,False,,,,
2014,West Sussex,,,,,,,,,1.2,3415.0,Safety Valve,2022.0,False,E10000032,14.5,-134.77971750030574,South East
2014,Westminster,,,,,,,,,2.4,990.0,None,,False,E09000033,20.339,35.13358481180567,London
2014,Westmorland and Furness8,,,,,,,,,,,None,,False,,,,
2014,Wigan,,,,,,,,,0.8,1331.0,Delivering Better Value,,False,E08000010,25.713,-3.5805263373306593,North West
2014,Wiltshire,,,,,,,,,1.4,2018.0,Safety Valve,2024.0,False,E06000054,13.447,-94.65312252703772,South West
2014,Windsor and Maidenhead,,,,,,,,,1.4,787.0,None,,False,E06000040,8.376,-9.708242165443252,South East
2014,Wirral,,,,,,,,,0.8,1657.0,Delivering Better Value,,False,E08000015,29.589,-63.00319654637175,North West
2014,Wokingham,,,,,,,,,1.4,760.0,None,,False,E06000041,5.846,-146.7285510909672,South East
2014,Wolverhampton,,,,,,,,,0.4,1358.0,Delivering Better Value,,False,E08000031,32.102,14.760040122277417,West Midlands
2014,Worcestershire,,,,,,,,,1.1,2479.0,Safety Valve,2022.0,False,E10000034,18.9,-121.71695768259714,West Midlands
2014,York,,,,,,,,,0.4,492.0,None,,False,E06000014,11.727,-2.62102117240386,Yorkshire and The Humber
2015,Barking and Dagenham,,,,,,,,,1.8,1184.0,None,,False,E09000002,32.768,42.933665428953844,London
2015,Barnet,,,,,,,,,2.6,1875.0,None,,False,E09000003,16.148,38.45173284992435,London
2015,Barnsley,,,,,,,,,0.8,1494.0,Delivering Better Value,,False,E08000016,29.933,-86.15047015304681,Yorkshire and The Humber
2015,Bath and North East Somerset,,,,,,,,,0.2,902.0,None,,False,E06000022,11.745,-174.57691101282896,South West
2015,Bedford,,,,,,,,,0.4,913.0,None,,False,E06000055,18.932,8.299313315352013,East of England
2015,Bexley,,,,,,,,,2.5,1439.0,Delivering Better Value,,False,E09000004,16.273,-25.38016868957005,London
2015,Birmingham,,,,,,,,,1.9,7771.0,None,,False,E08000025,38.067,58.72653275231282,West Midlands
2015,Blackburn with Darwen,,,,,,,,,0.0,508.0,Delivering Better Value,,False,E06000008,36.013,36.111653045083045,North West
2015,Blackpool,,,,,,,,,0.5,606.0,None,,False,E06000009,45.039,-23.27175770061806,North West
2015,Bolton,,,,,,,,,0.1,1555.0,Delivering Better Value,,False,E08000001,30.691,-59.496577305974945,North West
2015,"Bournemouth, Christchurch and Poole5",,,,,,,,,,,None,,False,,,,
2015,Bracknell Forest,,,,,,,,,0.4,683.0,Safety Valve,2022.0,False,E06000036,10.241,-203.65135525188293,South East
2015,Bradford,,,,,,,,,0.2,2343.0,Delivering Better Value,,False,E08000032,34.666,88.76165870074132,Yorkshire and The Humber
2015,Brent,,,,,,,,,1.6,1921.0,None,,False,E09000005,25.558,-65.47638592539909,London
2015,Brighton and Hove,,,,,,,,,1.1,1193.0,None,,False,E06000043,20.761,9.199525129182183,South East
2015,"Bristol, City of",,,,,,,,,1.2,2125.0,None,,False,E06000023,26.363,-132.19450500904907,South West
2015,Bromley,,,,,,,,,1.5,2001.0,None,,False,E09000006,14.163,-69.66255410883606,London
2015,Buckinghamshire,,,,,,,,,0.9,3498.0,None,,False,E10000002,10.7,,South East
2015,Bury,,,,,,,,,0.4,1310.0,Delivering Better Value,,False,E08000002,23.682,-148.92288950561507,North West
2015,Calderdale,,,,,,,,,0.2,1030.0,Delivering Better Value,,False,E08000033,26.351,-41.74828869859278,Yorkshire and The Humber
2015,Cambridgeshire,,,,,,,,,1.6,3479.0,Safety Valve,2022.0,False,E10000003,15.4,-96.53909491826376,East of England
2015,Camden,,,,,,,,,1.3,1087.0,None,,False,E09000007,20.131,187.75934422372356,London
2015,Central Bedfordshire,,,,,,,,,0.5,1238.0,None,,False,E06000056,12.152,-113.79511962203458,East of England
2015,Cheshire East,,,,,,,,,1.2,1707.0,Safety Valve,2023.0,False,E06000049,14.475,-323.92588794438404,North West
2015,Cheshire West and Chester,,,,,,,,,0.3,1763.0,None,,False,E06000050,18.083,-33.822279680324016,North West
2015,City of London,,,,,,,,,7.7,13.0,None,,True,,,,
2015,Cornwall,,,,,,,,,0.4,2272.0,Delivering Better Value,,False,E06000052,23.072,-76.45536083436696,South West
2015,County Durham,,,,,,,,,0.5,2688.0,None,,False,E06000047,26.793,-29.864810868407034,North East
2015,Coventry,,,,,,,,,1.0,1641.0,Delivering Better Value,,False,E08000026,25.613,55.693984850385796,West Midlands
2015,Croydon,,,,,,,,,2.0,2246.0,Delivering Better Value,,False,E09000008,22.477,-44.38230137921405,London
2015,Cumberland8,,,,,,,,,,,None,,False,,,,
2015,Cumbria8,,,,,,,,,0.3,2501.0,None,,False,,,,
2015,Darlington,,,,,,,,,0.4,469.0,Delivering Better Value,,False,E06000005,25.657,-28.388131220051605,North East
2015,Derby,,,,,,,,,1.3,1356.0,Delivering Better Value,,False,E06000015,26.323,-66.5338940391795,East Midlands
2015,Derbyshire,,,,,,,,,1.4,3569.0,Safety Valve,2023.0,False,E10000007,22.1,-37.878031061676296,East Midlands
2015,Devon,,,,,,,,,0.5,3624.0,Safety Valve,2024.0,False,E10000008,18.0,-261.58204279188436,South West
2015,Doncaster,,,,,,,,,0.1,1350.0,Delivering Better Value,,False,E08000017,30.289,-127.33109562313943,Yorkshire and The Humber
2015,Dorset6,,,,,,,,,0.6,1556.0,None,,False,,,,
2015,Dudley,,,,,,,,,1.1,1427.0,None,,False,E08000027,24.103,-146.80117377612368,West Midlands
2015,Ealing,,,,,,,,,2.2,1985.0,None,,False,E09000009,22.71,-7.920287564501248,London
2015,East Riding of Yorkshire,,,,,,,,,0.2,1496.0,Delivering Better Value,,False,E06000011,15.605,-127.50211638484473,Yorkshire and The Humber
2015,East Sussex,,,,,,,,,2.5,2916.0,Safety Valve,2022.0,False,E10000011,21.4,53.82573179033356,South East
2015,Enfield,,,,,,,,,0.5,1494.0,None,,False,E09000010,25.781,-65.40398666382919,London
2015,Essex,,,,,,,,,1.1,7737.0,Safety Valve,2023.0,False,E10000012,19.7,38.84799113800008,East of England
2015,Gateshead,,,,,,,,,0.7,1017.0,Delivering Better Value,,False,E08000037,28.217,22.377263150964513,North East
2015,Gloucestershire,,,,,,,,,1.2,2686.0,Safety Valve,2022.0,False,E10000013,16.2,-112.53492330548914,South West
2015,Greenwich,,,,,,,,,2.2,1358.0,Delivering Better Value,,False,E09000011,24.464,4.333130182939534,London
2015,Hackney,,,,,,,,,1.1,1840.0,None,,False,E09000012,32.526,-111.47546155643842,London
2015,Halton,,,,,,,,,0.8,516.0,Delivering Better Value,,False,E06000006,32.325,-72.18010796221323,North West
2015,Hammersmith and Fulham,,,,,,,,,2.4,842.0,None,,False,E09000013,22.27,-21.469485589619932,London
2015,Hampshire,,,,,,,,,1.9,5917.0,Safety Valve,2022.0,False,E10000014,14.6,-156.1640891218873,South East
2015,Haringey,,,,,,,,,1.3,1490.0,None,,False,E09000014,27.956,-58.23547879733717,London
2015,Harrow,,,,,,,,,1.1,1372.0,None,,False,E09000015,15.031,-6.770715972043664,London
2015,Hartlepool,,,,,,,,,0.0,468.0,Delivering Better Value,,False,E06000001,35.037,-26.291399166059964,North East
2015,Havering,,,,,,,,,0.6,1083.0,Delivering Better Value,,False,E09000016,16.789,-86.83666379036286,London
2015,Herefordshire,,,,,,,,,0.8,748.0,None,,False,,,,
2015,Hertfordshire,,,,,,,,,2.1,4647.0,Safety Valve,2022.0,False,E10000015,13.8,1.661850229832579,East of England
2015,Hillingdon,,,,,,,,,1.2,1731.0,Delivering Better Value,,False,E09000017,18.223,-112.61657518340634,London
2015,Hounslow,,,,,,,,,1.6,1656.0,Delivering Better Value,,False,E09000018,21.487,-57.99421664690341,London
2015,Isle of Wight,,,,,,,,,0.7,688.0,Safety Valve,2022.0,False,E06000046,23.294,-96.87536001880915,South East
2015,Isles of Scilly,,,,,,,,,0.0,9.0,None,,True,,,,
2015,Islington,,,,,,,,,0.6,965.0,None,,False,E09000019,27.535,60.070500270754366,London
2015,Kensington and Chelsea,,,,,,,,,2.8,604.0,None,,False,E09000020,21.526,-43.11157059314954,London
2015,Kent,,,,,,,,,2.2,7339.0,Safety Valve,2023.0,False,E10000016,22.4,-62.02411711255822,South East
2015,Kingston upon Hull,,,,,,,,,0.7,1383.0,Delivering Better Value,,False,,,,
2015,Kingston upon Thames,,,,,,,,,2.3,917.0,None,,False,E09000021,11.381,-37.8047600619195,London
2015,Kirklees,,,,,,,,,0.9,2289.0,Delivering Better Value,,False,E08000034,25.151,-160.3226600804439,Yorkshire and The Humber
2015,Knowsley,,,,,,,,,0.0,1008.0,Delivering Better Value,,False,E08000011,43.006,-148.86696445017498,North West
2015,Lambeth,,,,,,,,,2.5,1632.0,None,,False,E09000022,25.422,52.10278945099941,London
2015,Lancashire,,,,,,,,,1.3,5350.0,Delivering Better Value,,False,E10000017,27.3,24.810005761888608,North West
2015,Leeds,,,,,,,,,0.2,2533.0,Delivering Better Value,,False,E08000035,27.301,11.78571767609645,Yorkshire and The Humber
2015,Leicester,,,,,,,,,1.0,1674.0,Delivering Better Value,,False,E06000016,30.877,-38.18949493350222,East Midlands
2015,Leicestershire,,,,,,,,,0.5,3014.0,None,,False,E10000018,15.6,-74.55000931272117,East Midlands
2015,Lewisham,,,,,,,,,2.3,1580.0,None,,False,E09000023,26.661,-97.19346274264245,London
2015,Lincolnshire,,,,,,,,,1.0,3532.0,Delivering Better Value,,False,E10000019,20.5,36.53392576634801,East Midlands
2015,Liverpool,,,,,,,,,0.8,1845.0,Delivering Better Value,,False,E08000012,42.412,17.841847450166636,North West
2015,Luton,,,,,,,,,0.5,1284.0,Delivering Better Value,,False,E06000032,25.908,30.45496371484134,East of England
2015,Manchester,,,,,,,,,1.6,2753.0,Delivering Better Value,,False,E08000003,40.005,-19.53325473351156,North West
2015,Medway,,,,,,,,,1.9,1803.0,Safety Valve,2022.0,False,E06000035,23.936,-91.57543523051623,South East
2015,Merton,,,,,,,,,1.6,1123.0,None,,False,E09000024,14.649,-319.56073144273984,London
2015,Middlesbrough,,,,,,,,,0.0,950.0,Delivering Better Value,,False,E06000002,40.46,-138.04170207834352,North East
2015,Milton Keynes,,,,,,,,,0.5,1621.0,Delivering Better Value,,False,E06000042,17.98,32.29915213042422,South East
2015,Newcastle upon Tyne,,,,,,,,,0.2,1085.0,Delivering Better Value,,False,E08000021,29.79,36.4919648950691,North East
2015,Newham,,,,,,,,,3.2,556.0,Delivering Better Value,,False,E09000025,29.577,-49.514351534773674,London
2015,Norfolk,,,,,,,,,0.8,4782.0,Safety Valve,2023.0,False,E10000020,22.5,-164.492957178028,East of England
2015,North East Lincolnshire,,,,,,,,,0.5,583.0,Delivering Better Value,,False,E06000012,31.335,-42.33630927402434,Yorkshire and The Humber
2015,North Lincolnshire,,,,,,,,,0.1,830.0,Delivering Better Value,,False,E06000013,22.096,71.31238773677335,Yorkshire and The Humber
2015,North Northamptonshire7,,,,,,,,,,,None,,False,,,,
2015,North Somerset,,,,,,,,,2.8,652.0,Delivering Better Value,,False,E06000024,15.825,-102.13023505914887,South West
2015,North Tyneside,,,,,,,,,0.4,1072.0,None,,False,E08000022,22.279,-66.34659380170548,North East
2015,North Yorkshire,,,,,,,,,1.2,2065.0,Safety Valve,2023.0,False,E10000023,14.2,380.0,Yorkshire and The Humber
2015,Northamptonshire7,,,,,,,,,1.7,3634.0,None,,False,,,,
2015,Northumberland,,,,,,,,,0.7,1530.0,None,,False,E06000057,22.079,6.381174708745347,North East
2015,Nottingham,,,,,,,,,1.2,814.0,Delivering Better Value,,False,E06000018,34.891,97.26733470005556,East Midlands
2015,Nottinghamshire,,,,,,,,,1.9,1850.0,Delivering Better Value,,False,E10000024,22.9,37.73897908683308,East Midlands
2015,Oldham,,,,,,,,,0.4,1302.0,Delivering Better Value,,False,E08000004,33.155,19.374544712383823,North West
2015,Oxfordshire,,,,,,,,,0.9,2550.0,Safety Valve,2023.0,False,E10000025,14.4,-95.9384876602658,South East
2015,Peterborough,,,,,,,,,0.5,1456.0,Safety Valve,2023.0,False,E06000031,27.821,12.817451756673462,East of England
2015,Plymouth,,,,,,,,,0.1,1671.0,Delivering Better Value,,False,E06000026,26.619,-26.748704272128013,South West
2015,Portsmouth,,,,,,,,,0.5,1062.0,Delivering Better Value,,False,E06000044,26.899,95.12746934040437,South East
2015,Reading,,,,,,,,,0.6,1050.0,Delivering Better Value,,False,E06000038,19.619,-85.46871819107169,South East
2015,Redbridge,,,,,,,,,1.0,1614.0,None,,False,E09000026,17.203,29.981096213470547,London
2015,Redcar and Cleveland,,,,,,,,,0.0,885.0,Delivering Better Value,,False,E06000003,29.792,-71.6090027634839,North East
2015,Richmond upon Thames,,,,,,,,,3.2,1184.0,None,,False,E09000027,9.425,7.422471567831032,London
2015,Rochdale,,,,,,,,,0.2,1355.0,Delivering Better Value,,False,E08000005,34.415,-72.25118804721197,North West
2015,Rotherham,,,,,,,,,0.2,1261.0,Delivering Better Value,,False,E08000018,29.55,-5.372900729798646,Yorkshire and The Humber
2015,Rutland,,,,,,,,,0.5,193.0,None,,False,E06000017,8.381,-93.949263502455,East Midlands
2015,Salford,,,,,,,,,0.3,1350.0,Delivering Better Value,,False,E08000006,34.21,-46.366820609837525,North West
2015,Sandwell,,,,,,,,,0.8,1485.0,Delivering Better Value,,False,E08000028,34.884,22.346610102914603,West Midlands
2015,Sefton,,,,,,,,,1.4,1047.0,Delivering Better Value,,False,E08000014,27.035,-213.58020931882686,North West
2015,Sheffield,,,,,,,,,1.6,2475.0,Delivering Better Value,,False,E08000019,27.06,35.665567537989766,Yorkshire and The Humber
2015,Shropshire,,,,,,,,,0.3,1805.0,Safety Valve,2024.0,False,E06000051,17.153,-12.998871841155236,West Midlands
2015,Slough,,,,,,,,,0.7,977.0,Delivering Better Value,,False,E06000039,22.965,-62.28004973551058,South East
2015,Solihull,,,,,,,,,1.5,1293.0,None,,False,E08000029,17.37,-123.91724224463458,West Midlands
2015,Somerset,,,,,,,,,2.7,1347.0,Safety Valve,2022.0,False,E10000027,15.1,420.0,South West
2015,South Gloucestershire,,,,,,,,,1.1,1591.0,None,,False,E06000025,11.66,-163.35867004568817,South West
2015,South Tyneside,,,,,,,,,0.1,730.0,Delivering Better Value,,False,E08000023,31.509,-76.94695918101766,North East
2015,Southampton,,,,,,,,,2.8,1064.0,Delivering Better Value,,False,E06000045,26.876,-49.52128400981267,South East
2015,Southend-on-Sea,,,,,,,,,1.1,1046.0,Safety Valve,2022.0,False,E06000033,22.375,89.0245192454676,East of England
2015,Southwark,,,,,,,,,1.2,1701.0,None,,False,E09000028,25.811,-45.71678839010263,London
2015,St. Helens,,,,,,,,,1.6,557.0,None,,False,E08000013,31.518,17.166605832755412,North West
2015,Staffordshire,,,,,,,,,1.6,3936.0,None,,False,E10000028,21.8,-59.295914560029544,West Midlands
2015,Stockport,,,,,,,,,0.6,1785.0,Delivering Better Value,,False,E08000007,20.826,-124.0442509218942,North West
2015,Stockton-on-Tees,,,,,,,,,0.6,1133.0,Delivering Better Value,,False,E06000004,25.79,-27.798582847773254,North East
2015,Stoke-on-Trent,,,,,,,,,0.6,1574.0,Delivering Better Value,,False,E06000021,34.504,-73.32441752980493,West Midlands
2015,Suffolk,,,,,,,,,2.0,3092.0,Safety Valve,2023.0,False,E10000029,18.5,-121.58468249402205,East of England
2015,Sunderland,,,,,,,,,0.7,1370.0,Delivering Better Value,,False,E08000024,30.586,-53.66217431431479,North East
2015,Surrey,,,,,,,,,2.4,5985.0,Safety Valve,2022.0,False,E10000030,11.2,-97.4078183412789,South East
2015,Sutton,,,,,,,,,2.0,1371.0,None,,False,E09000029,13.987,-8.113658104103964,London
2015,Swindon,,,,,,,,,1.2,1423.0,Safety Valve,2022.0,False,E06000030,18.622,-55.86907359123078,South West
2015,Tameside,,,,,,,,,1.4,701.0,Delivering Better Value,,False,E08000008,31.374,-52.72066292612881,North West
2015,Telford and Wrekin,,,,,,,,,1.4,1114.0,None,,False,E06000020,24.988,-13.558122582564712,West Midlands
2015,Thurrock,,,,,,,,,0.6,1108.0,Safety Valve,2022.0,False,E06000034,20.928,4.968631748234107,East of England
2015,Torbay,,,,,,,,,0.2,1054.0,None,,False,E06000027,28.104,-68.62511883912934,South West
2015,Tower Hamlets,,,,,,,,,0.6,2145.0,Delivering Better Value,,False,E09000030,27.913,-84.19037917313871,London
2015,Trafford,,,,,,,,,0.9,1510.0,Delivering Better Value,,False,E08000009,16.088,-53.30755182625864,North West
2015,Wakefield,,,,,,,,,0.1,1581.0,Delivering Better Value,,False,E08000036,27.306,15.805416373526434,Yorkshire and The Humber
2015,Walsall,,,,,,,,,0.7,1616.0,Delivering Better Value,,False,E08000030,31.555,-33.44929665322653,West Midlands
2015,Waltham Forest,,,,,,,,,0.5,1442.0,None,,False,E09000031,25.209,-5.266610898661568,London
2015,Wandsworth,,,,,,,,,1.7,1462.0,None,,False,E09000032,16.611,-82.66153075583753,London
2015,Warrington,,,,,,,,,0.2,1238.0,None,,False,E06000007,18.942,5.489054224843525,North West
2015,Warwickshire,,,,,,,,,0.3,3117.0,Safety Valve,2024.0,False,E10000031,16.1,-84.70726177481714,West Midlands
2015,West Berkshire,,,,,,,,,0.6,865.0,None,,False,E06000037,9.952,-78.25796647785617,South East
2015,West Northamptonshire7,,,,,,,,,,,None,,False,,,,
2015,West Sussex,,,,,,,,,0.5,4015.0,Safety Valve,2022.0,False,E10000032,14.5,-134.77971750030574,South East
2015,Westminster,,,,,,,,,2.4,1110.0,None,,False,E09000033,20.339,35.13358481180567,London
2015,Westmorland and Furness8,,,,,,,,,,,None,,False,,,,
2015,Wigan,,,,,,,,,0.1,1426.0,Delivering Better Value,,False,E08000010,25.713,-3.5805263373306593,North West
2015,Wiltshire,,,,,,,,,1.5,2405.0,Safety Valve,2024.0,False,E06000054,13.447,-94.65312252703772,South West
2015,Windsor and Maidenhead,,,,,,,,,0.2,805.0,None,,False,E06000040,8.376,-9.708242165443252,South East
2015,Wirral,,,,,,,,,0.6,1782.0,Delivering Better Value,,False,E08000015,29.589,-63.00319654637175,North West
2015,Wokingham,,,,,,,,,1.4,782.0,None,,False,E06000041,5.846,-146.7285510909672,South East
2015,Wolverhampton,,,,,,,,,0.7,1348.0,Delivering Better Value,,False,E08000031,32.102,14.760040122277417,West Midlands
2015,Worcestershire,,,,,,,,,1.2,2593.0,Safety Valve,2022.0,False,E10000034,18.9,-121.71695768259714,West Midlands
2015,York,,,,,,,,,0.5,578.0,None,,False,E06000014,11.727,-2.62102117240386,Yorkshire and The Humber
2016,Barking and Dagenham,,,,,,,,,1.4,1323.0,None,,False,E09000002,32.768,42.933665428953844,London
2016,Barnet,,,,,,,,,1.9,2200.0,None,,False,E09000003,16.148,38.45173284992435,London
2016,Barnsley,,,,,,,,,0.7,1702.0,Delivering Better Value,,False,E08000016,29.933,-86.15047015304681,Yorkshire and The Humber
2016,Bath and North East Somerset,,,,,,,,,0.6,1077.0,None,,False,E06000022,11.745,-174.57691101282896,South West
2016,Bedford,,,,,,,,,0.6,1043.0,None,,False,E06000055,18.932,8.299313315352013,East of England
2016,Bexley,,,,,,,,,1.1,1630.0,Delivering Better Value,,False,E09000004,16.273,-25.38016868957005,London
2016,Birmingham,,,,,,,,,2.1,8093.0,None,,False,E08000025,38.067,58.72653275231282,West Midlands
2016,Blackburn with Darwen,,,,,,,,,0.1,700.0,Delivering Better Value,,False,E06000008,36.013,36.111653045083045,North West
2016,Blackpool,,,,,,,,,0.1,671.0,None,,False,E06000009,45.039,-23.27175770061806,North West
2016,Bolton,,,,,,,,,0.2,1811.0,Delivering Better Value,,False,E08000001,30.691,-59.496577305974945,North West
2016,"Bournemouth, Christchurch and Poole5",,,,,,,,,,,None,,False,,,,
2016,Bracknell Forest,,,,,,,,,1.2,760.0,Safety Valve,2022.0,False,E06000036,10.241,-203.65135525188293,South East
2016,Bradford,,,,,,,,,0.2,2815.0,Delivering Better Value,,False,E08000032,34.666,88.76165870074132,Yorkshire and The Humber
2016,Brent,,,,,,,,,1.3,2037.0,None,,False,E09000005,25.558,-65.47638592539909,London
2016,Brighton and Hove,,,,,,,,,0.8,1191.0,None,,False,E06000043,20.761,9.199525129182183,South East
2016,"Bristol, City of",,,,,,,,,1.5,2340.0,None,,False,E06000023,26.363,-132.19450500904907,South West
2016,Bromley,,,,,,,,,1.6,2039.0,None,,False,E09000006,14.163,-69.66255410883606,London
2016,Buckinghamshire,,,,,,,,,1.3,3790.0,None,,False,E10000002,10.7,,South East
2016,Bury,,,,,,,,,0.7,1462.0,Delivering Better Value,,False,E08000002,23.682,-148.92288950561507,North West
2016,Calderdale,,,,,,,,,0.6,1132.0,Delivering Better Value,,False,E08000033,26.351,-41.74828869859278,Yorkshire and The Humber
2016,Cambridgeshire,,,,,,,,,1.6,3955.0,Safety Valve,2022.0,False,E10000003,15.4,-96.53909491826376,East of England
2016,Camden,,,,,,,,,1.2,1209.0,None,,False,E09000007,20.131,187.75934422372356,London
2016,Central Bedfordshire,,,,,,,,,0.5,1513.0,None,,False,E06000056,12.152,-113.79511962203458,East of England
2016,Cheshire East,,,,,,,,,1.5,2072.0,Safety Valve,2023.0,False,E06000049,14.475,-323.92588794438404,North West
2016,Cheshire West and Chester,,,,,,,,,0.6,1974.0,None,,False,E06000050,18.083,-33.822279680324016,North West
2016,City of London,,,,,,,,,0.0,16.0,None,,True,,,,
2016,Cornwall,,,,,,,,,1.0,2581.0,Delivering Better Value,,False,E06000052,23.072,-76.45536083436696,South West
2016,County Durham,,,,,,,,,0.4,3096.0,None,,False,E06000047,26.793,-29.864810868407034,North East
2016,Coventry,,,,,,,,,1.4,1771.0,Delivering Better Value,,False,E08000026,25.613,55.693984850385796,West Midlands
2016,Croydon,,,,,,,,,2.0,2577.0,Delivering Better Value,,False,E09000008,22.477,-44.38230137921405,London
2016,Cumberland8,,,,,,,,,,,None,,False,,,,
2016,Cumbria8,,,,,,,,,0.3,2872.0,None,,False,,,,
2016,Darlington,,,,,,,,,0.0,557.0,Delivering Better Value,,False,E06000005,25.657,-28.388131220051605,North East
2016,Derby,,,,,,,,,1.4,1604.0,Delivering Better Value,,False,E06000015,26.323,-66.5338940391795,East Midlands
2016,Derbyshire,,,,,,,,,1.7,3632.0,Safety Valve,2023.0,False,E10000007,22.1,-37.878031061676296,East Midlands
2016,Devon,,,,,,,,,0.9,3902.0,Safety Valve,2024.0,False,E10000008,18.0,-261.58204279188436,South West
2016,Doncaster,,,,,,,,,0.4,1562.0,Delivering Better Value,,False,E08000017,30.289,-127.33109562313943,Yorkshire and The Humber
2016,Dorset6,,,,,,,,,0.9,1990.0,None,,False,,,,
2016,Dudley,,,,,,,,,2.0,1513.0,None,,False,E08000027,24.103,-146.80117377612368,West Midlands
2016,Ealing,,,,,,,,,2.4,2174.0,None,,False,E09000009,22.71,-7.920287564501248,London
2016,East Riding of Yorkshire,,,,,,,,,1.0,1642.0,Delivering Better Value,,False,E06000011,15.605,-127.50211638484473,Yorkshire and The Humber
2016,East Sussex,,,,,,,,,3.0,3199.0,Safety Valve,2022.0,False,E10000011,21.4,53.82573179033356,South East
2016,Enfield,,,,,,,,,0.4,2097.0,None,,False,E09000010,25.781,-65.40398666382919,London
2016,Essex,,,,,,,,,1.3,8449.0,Safety Valve,2023.0,False,E10000012,19.7,38.84799113800008,East of England
2016,Gateshead,,,,,,,,,2.3,1171.0,Delivering Better Value,,False,E08000037,28.217,22.377263150964513,North East
2016,Gloucestershire,,,,,,,,,1.3,3077.0,Safety Valve,2022.0,False,E10000013,16.2,-112.53492330548914,South West
2016,Greenwich,,,,,,,,,2.5,1530.0,Delivering Better Value,,False,E09000011,24.464,4.333130182939534,London
2016,Hackney,,,,,,,,,0.5,1900.0,None,,False,E09000012,32.526,-111.47546155643842,London
2016,Halton,,,,,,,,,1.0,622.0,Delivering Better Value,,False,E06000006,32.325,-72.18010796221323,North West
2016,Hammersmith and Fulham,,,,,,,,,2.4,836.0,None,,False,E09000013,22.27,-21.469485589619932,London
2016,Hampshire,,,,,,,,,2.7,6991.0,Safety Valve,2022.0,False,E10000014,14.6,-156.1640891218873,South East
2016,Haringey,,,,,,,,,1.1,1667.0,None,,False,E09000014,27.956,-58.23547879733717,London
2016,Harrow,,,,,,,,,0.8,1557.0,None,,False,E09000015,15.031,-6.770715972043664,London
2016,Hartlepool,,,,,,,,,0.0,518.0,Delivering Better Value,,False,E06000001,35.037,-26.291399166059964,North East
2016,Havering,,,,,,,,,0.6,1244.0,Delivering Better Value,,False,E09000016,16.789,-86.83666379036286,London
2016,Herefordshire,,,,,,,,,1.2,842.0,None,,False,,,,
2016,Hertfordshire,,,,,,,,,1.7,5364.0,Safety Valve,2022.0,False,E10000015,13.8,1.661850229832579,East of England
2016,Hillingdon,,,,,,,,,1.5,1928.0,Delivering Better Value,,False,E09000017,18.223,-112.61657518340634,London
2016,Hounslow,,,,,,,,,1.2,1922.0,Delivering Better Value,,False,E09000018,21.487,-57.99421664690341,London
2016,Isle of Wight,,,,,,,,,1.3,934.0,Safety Valve,2022.0,False,E06000046,23.294,-96.87536001880915,South East
2016,Isles of Scilly,,,,,,,,,0.0,10.0,None,,True,,,,
2016,Islington,,,,,,,,,0.8,1044.0,None,,False,E09000019,27.535,60.070500270754366,London
2016,Kensington and Chelsea,,,,,,,,,3.7,517.0,None,,False,E09000020,21.526,-43.11157059314954,London
2016,Kent,,,,,,,,,1.9,8685.0,Safety Valve,2023.0,False,E10000016,22.4,-62.02411711255822,South East
2016,Kingston upon Hull,,,,,,,,,0.9,1516.0,Delivering Better Value,,False,,,,
2016,Kingston upon Thames,,,,,,,,,2.0,984.0,None,,False,E09000021,11.381,-37.8047600619195,London
2016,Kirklees,,,,,,,,,0.9,2522.0,Delivering Better Value,,False,E08000034,25.151,-160.3226600804439,Yorkshire and The Humber
2016,Knowsley,,,,,,,,,0.1,1129.0,Delivering Better Value,,False,E08000011,43.006,-148.86696445017498,North West
2016,Lambeth,,,,,,,,,2.0,1917.0,None,,False,E09000022,25.422,52.10278945099941,London
2016,Lancashire,,,,,,,,,0.7,6056.0,Delivering Better Value,,False,E10000017,27.3,24.810005761888608,North West
2016,Leeds,,,,,,,,,0.5,3098.0,Delivering Better Value,,False,E08000035,27.301,11.78571767609645,Yorkshire and The Humber
2016,Leicester,,,,,,,,,1.3,1966.0,Delivering Better Value,,False,E06000016,30.877,-38.18949493350222,East Midlands
2016,Leicestershire,,,,,,,,,1.1,3394.0,None,,False,E10000018,15.6,-74.55000931272117,East Midlands
2016,Lewisham,,,,,,,,,3.2,1855.0,None,,False,E09000023,26.661,-97.19346274264245,London
2016,Lincolnshire,,,,,,,,,1.4,4133.0,Delivering Better Value,,False,E10000019,20.5,36.53392576634801,East Midlands
2016,Liverpool,,,,,,,,,1.0,2266.0,Delivering Better Value,,False,E08000012,42.412,17.841847450166636,North West
2016,Luton,,,,,,,,,0.7,1374.0,Delivering Better Value,,False,E06000032,25.908,30.45496371484134,East of England
2016,Manchester,,,,,,,,,1.0,3349.0,Delivering Better Value,,False,E08000003,40.005,-19.53325473351156,North West
2016,Medway,,,,,,,,,1.9,1951.0,Safety Valve,2022.0,False,E06000035,23.936,-91.57543523051623,South East
2016,Merton,,,,,,,,,0.7,1282.0,None,,False,E09000024,14.649,-319.56073144273984,London
2016,Middlesbrough,,,,,,,,,0.1,1104.0,Delivering Better Value,,False,E06000002,40.46,-138.04170207834352,North East
2016,Milton Keynes,,,,,,,,,0.6,1734.0,Delivering Better Value,,False,E06000042,17.98,32.29915213042422,South East
2016,Newcastle upon Tyne,,,,,,,,,0.1,1336.0,Delivering Better Value,,False,E08000021,29.79,36.4919648950691,North East
2016,Newham,,,,,,,,,3.1,667.0,Delivering Better Value,,False,E09000025,29.577,-49.514351534773674,London
2016,Norfolk,,,,,,,,,0.8,5885.0,Safety Valve,2023.0,False,E10000020,22.5,-164.492957178028,East of England
2016,North East Lincolnshire,,,,,,,,,0.9,666.0,Delivering Better Value,,False,E06000012,31.335,-42.33630927402434,Yorkshire and The Humber
2016,North Lincolnshire,,,,,,,,,0.0,976.0,Delivering Better Value,,False,E06000013,22.096,71.31238773677335,Yorkshire and The Humber
2016,North Northamptonshire7,,,,,,,,,,,None,,False,,,,
2016,North Somerset,,,,,,,,,4.2,719.0,Delivering Better Value,,False,E06000024,15.825,-102.13023505914887,South West
2016,North Tyneside,,,,,,,,,1.1,1135.0,None,,False,E08000022,22.279,-66.34659380170548,North East
2016,North Yorkshire,,,,,,,,,1.1,2417.0,Safety Valve,2023.0,False,E10000023,14.2,380.0,Yorkshire and The Humber
2016,Northamptonshire7,,,,,,,,,1.8,3960.0,None,,False,,,,
2016,Northumberland,,,,,,,,,0.6,1701.0,None,,False,E06000057,22.079,6.381174708745347,North East
2016,Nottingham,,,,,,,,,1.9,941.0,Delivering Better Value,,False,E06000018,34.891,97.26733470005556,East Midlands
2016,Nottinghamshire,,,,,,,,,1.6,2398.0,Delivering Better Value,,False,E10000024,22.9,37.73897908683308,East Midlands
2016,Oldham,,,,,,,,,0.8,1535.0,Delivering Better Value,,False,E08000004,33.155,19.374544712383823,North West
2016,Oxfordshire,,,,,,,,,0.9,2902.0,Safety Valve,2023.0,False,E10000025,14.4,-95.9384876602658,South East
2016,Peterborough,,,,,,,,,0.5,1634.0,Safety Valve,2023.0,False,E06000031,27.821,12.817451756673462,East of England
2016,Plymouth,,,,,,,,,0.1,1814.0,Delivering Better Value,,False,E06000026,26.619,-26.748704272128013,South West
2016,Portsmouth,,,,,,,,,0.7,1320.0,Delivering Better Value,,False,E06000044,26.899,95.12746934040437,South East
2016,Reading,,,,,,,,,1.1,1134.0,Delivering Better Value,,False,E06000038,19.619,-85.46871819107169,South East
2016,Redbridge,,,,,,,,,1.2,1774.0,None,,False,E09000026,17.203,29.981096213470547,London
2016,Redcar and Cleveland,,,,,,,,,0.3,1066.0,Delivering Better Value,,False,E06000003,29.792,-71.6090027634839,North East
2016,Richmond upon Thames,,,,,,,,,2.4,1263.0,None,,False,E09000027,9.425,7.422471567831032,London
2016,Rochdale,,,,,,,,,0.4,1514.0,Delivering Better Value,,False,E08000005,34.415,-72.25118804721197,North West
2016,Rotherham,,,,,,,,,0.1,1558.0,Delivering Better Value,,False,E08000018,29.55,-5.372900729798646,Yorkshire and The Humber
2016,Rutland,,,,,,,,,3.0,199.0,None,,False,E06000017,8.381,-93.949263502455,East Midlands
2016,Salford,,,,,,,,,0.4,1523.0,Delivering Better Value,,False,E08000006,34.21,-46.366820609837525,North West
2016,Sandwell,,,,,,,,,0.9,1698.0,Delivering Better Value,,False,E08000028,34.884,22.346610102914603,West Midlands
2016,Sefton,,,,,,,,,2.0,1175.0,Delivering Better Value,,False,E08000014,27.035,-213.58020931882686,North West
2016,Sheffield,,,,,,,,,1.4,2695.0,Delivering Better Value,,False,E08000019,27.06,35.665567537989766,Yorkshire and The Humber
2016,Shropshire,,,,,,,,,0.1,1820.0,Safety Valve,2024.0,False,E06000051,17.153,-12.998871841155236,West Midlands
2016,Slough,,,,,,,,,0.3,1425.0,Delivering Better Value,,False,E06000039,22.965,-62.28004973551058,South East
2016,Solihull,,,,,,,,,1.3,1491.0,None,,False,E08000029,17.37,-123.91724224463458,West Midlands
2016,Somerset,,,,,,,,,2.7,1604.0,Safety Valve,2022.0,False,E10000027,15.1,420.0,South West
2016,South Gloucestershire,,,,,,,,,1.3,1872.0,None,,False,E06000025,11.66,-163.35867004568817,South West
2016,South Tyneside,,,,,,,,,0.5,977.0,Delivering Better Value,,False,E08000023,31.509,-76.94695918101766,North East
2016,Southampton,,,,,,,,,2.9,1258.0,Delivering Better Value,,False,E06000045,26.876,-49.52128400981267,South East
2016,Southend-on-Sea,,,,,,,,,1.0,1154.0,Safety Valve,2022.0,False,E06000033,22.375,89.0245192454676,East of England
2016,Southwark,,,,,,,,,1.5,2049.0,None,,False,E09000028,25.811,-45.71678839010263,London
2016,St. Helens,,,,,,,,,1.3,671.0,None,,False,E08000013,31.518,17.166605832755412,North West
2016,Staffordshire,,,,,,,,,1.9,4303.0,None,,False,E10000028,21.8,-59.295914560029544,West Midlands
2016,Stockport,,,,,,,,,0.7,2097.0,Delivering Better Value,,False,E08000007,20.826,-124.0442509218942,North West
2016,Stockton-on-Tees,,,,,,,,,0.6,1200.0,Delivering Better Value,,False,E06000004,25.79,-27.798582847773254,North East
2016,Stoke-on-Trent,,,,,,,,,0.6,1875.0,Delivering Better Value,,False,E06000021,34.504,-73.32441752980493,West Midlands
2016,Suffolk,,,,,,,,,1.6,3558.0,Safety Valve,2023.0,False,E10000029,18.5,-121.58468249402205,East of England
2016,Sunderland,,,,,,,,,0.6,1420.0,Delivering Better Value,,False,E08000024,30.586,-53.66217431431479,North East
2016,Surrey,,,,,,,,,2.5,7623.0,Safety Valve,2022.0,False,E10000030,11.2,-97.4078183412789,South East
2016,Sutton,,,,,,,,,1.5,1631.0,None,,False,E09000029,13.987,-8.113658104103964,London
2016,Swindon,,,,,,,,,0.7,1511.0,Safety Valve,2022.0,False,E06000030,18.622,-55.86907359123078,South West
2016,Tameside,,,,,,,,,0.4,829.0,Delivering Better Value,,False,E08000008,31.374,-52.72066292612881,North West
2016,Telford and Wrekin,,,,,,,,,0.9,1433.0,None,,False,E06000020,24.988,-13.558122582564712,West Midlands
2016,Thurrock,,,,,,,,,0.4,1346.0,Safety Valve,2022.0,False,E06000034,20.928,4.968631748234107,East of England
2016,Torbay,,,,,,,,,0.1,1176.0,None,,False,E06000027,28.104,-68.62511883912934,South West
2016,Tower Hamlets,,,,,,,,,0.2,2285.0,Delivering Better Value,,False,E09000030,27.913,-84.19037917313871,London
2016,Trafford,,,,,,,,,1.5,1427.0,Delivering Better Value,,False,E08000009,16.088,-53.30755182625864,North West
2016,Wakefield,,,,,,,,,0.4,1707.0,Delivering Better Value,,False,E08000036,27.306,15.805416373526434,Yorkshire and The Humber
2016,Walsall,,,,,,,,,1.1,1571.0,Delivering Better Value,,False,E08000030,31.555,-33.44929665322653,West Midlands
2016,Waltham Forest,,,,,,,,,0.5,1479.0,None,,False,E09000031,25.209,-5.266610898661568,London
2016,Wandsworth,,,,,,,,,1.7,1627.0,None,,False,E09000032,16.611,-82.66153075583753,London
2016,Warrington,,,,,,,,,0.5,1315.0,None,,False,E06000007,18.942,5.489054224843525,North West
2016,Warwickshire,,,,,,,,,0.5,3458.0,Safety Valve,2024.0,False,E10000031,16.1,-84.70726177481714,West Midlands
2016,West Berkshire,,,,,,,,,0.9,978.0,None,,False,E06000037,9.952,-78.25796647785617,South East
2016,West Northamptonshire7,,,,,,,,,,,None,,False,,,,
2016,West Sussex,,,,,,,,,1.7,4822.0,Safety Valve,2022.0,False,E10000032,14.5,-134.77971750030574,South East
2016,Westminster,,,,,,,,,3.6,1039.0,None,,False,E09000033,20.339,35.13358481180567,London
2016,Westmorland and Furness8,,,,,,,,,,,None,,False,,,,
2016,Wigan,,,,,,,,,0.2,1563.0,Delivering Better Value,,False,E08000010,25.713,-3.5805263373306593,North West
2016,Wiltshire,,,,,,,,,2.1,2793.0,Safety Valve,2024.0,False,E06000054,13.447,-94.65312252703772,South West
2016,Windsor and Maidenhead,,,,,,,,,0.9,927.0,None,,False,E06000040,8.376,-9.708242165443252,South East
2016,Wirral,,,,,,,,,0.6,1890.0,Delivering Better Value,,False,E08000015,29.589,-63.00319654637175,North West
2016,Wokingham,,,,,,,,,0.8,837.0,None,,False,E06000041,5.846,-146.7285510909672,South East
2016,Wolverhampton,,,,,,,,,0.2,1405.0,Delivering Better Value,,False,E08000031,32.102,14.760040122277417,West Midlands
2016,Worcestershire,,,,,,,,,1.0,2869.0,Safety Valve,2022.0,False,E10000034,18.9,-121.71695768259714,West Midlands
2016,York,,,,,,,,,0.3,715.0,None,,False,E06000014,11.727,-2.62102117240386,Yorkshire and The Humber
2017,Barking and Dagenham,,,,,,,,,1.4,1539.0,None,,False,E09000002,32.768,42.933665428953844,London
2017,Barnet,,,,,,,,,1.9,2450.0,None,,False,E09000003,16.148,38.45173284992435,London
2017,Barnsley,,,,,,,,,0.3,1929.0,Delivering Better Value,,False,E08000016,29.933,-86.15047015304681,Yorkshire and The Humber
2017,Bath and North East Somerset,,,,,,,,,1.9,1204.0,None,,False,E06000022,11.745,-174.57691101282896,South West
2017,Bedford,,,,,,,,,0.6,1177.0,None,,False,E06000055,18.932,8.299313315352013,East of England
2017,Bexley,,,,,,,,,1.0,1717.0,Delivering Better Value,,False,E09000004,16.273,-25.38016868957005,London
2017,Birmingham,,,,,,,,,2.5,9470.0,None,,False,E08000025,38.067,58.72653275231282,West Midlands
2017,Blackburn with Darwen,,,,,,,,,0.1,808.0,Delivering Better Value,,False,E06000008,36.013,36.111653045083045,North West
2017,Blackpool,,,,,,,,,0.0,733.0,None,,False,E06000009,45.039,-23.27175770061806,North West
2017,Bolton,,,,,,,,,0.2,2112.0,Delivering Better Value,,False,E08000001,30.691,-59.496577305974945,North West
2017,"Bournemouth, Christchurch and Poole5",,,,,,,,,,,None,,False,,,,
2017,Bracknell Forest,,,,,,,,,0.9,746.0,Safety Valve,2022.0,False,E06000036,10.241,-203.65135525188293,South East
2017,Bradford,,,,,,,,,0.7,3304.0,Delivering Better Value,,False,E08000032,34.666,88.76165870074132,Yorkshire and The Humber
2017,Brent,,,,,,,,,2.8,2260.0,None,,False,E09000005,25.558,-65.47638592539909,London
2017,Brighton and Hove,,,,,,,,,1.3,1374.0,None,,False,E06000043,20.761,9.199525129182183,South East
2017,"Bristol, City of",,,,,,,,,2.5,2239.0,None,,False,E06000023,26.363,-132.19450500904907,South West
2017,Bromley,,,,,,,,,2.2,2222.0,None,,False,E09000006,14.163,-69.66255410883606,London
2017,Buckinghamshire,,,,,,,,,1.8,3847.0,None,,False,E10000002,10.7,,South East
2017,Bury,,,,,,,,,1.3,1574.0,Delivering Better Value,,False,E08000002,23.682,-148.92288950561507,North West
2017,Calderdale,,,,,,,,,0.4,1215.0,Delivering Better Value,,False,E08000033,26.351,-41.74828869859278,Yorkshire and The Humber
2017,Cambridgeshire,,,,,,,,,1.3,4016.0,Safety Valve,2022.0,False,E10000003,15.4,-96.53909491826376,East of England
2017,Camden,,,,,,,,,1.4,1246.0,None,,False,E09000007,20.131,187.75934422372356,London
2017,Central Bedfordshire,,,,,,,,,1.2,1560.0,None,,False,E06000056,12.152,-113.79511962203458,East of England
2017,Cheshire East,,,,,,,,,2.2,2035.0,Safety Valve,2023.0,False,E06000049,14.475,-323.92588794438404,North West
2017,Cheshire West and Chester,,,,,,,,,0.7,1969.0,None,,False,E06000050,18.083,-33.822279680324016,North West
2017,City of London,,,,,,,,,0.0,14.0,None,,True,,,,
2017,Cornwall,,,,,,,,,0.7,2721.0,Delivering Better Value,,False,E06000052,23.072,-76.45536083436696,South West
2017,County Durham,,,,,,,,,1.2,3221.0,None,,False,E06000047,26.793,-29.864810868407034,North East
2017,Coventry,,,,,,,,,0.9,1907.0,Delivering Better Value,,False,E08000026,25.613,55.693984850385796,West Midlands
2017,Croydon,,,,,,,,,1.8,2741.0,Delivering Better Value,,False,E09000008,22.477,-44.38230137921405,London
2017,Cumberland8,,,,,,,,,,,None,,False,,,,
2017,Cumbria8,,,,,,,,,0.5,2951.0,None,,False,,,,
2017,Darlington,,,,,,,,,0.3,694.0,Delivering Better Value,,False,E06000005,25.657,-28.388131220051605,North East
2017,Derby,,,,,,,,,3.5,1810.0,Delivering Better Value,,False,E06000015,26.323,-66.5338940391795,East Midlands
2017,Derbyshire,,,,,,,,,3.1,3598.0,Safety Valve,2023.0,False,E10000007,22.1,-37.878031061676296,East Midlands
2017,Devon,,,,,,,,,1.3,4360.0,Safety Valve,2024.0,False,E10000008,18.0,-261.58204279188436,South West
2017,Doncaster,,,,,,,,,0.2,1732.0,Delivering Better Value,,False,E08000017,30.289,-127.33109562313943,Yorkshire and The Humber
2017,Dorset6,,,,,,,,,2.6,2088.0,None,,False,,,,
2017,Dudley,,,,,,,,,1.9,1736.0,None,,False,E08000027,24.103,-146.80117377612368,West Midlands
2017,Ealing,,,,,,,,,1.4,2357.0,None,,False,E09000009,22.71,-7.920287564501248,London
2017,East Riding of Yorkshire,,,,,,,,,0.6,1743.0,Delivering Better Value,,False,E06000011,15.605,-127.50211638484473,Yorkshire and The Humber
2017,East Sussex,,,,,,,,,3.1,3477.0,Safety Valve,2022.0,False,E10000011,21.4,53.82573179033356,South East
2017,Enfield,,,,,,,,,0.2,2313.0,None,,False,E09000010,25.781,-65.40398666382919,London
2017,Essex,,,,,,,,,2.0,9079.0,Safety Valve,2023.0,False,E10000012,19.7,38.84799113800008,East of England
2017,Gateshead,,,,,,,,,2.0,1418.0,Delivering Better Value,,False,E08000037,28.217,22.377263150964513,North East
2017,Gloucestershire,,,,,,,,,0.9,3312.0,Safety Valve,2022.0,False,E10000013,16.2,-112.53492330548914,South West
2017,Greenwich,,,,,,,,,3.5,1750.0,Delivering Better Value,,False,E09000011,24.464,4.333130182939534,London
2017,Hackney,,,,,,,,,1.5,1989.0,None,,False,E09000012,32.526,-111.47546155643842,London
2017,Halton,,,,,,,,,0.5,736.0,Delivering Better Value,,False,E06000006,32.325,-72.18010796221323,North West
2017,Hammersmith and Fulham,,,,,,,,,1.6,932.0,None,,False,E09000013,22.27,-21.469485589619932,London
2017,Hampshire,,,,,,,,,2.4,7879.0,Safety Valve,2022.0,False,E10000014,14.6,-156.1640891218873,South East
2017,Haringey,,,,,,,,,1.0,2265.0,None,,False,E09000014,27.956,-58.23547879733717,London
2017,Harrow,,,,,,,,,1.3,1703.0,None,,False,E09000015,15.031,-6.770715972043664,London
2017,Hartlepool,,,,,,,,,0.0,534.0,Delivering Better Value,,False,E06000001,35.037,-26.291399166059964,North East
2017,Havering,,,,,,,,,0.7,1423.0,Delivering Better Value,,False,E09000016,16.789,-86.83666379036286,London
2017,Herefordshire,,,,,,,,,1.3,920.0,None,,False,,,,
2017,Hertfordshire,,,,,,,,,2.1,6079.0,Safety Valve,2022.0,False,E10000015,13.8,1.661850229832579,East of England
2017,Hillingdon,,,,,,,,,1.4,2214.0,Delivering Better Value,,False,E09000017,18.223,-112.61657518340634,London
2017,Hounslow,,,,,,,,,0.6,2032.0,Delivering Better Value,,False,E09000018,21.487,-57.99421664690341,London
2017,Isle of Wight,,,,,,,,,2.1,1142.0,Safety Valve,2022.0,False,E06000046,23.294,-96.87536001880915,South East
2017,Isles of Scilly,,,,,,,,,0.0,11.0,None,,True,,,,
2017,Islington,,,,,,,,,1.7,1170.0,None,,False,E09000019,27.535,60.070500270754366,London
2017,Kensington and Chelsea,,,,,,,,,2.4,548.0,None,,False,E09000020,21.526,-43.11157059314954,London
2017,Kent,,,,,,,,,2.4,10294.0,Safety Valve,2023.0,False,E10000016,22.4,-62.02411711255822,South East
2017,Kingston upon Hull,,,,,,,,,1.5,1655.0,Delivering Better Value,,False,,,,
2017,Kingston upon Thames,,,,,,,,,1.3,1073.0,None,,False,E09000021,11.381,-37.8047600619195,London
2017,Kirklees,,,,,,,,,1.2,2605.0,Delivering Better Value,,False,E08000034,25.151,-160.3226600804439,Yorkshire and The Humber
2017,Knowsley,,,,,,,,,0.3,1196.0,Delivering Better Value,,False,E08000011,43.006,-148.86696445017498,North West
2017,Lambeth,,,,,,,,,1.3,2261.0,None,,False,E09000022,25.422,52.10278945099941,London
2017,Lancashire,,,,,,,,,1.1,6837.0,Delivering Better Value,,False,E10000017,27.3,24.810005761888608,North West
2017,Leeds,,,,,,,,,0.7,3513.0,Delivering Better Value,,False,E08000035,27.301,11.78571767609645,Yorkshire and The Humber
2017,Leicester,,,,,,,,,1.9,2198.0,Delivering Better Value,,False,E06000016,30.877,-38.18949493350222,East Midlands
2017,Leicestershire,,,,,,,,,2.4,3935.0,None,,False,E10000018,15.6,-74.55000931272117,East Midlands
2017,Lewisham,,,,,,,,,2.0,2103.0,None,,False,E09000023,26.661,-97.19346274264245,London
2017,Lincolnshire,,,,,,,,,1.1,4761.0,Delivering Better Value,,False,E10000019,20.5,36.53392576634801,East Midlands
2017,Liverpool,,,,,,,,,0.7,2550.0,Delivering Better Value,,False,E08000012,42.412,17.841847450166636,North West
2017,Luton,,,,,,,,,0.7,1485.0,Delivering Better Value,,False,E06000032,25.908,30.45496371484134,East of England
2017,Manchester,,,,,,,,,1.1,3807.0,Delivering Better Value,,False,E08000003,40.005,-19.53325473351156,North West
2017,Medway,,,,,,,,,2.5,2250.0,Safety Valve,2022.0,False,E06000035,23.936,-91.57543523051623,South East
2017,Merton,,,,,,,,,0.5,1601.0,None,,False,E09000024,14.649,-319.56073144273984,London
2017,Middlesbrough,,,,,,,,,0.0,1220.0,Delivering Better Value,,False,E06000002,40.46,-138.04170207834352,North East
2017,Milton Keynes,,,,,,,,,0.9,1911.0,Delivering Better Value,,False,E06000042,17.98,32.29915213042422,South East
2017,Newcastle upon Tyne,,,,,,,,,0.2,1378.0,Delivering Better Value,,False,E08000021,29.79,36.4919648950691,North East
2017,Newham,,,,,,,,,2.7,825.0,Delivering Better Value,,False,E09000025,29.577,-49.514351534773674,London
2017,Norfolk,,,,,,,,,1.3,5950.0,Safety Valve,2023.0,False,E10000020,22.5,-164.492957178028,East of England
2017,North East Lincolnshire,,,,,,,,,0.7,769.0,Delivering Better Value,,False,E06000012,31.335,-42.33630927402434,Yorkshire and The Humber
2017,North Lincolnshire,,,,,,,,,0.3,999.0,Delivering Better Value,,False,E06000013,22.096,71.31238773677335,Yorkshire and The Humber
2017,North Northamptonshire7,,,,,,,,,,,None,,False,,,,
2017,North Somerset,,,,,,,,,2.7,965.0,Delivering Better Value,,False,E06000024,15.825,-102.13023505914887,South West
2017,North Tyneside,,,,,,,,,1.1,1140.0,None,,False,E08000022,22.279,-66.34659380170548,North East
2017,North Yorkshire,,,,,,,,,2.1,2887.0,Safety Valve,2023.0,False,E10000023,14.2,380.0,Yorkshire and The Humber
2017,Northamptonshire7,,,,,,,,,1.9,4211.0,None,,False,,,,
2017,Northumberland,,,,,,,,,0.9,1908.0,None,,False,E06000057,22.079,6.381174708745347,North East
2017,Nottingham,,,,,,,,,3.7,1072.0,Delivering Better Value,,False,E06000018,34.891,97.26733470005556,East Midlands
2017,Nottinghamshire,,,,,,,,,2.9,2748.0,Delivering Better Value,,False,E10000024,22.9,37.73897908683308,East Midlands
2017,Oldham,,,,,,,,,0.7,1771.0,Delivering Better Value,,False,E08000004,33.155,19.374544712383823,North West
2017,Oxfordshire,,,,,,,,,1.5,3230.0,Safety Valve,2023.0,False,E10000025,14.4,-95.9384876602658,South East
2017,Peterborough,,,,,,,,,0.8,1851.0,Safety Valve,2023.0,False,E06000031,27.821,12.817451756673462,East of England
2017,Plymouth,,,,,,,,,0.6,1987.0,Delivering Better Value,,False,E06000026,26.619,-26.748704272128013,South West
2017,Portsmouth,,,,,,,,,0.6,1425.0,Delivering Better Value,,False,E06000044,26.899,95.12746934040437,South East
2017,Reading,,,,,,,,,1.3,1224.0,Delivering Better Value,,False,E06000038,19.619,-85.46871819107169,South East
2017,Redbridge,,,,,,,,,1.4,1955.0,None,,False,E09000026,17.203,29.981096213470547,London
2017,Redcar and Cleveland,,,,,,,,,0.5,1108.0,Delivering Better Value,,False,E06000003,29.792,-71.6090027634839,North East
2017,Richmond upon Thames,,,,,,,,,2.2,1281.0,None,,False,E09000027,9.425,7.422471567831032,London
2017,Rochdale,,,,,,,,,0.1,1673.0,Delivering Better Value,,False,E08000005,34.415,-72.25118804721197,North West
2017,Rotherham,,,,,,,,,0.4,1966.0,Delivering Better Value,,False,E08000018,29.55,-5.372900729798646,Yorkshire and The Humber
2017,Rutland,,,,,,,,,4.1,220.0,None,,False,E06000017,8.381,-93.949263502455,East Midlands
2017,Salford,,,,,,,,,0.9,1895.0,Delivering Better Value,,False,E08000006,34.21,-46.366820609837525,North West
2017,Sandwell,,,,,,,,,0.4,1990.0,Delivering Better Value,,False,E08000028,34.884,22.346610102914603,West Midlands
2017,Sefton,,,,,,,,,1.0,1389.0,Delivering Better Value,,False,E08000014,27.035,-213.58020931882686,North West
2017,Sheffield,,,,,,,,,2.1,3029.0,Delivering Better Value,,False,E08000019,27.06,35.665567537989766,Yorkshire and The Humber
2017,Shropshire,,,,,,,,,0.0,2004.0,Safety Valve,2024.0,False,E06000051,17.153,-12.998871841155236,West Midlands
2017,Slough,,,,,,,,,0.4,1341.0,Delivering Better Value,,False,E06000039,22.965,-62.28004973551058,South East
2017,Solihull,,,,,,,,,1.5,1501.0,None,,False,E08000029,17.37,-123.91724224463458,West Midlands
2017,Somerset,,,,,,,,,2.0,1882.0,Safety Valve,2022.0,False,E10000027,15.1,420.0,South West
2017,South Gloucestershire,,,,,,,,,1.8,1956.0,None,,False,E06000025,11.66,-163.35867004568817,South West
2017,South Tyneside,,,,,,,,,0.1,1178.0,Delivering Better Value,,False,E08000023,31.509,-76.94695918101766,North East
2017,Southampton,,,,,,,,,2.5,1476.0,Delivering Better Value,,False,E06000045,26.876,-49.52128400981267,South East
2017,Southend-on-Sea,,,,,,,,,0.7,1351.0,Safety Valve,2022.0,False,E06000033,22.375,89.0245192454676,East of England
2017,Southwark,,,,,,,,,2.0,2255.0,None,,False,E09000028,25.811,-45.71678839010263,London
2017,St. Helens,,,,,,,,,1.6,681.0,None,,False,E08000013,31.518,17.166605832755412,North West
2017,Staffordshire,,,,,,,,,2.0,4838.0,None,,False,E10000028,21.8,-59.295914560029544,West Midlands
2017,Stockport,,,,,,,,,0.5,2216.0,Delivering Better Value,,False,E08000007,20.826,-124.0442509218942,North West
2017,Stockton-on-Tees,,,,,,,,,1.0,1438.0,Delivering Better Value,,False,E06000004,25.79,-27.798582847773254,North East
2017,Stoke-on-Trent,,,,,,,,,0.8,2007.0,Delivering Better Value,,False,E06000021,34.504,-73.32441752980493,West Midlands
2017,Suffolk,,,,,,,,,1.3,4437.0,Safety Valve,2023.0,False,E10000029,18.5,-121.58468249402205,East of England
2017,Sunderland,,,,,,,,,2.0,1494.0,Delivering Better Value,,False,E08000024,30.586,-53.66217431431479,North East
2017,Surrey,,,,,,,,,2.7,8210.0,Safety Valve,2022.0,False,E10000030,11.2,-97.4078183412789,South East
2017,Sutton,,,,,,,,,1.8,1765.0,None,,False,E09000029,13.987,-8.113658104103964,London
2017,Swindon,,,,,,,,,1.5,1804.0,Safety Valve,2022.0,False,E06000030,18.622,-55.86907359123078,South West
2017,Tameside,,,,,,,,,0.8,993.0,Delivering Better Value,,False,E08000008,31.374,-52.72066292612881,North West
2017,Telford and Wrekin,,,,,,,,,2.1,1586.0,None,,False,E06000020,24.988,-13.558122582564712,West Midlands
2017,Thurrock,,,,,,,,,0.7,1483.0,Safety Valve,2022.0,False,E06000034,20.928,4.968631748234107,East of England
2017,Torbay,,,,,,,,,0.1,1304.0,None,,False,E06000027,28.104,-68.62511883912934,South West
2017,Tower Hamlets,,,,,,,,,0.4,2496.0,Delivering Better Value,,False,E09000030,27.913,-84.19037917313871,London
2017,Trafford,,,,,,,,,0.7,1700.0,Delivering Better Value,,False,E08000009,16.088,-53.30755182625864,North West
2017,Wakefield,,,,,,,,,0.3,1838.0,Delivering Better Value,,False,E08000036,27.306,15.805416373526434,Yorkshire and The Humber
2017,Walsall,,,,,,,,,0.9,1816.0,Delivering Better Value,,False,E08000030,31.555,-33.44929665322653,West Midlands
2017,Waltham Forest,,,,,,,,,0.7,1894.0,None,,False,E09000031,25.209,-5.266610898661568,London
2017,Wandsworth,,,,,,,,,2.0,1927.0,None,,False,E09000032,16.611,-82.66153075583753,London
2017,Warrington,,,,,,,,,0.2,1679.0,None,,False,E06000007,18.942,5.489054224843525,North West
2017,Warwickshire,,,,,,,,,0.6,3598.0,Safety Valve,2024.0,False,E10000031,16.1,-84.70726177481714,West Midlands
2017,West Berkshire,,,,,,,,,1.2,1035.0,None,,False,E06000037,9.952,-78.25796647785617,South East
2017,West Northamptonshire7,,,,,,,,,,,None,,False,,,,
2017,West Sussex,,,,,,,,,1.6,5279.0,Safety Valve,2022.0,False,E10000032,14.5,-134.77971750030574,South East
2017,Westminster,,,,,,,,,3.0,1080.0,None,,False,E09000033,20.339,35.13358481180567,London
2017,Westmorland and Furness8,,,,,,,,,,,None,,False,,,,
2017,Wigan,,,,,,,,,0.4,1709.0,Delivering Better Value,,False,E08000010,25.713,-3.5805263373306593,North West
2017,Wiltshire,,,,,,,,,0.8,3040.0,Safety Valve,2024.0,False,E06000054,13.447,-94.65312252703772,South West
2017,Windsor and Maidenhead,,,,,,,,,2.1,971.0,None,,False,E06000040,8.376,-9.708242165443252,South East
2017,Wirral,,,,,,,,,1.1,1998.0,Delivering Better Value,,False,E08000015,29.589,-63.00319654637175,North West
2017,Wokingham,,,,,,,,,1.7,923.0,None,,False,E06000041,5.846,-146.7285510909672,South East
2017,Wolverhampton,,,,,,,,,0.4,1575.0,Delivering Better Value,,False,E08000031,32.102,14.760040122277417,West Midlands
2017,Worcestershire,,,,,,,,,1.2,3100.0,Safety Valve,2022.0,False,E10000034,18.9,-121.71695768259714,West Midlands
2017,York,,,,,,,,,0.1,768.0,None,,False,E06000014,11.727,-2.62102117240386,Yorkshire and The Humber
2018,Barking and Dagenham,,,,,,,,,2.2,1626.0,None,,False,E09000002,32.768,42.933665428953844,London
2018,Barnet,,,,,,,,,2.7,2539.0,None,,False,E09000003,16.148,38.45173284992435,London
2018,Barnsley,,,,,,,,,0.7,2263.0,Delivering Better Value,,False,E08000016,29.933,-86.15047015304681,Yorkshire and The Humber
2018,Bath and North East Somerset,,,,,,,,,1.4,1334.0,None,,False,E06000022,11.745,-174.57691101282896,South West
2018,Bedford,,,,,,,,,0.5,1274.0,None,,False,E06000055,18.932,8.299313315352013,East of England
2018,Bexley,,,,,,,,,0.9,2052.0,Delivering Better Value,,False,E09000004,16.273,-25.38016868957005,London
2018,Birmingham,,,,,,,,,2.6,10214.0,None,,False,E08000025,38.067,58.72653275231282,West Midlands
2018,Blackburn with Darwen,,,,,,,,,0.2,854.0,Delivering Better Value,,False,E06000008,36.013,36.111653045083045,North West
2018,Blackpool,,,,,,,,,0.0,858.0,None,,False,E06000009,45.039,-23.27175770061806,North West
2018,Bolton,,,,,,,,,0.2,2287.0,Delivering Better Value,,False,E08000001,30.691,-59.496577305974945,North West
2018,"Bournemouth, Christchurch and Poole5",,,,,,,,,,,None,,False,,,,
2018,Bracknell Forest,,,,,,,,,1.4,830.0,Safety Valve,2022.0,False,E06000036,10.241,-203.65135525188293,South East
2018,Bradford,,,,,,,,,0.4,3795.0,Delivering Better Value,,False,E08000032,34.666,88.76165870074132,Yorkshire and The Humber
2018,Brent,,,,,,,,,4.0,2283.0,None,,False,E09000005,25.558,-65.47638592539909,London
2018,Brighton and Hove,,,,,,,,,1.9,1613.0,None,,False,E06000043,20.761,9.199525129182183,South East
2018,"Bristol, City of",,,,,,,,,1.1,2369.0,None,,False,E06000023,26.363,-132.19450500904907,South West
2018,Bromley,,,,,,,,,2.9,2346.0,None,,False,E09000006,14.163,-69.66255410883606,London
2018,Buckinghamshire,,,,,,,,,1.4,4239.0,None,,False,E10000002,10.7,,South East
2018,Bury,,,,,,,,,1.1,1690.0,Delivering Better Value,,False,E08000002,23.682,-148.92288950561507,North West
2018,Calderdale,,,,,,,,,0.4,1310.0,Delivering Better Value,,False,E08000033,26.351,-41.74828869859278,Yorkshire and The Humber
2018,Cambridgeshire,,,,,,,,,1.6,4548.0,Safety Valve,2022.0,False,E10000003,15.4,-96.53909491826376,East of England
2018,Camden,,,,,,,,,1.5,1390.0,None,,False,E09000007,20.131,187.75934422372356,London
2018,Central Bedfordshire,,,,,,,,,1.0,1859.0,None,,False,E06000056,12.152,-113.79511962203458,East of England
2018,Cheshire East,,,,,,,,,1.1,2180.0,Safety Valve,2023.0,False,E06000049,14.475,-323.92588794438404,North West
2018,Cheshire West and Chester,,,,,,,,,1.4,2095.0,None,,False,E06000050,18.083,-33.822279680324016,North West
2018,City of London,,,,,,,,,17.6,17.0,None,,True,,,,
2018,Cornwall,,,,,,,,,0.9,2946.0,Delivering Better Value,,False,E06000052,23.072,-76.45536083436696,South West
2018,County Durham,,,,,,,,,1.9,3432.0,None,,False,E06000047,26.793,-29.864810868407034,North East
2018,Coventry,,,,,,,,,1.5,2236.0,Delivering Better Value,,False,E08000026,25.613,55.693984850385796,West Midlands
2018,Croydon,,,,,,,,,2.0,3063.0,Delivering Better Value,,False,E09000008,22.477,-44.38230137921405,London
2018,Cumberland8,,,,,,,,,,,None,,False,,,,
2018,Cumbria8,,,,,,,,,0.6,3257.0,None,,False,,,,
2018,Darlington,,,,,,,,,0.9,813.0,Delivering Better Value,,False,E06000005,25.657,-28.388131220051605,North East
2018,Derby,,,,,,,,,3.0,2013.0,Delivering Better Value,,False,E06000015,26.323,-66.5338940391795,East Midlands
2018,Derbyshire,,,,,,,,,3.8,3578.0,Safety Valve,2023.0,False,E10000007,22.1,-37.878031061676296,East Midlands
2018,Devon,,,,,,,,,1.0,5437.0,Safety Valve,2024.0,False,E10000008,18.0,-261.58204279188436,South West
2018,Doncaster,,,,,,,,,0.5,1955.0,Delivering Better Value,,False,E08000017,30.289,-127.33109562313943,Yorkshire and The Humber
2018,Dorset6,,,,,,,,,1.7,2592.0,None,,False,,,,
2018,Dudley,,,,,,,,,1.6,2016.0,None,,False,E08000027,24.103,-146.80117377612368,West Midlands
2018,Ealing,,,,,,,,,1.4,2662.0,None,,False,E09000009,22.71,-7.920287564501248,London
2018,East Riding of Yorkshire,,,,,,,,,1.0,1991.0,Delivering Better Value,,False,E06000011,15.605,-127.50211638484473,Yorkshire and The Humber
2018,East Sussex,,,,,,,,,3.8,3650.0,Safety Valve,2022.0,False,E10000011,21.4,53.82573179033356,South East
2018,Enfield,,,,,,,,,0.3,2579.0,None,,False,E09000010,25.781,-65.40398666382919,London
2018,Essex,,,,,,,,,2.2,9797.0,Safety Valve,2023.0,False,E10000012,19.7,38.84799113800008,East of England
2018,Gateshead,,,,,,,,,1.2,1301.0,Delivering Better Value,,False,E08000037,28.217,22.377263150964513,North East
2018,Gloucestershire,,,,,,,,,1.1,3737.0,Safety Valve,2022.0,False,E10000013,16.2,-112.53492330548914,South West
2018,Greenwich,,,,,,,,,3.7,1823.0,Delivering Better Value,,False,E09000011,24.464,4.333130182939534,London
2018,Hackney,,,,,,,,,2.0,2090.0,None,,False,E09000012,32.526,-111.47546155643842,London
2018,Halton,,,,,,,,,1.2,825.0,Delivering Better Value,,False,E06000006,32.325,-72.18010796221323,North West
2018,Hammersmith and Fulham,,,,,,,,,0.9,1161.0,None,,False,E09000013,22.27,-21.469485589619932,London
2018,Hampshire,,,,,,,,,2.6,8749.0,Safety Valve,2022.0,False,E10000014,14.6,-156.1640891218873,South East
2018,Haringey,,,,,,,,,2.6,1983.0,None,,False,E09000014,27.956,-58.23547879733717,London
2018,Harrow,,,,,,,,,1.3,1731.0,None,,False,E09000015,15.031,-6.770715972043664,London
2018,Hartlepool,,,,,,,,,0.0,613.0,Delivering Better Value,,False,E06000001,35.037,-26.291399166059964,North East
2018,Havering,,,,,,,,,0.2,1612.0,Delivering Better Value,,False,E09000016,16.789,-86.83666379036286,London
2018,Herefordshire,,,,,,,,,0.3,1025.0,None,,False,,,,
2018,Hertfordshire,,,,,,,,,2.3,6910.0,Safety Valve,2022.0,False,E10000015,13.8,1.661850229832579,East of England
2018,Hillingdon,,,,,,,,,1.2,2419.0,Delivering Better Value,,False,E09000017,18.223,-112.61657518340634,London
2018,Hounslow,,,,,,,,,1.2,2413.0,Delivering Better Value,,False,E09000018,21.487,-57.99421664690341,London
2018,Isle of Wight,,,,,,,,,2.4,1193.0,Safety Valve,2022.0,False,E06000046,23.294,-96.87536001880915,South East
2018,Isles of Scilly,,,,,,,,,0.0,11.0,None,,True,,,,
2018,Islington,,,,,,,,,1.7,1282.0,None,,False,E09000019,27.535,60.070500270754366,London
2018,Kensington and Chelsea,,,,,,,,,2.7,672.0,None,,False,E09000020,21.526,-43.11157059314954,London
2018,Kent,,,,,,,,,2.8,13131.0,Safety Valve,2023.0,False,E10000016,22.4,-62.02411711255822,South East
2018,Kingston upon Hull,,,,,,,,,2.0,1785.0,Delivering Better Value,,False,,,,
2018,Kingston upon Thames,,,,,,,,,2.6,1211.0,None,,False,E09000021,11.381,-37.8047600619195,London
2018,Kirklees,,,,,,,,,0.7,2869.0,Delivering Better Value,,False,E08000034,25.151,-160.3226600804439,Yorkshire and The Humber
2018,Knowsley,,,,,,,,,0.2,1324.0,Delivering Better Value,,False,E08000011,43.006,-148.86696445017498,North West
2018,Lambeth,,,,,,,,,1.6,2533.0,None,,False,E09000022,25.422,52.10278945099941,London
2018,Lancashire,,,,,,,,,1.3,7486.0,Delivering Better Value,,False,E10000017,27.3,24.810005761888608,North West
2018,Leeds,,,,,,,,,0.9,4234.0,Delivering Better Value,,False,E08000035,27.301,11.78571767609645,Yorkshire and The Humber
2018,Leicester,,,,,,,,,1.9,2518.0,Delivering Better Value,,False,E06000016,30.877,-38.18949493350222,East Midlands
2018,Leicestershire,,,,,,,,,2.0,4424.0,None,,False,E10000018,15.6,-74.55000931272117,East Midlands
2018,Lewisham,,,,,,,,,2.7,2441.0,None,,False,E09000023,26.661,-97.19346274264245,London
2018,Lincolnshire,,,,,,,,,1.1,4829.0,Delivering Better Value,,False,E10000019,20.5,36.53392576634801,East Midlands
2018,Liverpool,,,,,,,,,0.6,3001.0,Delivering Better Value,,False,E08000012,42.412,17.841847450166636,North West
2018,Luton,,,,,,,,,0.9,1536.0,Delivering Better Value,,False,E06000032,25.908,30.45496371484134,East of England
2018,Manchester,,,,,,,,,0.8,4268.0,Delivering Better Value,,False,E08000003,40.005,-19.53325473351156,North West
2018,Medway,,,,,,,,,2.1,2290.0,Safety Valve,2022.0,False,E06000035,23.936,-91.57543523051623,South East
2018,Merton,,,,,,,,,0.5,1814.0,None,,False,E09000024,14.649,-319.56073144273984,London
2018,Middlesbrough,,,,,,,,,0.1,1249.0,Delivering Better Value,,False,E06000002,40.46,-138.04170207834352,North East
2018,Milton Keynes,,,,,,,,,1.3,1915.0,Delivering Better Value,,False,E06000042,17.98,32.29915213042422,South East
2018,Newcastle upon Tyne,,,,,,,,,0.3,1556.0,Delivering Better Value,,False,E08000021,29.79,36.4919648950691,North East
2018,Newham,,,,,,,,,2.1,975.0,Delivering Better Value,,False,E09000025,29.577,-49.514351534773674,London
2018,Norfolk,,,,,,,,,1.8,6712.0,Safety Valve,2023.0,False,E10000020,22.5,-164.492957178028,East of England
2018,North East Lincolnshire,,,,,,,,,0.8,895.0,Delivering Better Value,,False,E06000012,31.335,-42.33630927402434,Yorkshire and The Humber
2018,North Lincolnshire,,,,,,,,,0.2,955.0,Delivering Better Value,,False,E06000013,22.096,71.31238773677335,Yorkshire and The Humber
2018,North Northamptonshire7,,,,,,,,,,,None,,False,,,,
2018,North Somerset,,,,,,,,,2.4,989.0,Delivering Better Value,,False,E06000024,15.825,-102.13023505914887,South West
2018,North Tyneside,,,,,,,,,1.3,1243.0,None,,False,E08000022,22.279,-66.34659380170548,North East
2018,North Yorkshire,,,,,,,,,2.5,3099.0,Safety Valve,2023.0,False,E10000023,14.2,380.0,Yorkshire and The Humber
2018,Northamptonshire7,,,,,,,,,3.2,4530.0,None,,False,,,,
2018,Northumberland,,,,,,,,,0.9,2100.0,None,,False,E06000057,22.079,6.381174708745347,North East
2018,Nottingham,,,,,,,,,1.8,1122.0,Delivering Better Value,,False,E06000018,34.891,97.26733470005556,East Midlands
2018,Nottinghamshire,,,,,,,,,2.1,3031.0,Delivering Better Value,,False,E10000024,22.9,37.73897908683308,East Midlands
2018,Oldham,,,,,,,,,0.4,2257.0,Delivering Better Value,,False,E08000004,33.155,19.374544712383823,North West
2018,Oxfordshire,,,,,,,,,1.8,3736.0,Safety Valve,2023.0,False,E10000025,14.4,-95.9384876602658,South East
2018,Peterborough,,,,,,,,,0.9,2019.0,Safety Valve,2023.0,False,E06000031,27.821,12.817451756673462,East of England
2018,Plymouth,,,,,,,,,0.8,2147.0,Delivering Better Value,,False,E06000026,26.619,-26.748704272128013,South West
2018,Portsmouth,,,,,,,,,0.7,1580.0,Delivering Better Value,,False,E06000044,26.899,95.12746934040437,South East
2018,Reading,,,,,,,,,1.4,1340.0,Delivering Better Value,,False,E06000038,19.619,-85.46871819107169,South East
2018,Redbridge,,,,,,,,,1.1,2158.0,None,,False,E09000026,17.203,29.981096213470547,London
2018,Redcar and Cleveland,,,,,,,,,0.5,1291.0,Delivering Better Value,,False,E06000003,29.792,-71.6090027634839,North East
2018,Richmond upon Thames,,,,,,,,,2.3,1474.0,None,,False,E09000027,9.425,7.422471567831032,London
2018,Rochdale,,,,,,,,,0.1,1821.0,Delivering Better Value,,False,E08000005,34.415,-72.25118804721197,North West
2018,Rotherham,,,,,,,,,0.4,2216.0,Delivering Better Value,,False,E08000018,29.55,-5.372900729798646,Yorkshire and The Humber
2018,Rutland,,,,,,,,,1.8,218.0,None,,False,E06000017,8.381,-93.949263502455,East Midlands
2018,Salford,,,,,,,,,1.0,2056.0,Delivering Better Value,,False,E08000006,34.21,-46.366820609837525,North West
2018,Sandwell,,,,,,,,,0.5,2190.0,Delivering Better Value,,False,E08000028,34.884,22.346610102914603,West Midlands
2018,Sefton,,,,,,,,,1.6,1558.0,Delivering Better Value,,False,E08000014,27.035,-213.58020931882686,North West
2018,Sheffield,,,,,,,,,2.8,3417.0,Delivering Better Value,,False,E08000019,27.06,35.665567537989766,Yorkshire and The Humber
2018,Shropshire,,,,,,,,,0.4,1985.0,Safety Valve,2024.0,False,E06000051,17.153,-12.998871841155236,West Midlands
2018,Slough,,,,,,,,,0.7,1387.0,Delivering Better Value,,False,E06000039,22.965,-62.28004973551058,South East
2018,Solihull,,,,,,,,,1.2,1553.0,None,,False,E08000029,17.37,-123.91724224463458,West Midlands
2018,Somerset,,,,,,,,,2.6,2246.0,Safety Valve,2022.0,False,E10000027,15.1,420.0,South West
2018,South Gloucestershire,,,,,,,,,1.8,2136.0,None,,False,E06000025,11.66,-163.35867004568817,South West
2018,South Tyneside,,,,,,,,,0.7,1349.0,Delivering Better Value,,False,E08000023,31.509,-76.94695918101766,North East
2018,Southampton,,,,,,,,,2.0,1657.0,Delivering Better Value,,False,E06000045,26.876,-49.52128400981267,South East
2018,Southend-on-Sea,,,,,,,,,0.9,1389.0,Safety Valve,2022.0,False,E06000033,22.375,89.0245192454676,East of England
2018,Southwark,,,,,,,,,3.4,2466.0,None,,False,E09000028,25.811,-45.71678839010263,London
2018,St. Helens,,,,,,,,,1.4,1019.0,None,,False,E08000013,31.518,17.166605832755412,North West
2018,Staffordshire,,,,,,,,,1.8,5252.0,None,,False,E10000028,21.8,-59.295914560029544,West Midlands
2018,Stockport,,,,,,,,,0.7,2383.0,Delivering Better Value,,False,E08000007,20.826,-124.0442509218942,North West
2018,Stockton-on-Tees,,,,,,,,,1.1,1570.0,Delivering Better Value,,False,E06000004,25.79,-27.798582847773254,North East
2018,Stoke-on-Trent,,,,,,,,,0.5,2293.0,Delivering Better Value,,False,E06000021,34.504,-73.32441752980493,West Midlands
2018,Suffolk,,,,,,,,,1.4,5153.0,Safety Valve,2023.0,False,E10000029,18.5,-121.58468249402205,East of England
2018,Sunderland,,,,,,,,,3.9,1752.0,Delivering Better Value,,False,E08000024,30.586,-53.66217431431479,North East
2018,Surrey,,,,,,,,,2.3,9293.0,Safety Valve,2022.0,False,E10000030,11.2,-97.4078183412789,South East
2018,Sutton,,,,,,,,,3.5,1852.0,None,,False,E09000029,13.987,-8.113658104103964,London
2018,Swindon,,,,,,,,,1.5,2045.0,Safety Valve,2022.0,False,E06000030,18.622,-55.86907359123078,South West
2018,Tameside,,,,,,,,,0.3,1416.0,Delivering Better Value,,False,E08000008,31.374,-52.72066292612881,North West
2018,Telford and Wrekin,,,,,,,,,1.3,1631.0,None,,False,E06000020,24.988,-13.558122582564712,West Midlands
2018,Thurrock,,,,,,,,,0.6,1616.0,Safety Valve,2022.0,False,E06000034,20.928,4.968631748234107,East of England
2018,Torbay,,,,,,,,,0.4,1399.0,None,,False,E06000027,28.104,-68.62511883912934,South West
2018,Tower Hamlets,,,,,,,,,0.4,2865.0,Delivering Better Value,,False,E09000030,27.913,-84.19037917313871,London
2018,Trafford,,,,,,,,,1.3,1848.0,Delivering Better Value,,False,E08000009,16.088,-53.30755182625864,North West
2018,Wakefield,,,,,,,,,0.3,2008.0,Delivering Better Value,,False,E08000036,27.306,15.805416373526434,Yorkshire and The Humber
2018,Walsall,,,,,,,,,1.0,2204.0,Delivering Better Value,,False,E08000030,31.555,-33.44929665322653,West Midlands
2018,Waltham Forest,,,,,,,,,0.7,1911.0,None,,False,E09000031,25.209,-5.266610898661568,London
2018,Wandsworth,,,,,,,,,2.4,2114.0,None,,False,E09000032,16.611,-82.66153075583753,London
2018,Warrington,,,,,,,,,0.5,1611.0,None,,False,E06000007,18.942,5.489054224843525,North West
2018,Warwickshire,,,,,,,,,0.6,4079.0,Safety Valve,2024.0,False,E10000031,16.1,-84.70726177481714,West Midlands
2018,West Berkshire,,,,,,,,,1.5,1069.0,None,,False,E06000037,9.952,-78.25796647785617,South East
2018,West Northamptonshire7,,,,,,,,,,,None,,False,,,,
2018,West Sussex,,,,,,,,,1.6,5681.0,Safety Valve,2022.0,False,E10000032,14.5,-134.77971750030574,South East
2018,Westminster,,,,,,,,,2.8,1197.0,None,,False,E09000033,20.339,35.13358481180567,London
2018,Westmorland and Furness8,,,,,,,,,,,None,,False,,,,
2018,Wigan,,,,,,,,,0.1,1864.0,Delivering Better Value,,False,E08000010,25.713,-3.5805263373306593,North West
2018,Wiltshire,,,,,,,,,0.9,3422.0,Safety Valve,2024.0,False,E06000054,13.447,-94.65312252703772,South West
2018,Windsor and Maidenhead,,,,,,,,,3.5,991.0,None,,False,E06000040,8.376,-9.708242165443252,South East
2018,Wirral,,,,,,,,,1.6,2251.0,Delivering Better Value,,False,E08000015,29.589,-63.00319654637175,North West
2018,Wokingham,,,,,,,,,1.0,968.0,None,,False,E06000041,5.846,-146.7285510909672,South East
2018,Wolverhampton,,,,,,,,,0.3,1789.0,Delivering Better Value,,False,E08000031,32.102,14.760040122277417,West Midlands
2018,Worcestershire,,,,,,,,,1.2,3708.0,Safety Valve,2022.0,False,E10000034,18.9,-121.71695768259714,West Midlands
2018,York,,,,,,,,,0.2,878.0,None,,False,E06000014,11.727,-2.62102117240386,Yorkshire and The Humber
2019,Barking and Dagenham,E09000002,London,294.0,84.0,28.57142857142857,228.0,171.0,75.0,2.8,1755.0,None,,False,E09000002,32.768,42.933665428953844,London
2019,Barnet,E09000003,London,493.0,156.0,31.643002028397564,301.0,280.0,93.0,3.3,2841.0,None,,False,E09000003,16.148,38.45173284992435,London
2019,Barnsley,E08000016,Yorkshire and The Humber,433.0,131.0,30.2540415704388,202.0,147.0,72.8,0.9,2463.0,Delivering Better Value,,False,E08000016,29.933,-86.15047015304681,Yorkshire and The Humber
2019,Bath and North East Somerset,E06000022,South West,254.0,34.0,13.385826771653544,190.0,155.0,81.6,1.2,1417.0,None,,False,E06000022,11.745,-174.57691101282896,South West
2019,Bedford,E06000055,East of England,233.0,68.0,29.184549356223176,152.0,149.0,98.0,0.8,1368.0,None,,False,E06000055,18.932,8.299313315352013,East of England
2019,Bexley,E09000004,London,391.0,1.0,0.2557544757033248,229.0,208.0,90.8,1.8,2096.0,Delivering Better Value,,False,E09000004,16.273,-25.38016868957005,London
2019,Birmingham,E08000025,West Midlands,1589.0,467.0,29.38955317809943,898.0,572.0,63.7,3.0,9793.0,None,,False,E08000025,38.067,58.72653275231282,West Midlands
2019,Blackburn with Darwen,E06000008,North West,141.0,17.0,12.056737588652481,95.0,87.0,91.6,0.1,916.0,Delivering Better Value,,False,E06000008,36.013,36.111653045083045,North West
2019,Blackpool,E06000009,North West,221.0,22.0,9.95475113122172,186.0,120.0,64.5,0.0,1064.0,None,,False,E06000009,45.039,-23.27175770061806,North West
2019,Bolton,E08000001,North West,441.0,33.0,7.482993197278912,325.0,129.0,39.7,0.3,2515.0,Delivering Better Value,,False,E08000001,30.691,-59.496577305974945,North West
2019,"Bournemouth, Christchurch and Poole",E06000058,South West,541.0,114.0,21.072088724584106,344.0,305.0,88.7,,,None,,False,E06000058,18.173,-287.21499375938356,South West
2019,"Bournemouth, Christchurch and Poole5",,,,,,,,,1.1,2589.0,None,,False,,,,
2019,Bracknell Forest,E06000036,South East,284.0,62.0,21.830985915492956,175.0,107.0,61.1,0.7,952.0,Safety Valve,2022.0,False,E06000036,10.241,-203.65135525188293,South East
2019,Bradford,E08000032,Yorkshire and The Humber,901.0,0.0,0.0,427.0,120.0,28.1,0.6,4038.0,Delivering Better Value,,False,E08000032,34.666,88.76165870074132,Yorkshire and The Humber
2019,Brent,E09000005,London,459.0,81.0,17.647058823529413,353.0,284.0,80.5,3.4,2512.0,None,,False,E09000005,25.558,-65.47638592539909,London
2019,Brighton and Hove,E06000043,South East,399.0,127.0,31.82957393483709,241.0,146.0,60.6,1.2,1810.0,None,,False,E06000043,20.761,9.199525129182183,South East
2019,"Bristol, City of",E06000023,South West,626.0,101.0,16.134185303514375,395.0,3.0,0.8,1.6,2817.0,None,,False,E06000023,26.363,-132.19450500904907,South West
2019,Bromley,E09000006,London,722.0,124.0,17.174515235457065,352.0,173.0,49.1,2.1,2686.0,None,,False,E09000006,14.163,-69.66255410883606,London
2019,Buckinghamshire,E10000002,South East,940.0,346.0,36.80851063829787,673.0,258.0,38.3,1.8,4954.0,None,,False,E10000002,10.7,,South East
2019,Bury,E08000002,North West,336.0,89.0,26.488095238095237,213.0,168.0,78.9,0.7,1819.0,Delivering Better Value,,False,E08000002,23.682,-148.92288950561507,North West
2019,Calderdale,E08000033,Yorkshire and The Humber,269.0,50.0,18.587360594795538,169.0,153.0,90.5,0.4,1417.0,Delivering Better Value,,False,E08000033,26.351,-41.74828869859278,Yorkshire and The Humber
2019,Cambridgeshire,E10000003,East of England,1001.0,217.0,21.678321678321677,573.0,453.0,79.1,2.0,4971.0,Safety Valve,2022.0,False,E10000003,15.4,-96.53909491826376,East of England
2019,Camden,E09000007,London,230.0,0.0,0.0,131.0,122.0,93.1,1.7,1385.0,None,,False,E09000007,20.131,187.75934422372356,London
2019,Central Bedfordshire,E06000056,East of England,375.0,122.0,32.53333333333333,206.0,182.0,88.3,2.6,1959.0,None,,False,E06000056,12.152,-113.79511962203458,East of England
2019,Cheshire East,E06000049,North West,640.0,106.0,16.5625,521.0,257.0,49.3,1.5,2597.0,Safety Valve,2023.0,False,E06000049,14.475,-323.92588794438404,North West
2019,Cheshire West and Chester,E06000050,North West,498.0,141.0,28.313253012048197,307.0,270.0,87.9,1.5,2246.0,None,,False,E06000050,18.083,-33.822279680324016,North West
2019,City of London,E09000001,London,8.0,3.0,37.5,2.0,2.0,100.0,4.8,21.0,None,,True,,,,
2019,Cornwall,E06000052,South West,640.0,135.0,21.09375,433.0,387.0,89.4,0.6,3209.0,Delivering Better Value,,False,E06000052,23.072,-76.45536083436696,South West
2019,County Durham,E06000047,North East,574.0,293.0,51.045296167247386,336.0,226.0,67.3,2.9,3767.0,None,,False,E06000047,26.793,-29.864810868407034,North East
2019,Coventry,E08000026,West Midlands,439.0,132.0,30.068337129840543,272.0,142.0,52.2,1.5,2287.0,Delivering Better Value,,False,E08000026,25.613,55.693984850385796,West Midlands
2019,Croydon,E09000008,London,588.0,155.0,26.360544217687078,324.0,242.0,74.7,2.5,3334.0,Delivering Better Value,,False,E09000008,22.477,-44.38230137921405,London
2019,Cumberland8,,,,,,,,,,,None,,False,,,,
2019,Cumbria,E10000006,North West,724.0,129.0,17.817679558011047,506.0,412.0,81.4,,,None,,False,,,,
2019,Cumbria8,,,,,,,,,0.4,3638.0,None,,False,,,,
2019,Darlington,E06000005,North East,135.0,26.0,19.25925925925926,81.0,76.0,93.8,0.7,839.0,Delivering Better Value,,False,E06000005,25.657,-28.388131220051605,North East
2019,Derby,E06000015,East Midlands,505.0,62.0,12.277227722772277,251.0,62.0,24.7,3.0,2396.0,Delivering Better Value,,False,E06000015,26.323,-66.5338940391795,East Midlands
2019,Derbyshire,E10000007,East Midlands,705.0,269.0,38.156028368794324,519.0,260.0,50.1,3.9,4112.0,Safety Valve,2023.0,False,E10000007,22.1,-37.878031061676296,East Midlands
2019,Devon,E10000008,South West,1666.0,236.0,14.165666266506602,1435.0,460.0,32.1,0.9,6759.0,Safety Valve,2024.0,False,E10000008,18.0,-261.58204279188436,South West
2019,Doncaster,E08000017,Yorkshire and The Humber,409.0,161.0,39.36430317848411,218.0,187.0,85.8,0.6,2167.0,Delivering Better Value,,False,E08000017,30.289,-127.33109562313943,Yorkshire and The Humber
2019,Dorset,E06000059,South West,688.0,37.0,5.377906976744186,532.0,484.0,91.0,,,Safety Valve,2024.0,False,E06000059,15.735,-283.8995711017918,South West
2019,Dorset6,,,,,,,,,2.1,2681.0,None,,False,,,,
2019,Dudley,E08000027,West Midlands,493.0,2.0,0.4056795131845842,444.0,212.0,47.7,2.7,2347.0,None,,False,E08000027,24.103,-146.80117377612368,West Midlands
2019,Ealing,E09000009,London,485.0,116.0,23.917525773195877,354.0,299.0,84.5,1.6,2830.0,None,,False,E09000009,22.71,-7.920287564501248,London
2019,East Riding of Yorkshire,E06000011,Yorkshire and The Humber,414.0,35.0,8.454106280193237,384.0,125.0,32.6,1.2,2322.0,Delivering Better Value,,False,E06000011,15.605,-127.50211638484473,Yorkshire and The Humber
2019,East Sussex,E10000011,South East,592.0,283.0,47.80405405405405,296.0,125.0,42.2,5.6,3868.0,Safety Valve,2022.0,False,E10000011,21.4,53.82573179033356,South East
2019,Enfield,E09000010,London,830.0,130.0,15.66265060240964,659.0,311.0,47.2,0.4,3201.0,None,,False,E09000010,25.781,-65.40398666382919,London
2019,Essex,E10000012,East of England,2291.0,935.0,40.81187254474029,995.0,721.0,72.5,3.0,10356.0,Safety Valve,2023.0,False,E10000012,19.7,38.84799113800008,East of England
2019,Gateshead,E08000037,North East,251.0,59.0,23.50597609561753,186.0,180.0,96.8,2.5,1367.0,Delivering Better Value,,False,E08000037,28.217,22.377263150964513,North East
2019,Gloucestershire,E10000013,South West,613.0,25.0,4.078303425774878,480.0,477.0,99.4,1.4,3968.0,Safety Valve,2022.0,False,E10000013,16.2,-112.53492330548914,South West
2019,Greenwich,E09000011,London,377.0,50.0,13.262599469496022,227.0,125.0,55.1,4.1,1964.0,Delivering Better Value,,False,E09000011,24.464,4.333130182939534,London
2019,Hackney,E09000012,London,559.0,71.0,12.701252236135957,449.0,181.0,40.3,1.1,2322.0,None,,False,E09000012,32.526,-111.47546155643842,London
2019,Halton,E06000006,North West,262.0,72.0,27.480916030534353,181.0,55.0,30.4,0.8,983.0,Delivering Better Value,,False,E06000006,32.325,-72.18010796221323,North West
2019,Hammersmith and Fulham,E09000013,London,182.0,29.0,15.934065934065933,143.0,106.0,74.1,1.4,1186.0,None,,False,E09000013,22.27,-21.469485589619932,London
2019,Hampshire,E10000014,South East,2038.0,183.0,8.979391560353287,978.0,57.0,5.8,1.8,9309.0,Safety Valve,2022.0,False,E10000014,14.6,-156.1640891218873,South East
2019,Haringey,E09000014,London,470.0,129.0,27.4468085106383,345.0,242.0,70.1,1.7,2298.0,None,,False,E09000014,27.956,-58.23547879733717,London
2019,Harrow,E09000015,London,300.0,71.0,23.666666666666668,218.0,94.0,43.1,1.3,1876.0,None,,False,E09000015,15.031,-6.770715972043664,London
2019,Hartlepool,E06000001,North East,151.0,50.0,33.11258278145696,103.0,37.0,35.9,0.6,660.0,Delivering Better Value,,False,E06000001,35.037,-26.291399166059964,North East
2019,Havering,E09000016,London,374.0,100.0,26.737967914438503,217.0,144.0,66.4,0.6,1805.0,Delivering Better Value,,False,E09000016,16.789,-86.83666379036286,London
2019,Herefordshire,,,,,,,,,0.9,1094.0,None,,False,,,,
2019,"Herefordshire, County of",E06000019,West Midlands,220.0,88.0,40.0,131.0,118.0,90.1,,,None,,False,E06000019,18.89,-60.55323455509911,West Midlands
2019,Hertfordshire,E10000015,East of England,1647.0,406.0,24.650880388585307,1135.0,989.0,87.1,2.1,7654.0,Safety Valve,2022.0,False,E10000015,13.8,1.661850229832579,East of England
2019,Hillingdon,E09000017,London,539.0,82.0,15.213358070500927,264.0,60.0,22.7,0.4,2596.0,Delivering Better Value,,False,E09000017,18.223,-112.61657518340634,London
2019,Hounslow,E09000018,London,520.0,177.0,34.03846153846154,361.0,133.0,36.8,1.8,2688.0,Delivering Better Value,,False,E09000018,21.487,-57.99421664690341,London
2019,Isle of Wight,E06000046,South East,326.0,117.0,35.88957055214724,152.0,109.0,71.7,3.6,1378.0,Safety Valve,2022.0,False,E06000046,23.294,-96.87536001880915,South East
2019,Isles of Scilly,E06000053,South West,0.0,0.0,,0.0,0.0,,0.0,11.0,None,,True,,,,
2019,Islington,E09000019,London,286.0,67.0,23.426573426573427,157.0,119.0,75.8,2.2,1434.0,None,,False,E09000019,27.535,60.070500270754366,London
2019,Kensington and Chelsea,E09000020,London,129.0,47.0,36.434108527131784,81.0,76.0,93.8,2.2,722.0,None,,False,E09000020,21.526,-43.11157059314954,London
2019,Kent,E10000016,South East,2992.0,827.0,27.640374331550806,1998.0,577.0,28.9,3.5,14599.0,Safety Valve,2023.0,False,E10000016,22.4,-62.02411711255822,South East
2019,Kingston upon Hull,,,,,,,,,1.0,2026.0,Delivering Better Value,,False,,,,
2019,"Kingston upon Hull, City of",E06000010,Yorkshire and The Humber,467.0,96.0,20.556745182012847,308.0,274.0,89.0,,,None,,False,E06000010,40.564,-7.545077978224948,Yorkshire and The Humber
2019,Kingston upon Thames,E09000021,London,242.0,38.0,15.702479338842975,186.0,179.0,96.2,2.6,1362.0,None,,False,E09000021,11.381,-37.8047600619195,London
2019,Kirklees,E08000034,Yorkshire and The Humber,517.0,140.0,27.079303675048354,403.0,288.0,71.5,1.0,3475.0,Delivering Better Value,,False,E08000034,25.151,-160.3226600804439,Yorkshire and The Humber
2019,Knowsley,E08000011,North West,319.0,32.0,10.031347962382444,214.0,138.0,64.5,0.3,1531.0,Delivering Better Value,,False,E08000011,43.006,-148.86696445017498,North West
2019,Lambeth,E09000022,London,448.0,95.0,21.205357142857142,295.0,172.0,58.3,1.5,2669.0,None,,False,E09000022,25.422,52.10278945099941,London
2019,Lancashire,E10000017,North West,1278.0,211.0,16.51017214397496,1005.0,752.0,74.8,1.8,7539.0,Delivering Better Value,,False,E10000017,27.3,24.810005761888608,North West
2019,Leeds,E08000035,Yorkshire and The Humber,953.0,223.0,23.399790136411333,594.0,571.0,96.1,0.9,4577.0,Delivering Better Value,,False,E08000035,27.301,11.78571767609645,Yorkshire and The Humber
2019,Leicester,E06000016,East Midlands,601.0,0.0,0.0,268.0,103.0,38.4,1.9,2638.0,Delivering Better Value,,False,E06000016,30.877,-38.18949493350222,East Midlands
2019,Leicestershire,E10000018,East Midlands,1019.0,163.0,15.996074582924436,760.0,699.0,92.0,2.2,4976.0,None,,False,E10000018,15.6,-74.55000931272117,East Midlands
2019,Lewisham,E09000023,London,421.0,110.0,26.128266033254157,353.0,237.0,67.1,1.7,2764.0,None,,False,E09000023,26.661,-97.19346274264245,London
2019,Lincolnshire,E10000019,East Midlands,1390.0,72.0,5.179856115107913,747.0,559.0,74.8,0.9,5268.0,Delivering Better Value,,False,E10000019,20.5,36.53392576634801,East Midlands
2019,Liverpool,E08000012,North West,918.0,325.0,35.40305010893246,416.0,31.0,7.5,1.1,3236.0,Delivering Better Value,,False,E08000012,42.412,17.841847450166636,North West
2019,Luton,E06000032,East of England,363.0,0.0,0.0,283.0,164.0,58.0,0.5,1764.0,Delivering Better Value,,False,E06000032,25.908,30.45496371484134,East of England
2019,Manchester,E08000003,North West,1022.0,106.0,10.371819960861057,665.0,434.0,65.3,1.0,4800.0,Delivering Better Value,,False,E08000003,40.005,-19.53325473351156,North West
2019,Medway,E06000035,South East,474.0,250.0,52.742616033755276,316.0,180.0,57.0,3.3,2568.0,Safety Valve,2022.0,False,E06000035,23.936,-91.57543523051623,South East
2019,Merton,E09000024,London,461.0,39.0,8.459869848156181,327.0,184.0,56.3,0.7,1979.0,None,,False,E09000024,14.649,-319.56073144273984,London
2019,Middlesbrough,E06000002,North East,213.0,56.0,26.291079812206576,127.0,121.0,95.3,0.2,1290.0,Delivering Better Value,,False,E06000002,40.46,-138.04170207834352,North East
2019,Milton Keynes,E06000042,South East,370.0,132.0,35.67567567567568,292.0,218.0,74.7,1.4,2206.0,Delivering Better Value,,False,E06000042,17.98,32.29915213042422,South East
2019,Newcastle upon Tyne,E08000021,North East,458.0,84.0,18.340611353711793,314.0,156.0,49.7,0.2,1791.0,Delivering Better Value,,False,E08000021,29.79,36.4919648950691,North East
2019,Newham,E09000025,London,512.0,54.0,10.546875,518.0,129.0,24.9,2.2,1385.0,Delivering Better Value,,False,E09000025,29.577,-49.514351534773674,London
2019,Norfolk,E10000020,East of England,1267.0,328.0,25.887924230465664,655.0,54.0,8.2,2.4,7189.0,Safety Valve,2023.0,False,E10000020,22.5,-164.492957178028,East of England
2019,North East Lincolnshire,E06000012,Yorkshire and The Humber,239.0,38.0,15.899581589958158,197.0,72.0,36.5,0.8,1080.0,Delivering Better Value,,False,E06000012,31.335,-42.33630927402434,Yorkshire and The Humber
2019,North Lincolnshire,E06000013,Yorkshire and The Humber,175.0,36.0,20.57142857142857,121.0,83.0,68.6,0.1,1022.0,Delivering Better Value,,False,E06000013,22.096,71.31238773677335,Yorkshire and The Humber
2019,North Northamptonshire7,,,,,,,,,,,None,,False,,,,
2019,North Somerset,E06000024,South West,367.0,96.0,26.158038147138964,168.0,168.0,100.0,2.1,1136.0,Delivering Better Value,,False,E06000024,15.825,-102.13023505914887,South West
2019,North Tyneside,E08000022,North East,406.0,4.0,0.9852216748768473,373.0,116.0,31.1,0.2,1614.0,None,,False,E08000022,22.279,-66.34659380170548,North East
2019,North Yorkshire,E10000023,Yorkshire and The Humber,706.0,158.0,22.379603399433428,396.0,358.0,90.4,2.2,3328.0,Safety Valve,2023.0,False,E10000023,14.2,380.0,Yorkshire and The Humber
2019,Northamptonshire,E10000021,East Midlands,1144.0,192.0,16.783216783216783,608.0,352.0,57.9,,,Safety Valve,2022.0,False,,,,
2019,Northamptonshire7,,,,,,,,,3.1,4666.0,None,,False,,,,
2019,Northumberland,E06000057,North East,533.0,159.0,29.831144465290805,300.0,241.0,80.3,1.2,2338.0,None,,False,E06000057,22.079,6.381174708745347,North East
2019,Nottingham,E06000018,East Midlands,263.0,70.0,26.61596958174905,159.0,156.0,98.1,1.6,1205.0,Delivering Better Value,,False,E06000018,34.891,97.26733470005556,East Midlands
2019,Nottinghamshire,E10000024,East Midlands,667.0,177.0,26.536731634182907,291.0,242.0,83.2,2.0,3320.0,Delivering Better Value,,False,E10000024,22.9,37.73897908683308,East Midlands
2019,Oldham,E08000004,North West,396.0,96.0,24.242424242424242,305.0,247.0,81.0,0.7,2457.0,Delivering Better Value,,False,E08000004,33.155,19.374544712383823,North West
2019,Oxfordshire,E10000025,South East,1023.0,195.0,19.06158357771261,619.0,311.0,50.2,1.7,4214.0,Safety Valve,2023.0,False,E10000025,14.4,-95.9384876602658,South East
2019,Peterborough,E06000031,East of England,316.0,145.0,45.88607594936709,175.0,116.0,66.3,1.1,2080.0,Safety Valve,2023.0,False,E06000031,27.821,12.817451756673462,East of England
2019,Plymouth,E06000026,South West,277.0,65.0,23.465703971119133,186.0,147.0,79.0,0.7,2278.0,Delivering Better Value,,False,E06000026,26.619,-26.748704272128013,South West
2019,Portsmouth,E06000044,South East,244.0,37.0,15.163934426229508,198.0,190.0,96.0,1.2,1647.0,Delivering Better Value,,False,E06000044,26.899,95.12746934040437,South East
2019,Reading,E06000038,South East,296.0,91.0,30.743243243243246,174.0,85.0,48.9,1.8,1463.0,Delivering Better Value,,False,E06000038,19.619,-85.46871819107169,South East
2019,Redbridge,E09000026,London,422.0,51.0,12.085308056872037,337.0,169.0,50.1,1.4,2401.0,None,,False,E09000026,17.203,29.981096213470547,London
2019,Redcar and Cleveland,E06000003,North East,211.0,14.0,6.6350710900473935,146.0,106.0,72.6,0.6,1345.0,Delivering Better Value,,False,E06000003,29.792,-71.6090027634839,North East
2019,Richmond upon Thames,E09000027,London,245.0,39.0,15.918367346938775,194.0,187.0,96.4,2.0,1540.0,None,,False,E09000027,9.425,7.422471567831032,London
2019,Rochdale,E08000005,North West,389.0,80.0,20.565552699228792,293.0,164.0,56.0,0.4,2052.0,Delivering Better Value,,False,E08000005,34.415,-72.25118804721197,North West
2019,Rotherham,E08000018,Yorkshire and The Humber,471.0,141.0,29.936305732484076,303.0,191.0,63.0,0.5,2376.0,Delivering Better Value,,False,E08000018,29.55,-5.372900729798646,Yorkshire and The Humber
2019,Rutland,E06000017,East Midlands,62.0,18.0,29.03225806451613,31.0,31.0,100.0,2.9,245.0,None,,False,E06000017,8.381,-93.949263502455,East Midlands
2019,Salford,E08000006,North West,471.0,81.0,17.197452229299362,293.0,264.0,90.1,1.5,2259.0,Delivering Better Value,,False,E08000006,34.21,-46.366820609837525,North West
2019,Sandwell,E08000028,West Midlands,415.0,104.0,25.060240963855424,267.0,201.0,75.3,0.9,2308.0,Delivering Better Value,,False,E08000028,34.884,22.346610102914603,West Midlands
2019,Sefton,E08000014,North West,412.0,139.0,33.737864077669904,318.0,73.0,23.0,1.8,1905.0,Delivering Better Value,,False,E08000014,27.035,-213.58020931882686,North West
2019,Sheffield,E08000019,Yorkshire and The Humber,602.0,230.0,38.205980066445186,397.0,282.0,71.0,3.5,3550.0,Delivering Better Value,,False,E08000019,27.06,35.665567537989766,Yorkshire and The Humber
2019,Shropshire,E06000051,West Midlands,237.0,68.0,28.691983122362867,126.0,95.0,75.4,0.2,2051.0,Safety Valve,2024.0,False,E06000051,17.153,-12.998871841155236,West Midlands
2019,Slough,E06000039,South East,255.0,41.0,16.07843137254902,213.0,133.0,62.4,0.4,1514.0,Delivering Better Value,,False,E06000039,22.965,-62.28004973551058,South East
2019,Solihull,E08000029,West Midlands,300.0,25.0,8.333333333333332,284.0,96.0,33.8,2.3,1738.0,None,,False,E08000029,17.37,-123.91724224463458,West Midlands
2019,Somerset,E10000027,South West,1062.0,228.0,21.468926553672315,545.0,114.0,20.9,4.7,2757.0,Safety Valve,2022.0,False,E10000027,15.1,420.0,South West
2019,South Gloucestershire,E06000025,South West,358.0,143.0,39.94413407821229,266.0,192.0,72.2,2.8,2110.0,None,,False,E06000025,11.66,-163.35867004568817,South West
2019,South Tyneside,E08000023,North East,222.0,72.0,32.432432432432435,164.0,164.0,100.0,1.9,1489.0,Delivering Better Value,,False,E08000023,31.509,-76.94695918101766,North East
2019,Southampton,E06000045,South East,380.0,122.0,32.10526315789474,253.0,138.0,54.5,2.6,1859.0,Delivering Better Value,,False,E06000045,26.876,-49.52128400981267,South East
2019,Southend-on-Sea,E06000033,East of England,293.0,140.0,47.781569965870304,139.0,133.0,95.7,1.7,1506.0,Safety Valve,2022.0,False,E06000033,22.375,89.0245192454676,East of England
2019,Southwark,E09000028,London,604.0,254.0,42.05298013245033,269.0,140.0,52.0,3.5,2560.0,None,,False,E09000028,25.811,-45.71678839010263,London
2019,St. Helens,E08000013,North West,319.0,143.0,44.827586206896555,234.0,112.0,47.9,1.6,1225.0,None,,False,E08000013,31.518,17.166605832755412,North West
2019,Staffordshire,E10000028,West Midlands,1420.0,442.0,31.12676056338028,526.0,70.0,13.3,1.4,5564.0,None,,False,E10000028,21.8,-59.295914560029544,West Midlands
2019,Stockport,E08000007,North West,362.0,67.0,18.50828729281768,275.0,126.0,45.8,1.0,2432.0,Delivering Better Value,,False,E08000007,20.826,-124.0442509218942,North West
2019,Stockton-on-Tees,E06000004,North East,411.0,73.0,17.761557177615572,262.0,191.0,72.9,1.0,1667.0,Delivering Better Value,,False,E06000004,25.79,-27.798582847773254,North East
2019,Stoke-on-Trent,E06000021,West Midlands,394.0,100.0,25.380710659898476,254.0,70.0,27.6,1.0,2406.0,Delivering Better Value,,False,E06000021,34.504,-73.32441752980493,West Midlands
2019,Suffolk,E10000029,East of England,1326.0,457.0,34.464555052790345,851.0,288.0,33.8,1.7,5998.0,Safety Valve,2023.0,False,E10000029,18.5,-121.58468249402205,East of England
2019,Sunderland,E08000024,North East,468.0,220.0,47.008547008547005,232.0,151.0,65.1,2.9,1923.0,Delivering Better Value,,False,E08000024,30.586,-53.66217431431479,North East
2019,Surrey,E10000030,South East,2213.0,496.0,22.413014008133754,1471.0,800.0,54.4,2.8,10429.0,Safety Valve,2022.0,False,E10000030,11.2,-97.4078183412789,South East
2019,Sutton,E09000029,London,282.0,114.0,40.42553191489361,142.0,139.0,97.9,6.0,1946.0,None,,False,E09000029,13.987,-8.113658104103964,London
2019,Swindon,E06000030,South West,466.0,96.0,20.600858369098713,237.0,72.0,30.4,1.6,2270.0,Safety Valve,2022.0,False,E06000030,18.622,-55.86907359123078,South West
2019,Tameside,E08000008,North West,479.0,79.0,16.49269311064718,409.0,179.0,43.8,0.8,1696.0,Delivering Better Value,,False,E08000008,31.374,-52.72066292612881,North West
2019,Telford and Wrekin,E06000020,West Midlands,237.0,43.0,18.143459915611814,184.0,180.0,97.8,1.6,1708.0,None,,False,E06000020,24.988,-13.558122582564712,West Midlands
2019,Thurrock,E06000034,East of England,318.0,1.0,0.3144654088050315,240.0,182.0,75.8,0.7,1756.0,Safety Valve,2022.0,False,E06000034,20.928,4.968631748234107,East of England
2019,Torbay,E06000027,South West,317.0,97.0,30.5993690851735,188.0,50.0,26.6,0.6,1527.0,None,,False,E06000027,28.104,-68.62511883912934,South West
2019,Tower Hamlets,E09000030,London,456.0,39.0,8.552631578947368,307.0,124.0,40.4,0.3,3070.0,Delivering Better Value,,False,E09000030,27.913,-84.19037917313871,London
2019,Trafford,E08000009,North West,337.0,33.0,9.792284866468842,328.0,198.0,60.4,0.5,2069.0,Delivering Better Value,,False,E08000009,16.088,-53.30755182625864,North West
2019,Wakefield,E08000036,Yorkshire and The Humber,481.0,72.0,14.96881496881497,346.0,298.0,86.1,0.2,2249.0,Delivering Better Value,,False,E08000036,27.306,15.805416373526434,Yorkshire and The Humber
2019,Walsall,E08000030,West Midlands,527.0,94.0,17.836812144212523,247.0,11.0,4.5,1.2,2205.0,Delivering Better Value,,False,E08000030,31.555,-33.44929665322653,West Midlands
2019,Waltham Forest,E09000031,London,390.0,102.0,26.153846153846157,265.0,126.0,47.5,0.6,2162.0,None,,False,E09000031,25.209,-5.266610898661568,London
2019,Wandsworth,E09000032,London,419.0,70.0,16.706443914081145,250.0,109.0,43.6,2.0,2493.0,None,,False,E09000032,16.611,-82.66153075583753,London
2019,Warrington,E06000007,North West,177.0,45.0,25.423728813559322,103.0,19.0,18.4,0.4,1675.0,None,,False,E06000007,18.942,5.489054224843525,North West
2019,Warwickshire,E10000031,West Midlands,827.0,246.0,29.746070133010882,560.0,494.0,88.2,0.8,4556.0,Safety Valve,2024.0,False,E10000031,16.1,-84.70726177481714,West Midlands
2019,West Berkshire,E06000037,South East,202.0,75.0,37.12871287128713,155.0,131.0,84.5,0.6,1109.0,None,,False,E06000037,9.952,-78.25796647785617,South East
2019,West Northamptonshire7,,,,,,,,,,,None,,False,,,,
2019,West Sussex,E10000032,South East,791.0,335.0,42.35145385587863,764.0,596.0,78.0,1.9,6059.0,Safety Valve,2022.0,False,E10000032,14.5,-134.77971750030574,South East
2019,Westminster,E09000033,London,198.0,69.0,34.84848484848485,129.0,128.0,99.2,2.6,1253.0,None,,False,E09000033,20.339,35.13358481180567,London
2019,Westmorland and Furness8,,,,,,,,,,,None,,False,,,,
2019,Wigan,E08000010,North West,326.0,60.0,18.404907975460123,253.0,234.0,92.5,0.2,1993.0,Delivering Better Value,,False,E08000010,25.713,-3.5805263373306593,North West
2019,Wiltshire,E06000054,South West,722.0,57.0,7.894736842105263,580.0,412.0,71.0,0.7,3896.0,Safety Valve,2024.0,False,E06000054,13.447,-94.65312252703772,South West
2019,Windsor and Maidenhead,E06000040,South East,233.0,81.0,34.763948497854074,152.0,128.0,84.2,2.2,1113.0,None,,False,E06000040,8.376,-9.708242165443252,South East
2019,Wirral,E08000015,North West,474.0,108.0,22.78481012658228,297.0,95.0,32.0,1.5,2841.0,Delivering Better Value,,False,E08000015,29.589,-63.00319654637175,North West
2019,Wokingham,E06000041,South East,213.0,26.0,12.206572769953052,161.0,14.0,8.7,2.1,1118.0,None,,False,E06000041,5.846,-146.7285510909672,South East
2019,Wolverhampton,E08000031,West Midlands,403.0,0.0,0.0,260.0,131.0,50.4,0.2,1985.0,Delivering Better Value,,False,E08000031,32.102,14.760040122277417,West Midlands
2019,Worcestershire,E10000034,West Midlands,630.0,185.0,29.365079365079367,628.0,291.0,46.3,1.5,4281.0,Safety Valve,2022.0,False,E10000034,18.9,-121.71695768259714,West Midlands
2019,York,E06000014,Yorkshire and The Humber,202.0,45.0,22.277227722772277,150.0,133.0,88.7,0.3,983.0,None,,False,E06000014,11.727,-2.62102117240386,Yorkshire and The Humber
2020,Barking and Dagenham,E09000002,London,322.0,112.0,34.78260869565217,264.0,191.0,72.3,2.4,1854.0,None,,False,E09000002,32.768,42.933665428953844,London
2020,Barnet,E09000003,London,523.0,134.0,25.621414913957935,365.0,355.0,97.3,3.0,3076.0,None,,False,E09000003,16.148,38.45173284992435,London
2020,Barnsley,E08000016,Yorkshire and The Humber,425.0,124.0,29.176470588235293,302.0,225.0,74.5,1.0,2378.0,Delivering Better Value,,False,E08000016,29.933,-86.15047015304681,Yorkshire and The Humber
2020,Bath and North East Somerset,E06000022,South West,295.0,25.0,8.47457627118644,248.0,128.0,51.6,0.9,1604.0,None,,False,E06000022,11.745,-174.57691101282896,South West
2020,Bedford,E06000055,East of England,222.0,52.0,23.423423423423422,163.0,157.0,96.3,0.7,1376.0,None,,False,E06000055,18.932,8.299313315352013,East of England
2020,Bexley,E09000004,London,342.0,0.0,0.0,284.0,220.0,77.5,1.0,2333.0,Delivering Better Value,,False,E09000004,16.273,-25.38016868957005,London
2020,Birmingham,E08000025,West Midlands,1391.0,373.0,26.815240833932425,802.0,388.0,48.4,2.5,10365.0,None,,False,E08000025,38.067,58.72653275231282,West Midlands
2020,Blackburn with Darwen,E06000008,North West,144.0,2.0,1.3888888888888888,164.0,153.0,93.3,0.2,1005.0,Delivering Better Value,,False,E06000008,36.013,36.111653045083045,North West
2020,Blackpool,E06000009,North West,172.0,10.0,5.813953488372093,173.0,148.0,85.5,0.0,1230.0,None,,False,E06000009,45.039,-23.27175770061806,North West
2020,Bolton,E08000001,North West,417.0,25.0,5.995203836930456,287.0,156.0,54.4,0.5,2679.0,Delivering Better Value,,False,E08000001,30.691,-59.496577305974945,North West
2020,"Bournemouth, Christchurch and Poole",E06000058,South West,481.0,101.0,20.997920997921,264.0,51.0,19.3,,,None,,False,E06000058,18.173,-287.21499375938356,South West
2020,"Bournemouth, Christchurch and Poole5",,,,,,,,,0.8,2747.0,None,,False,,,,
2020,Bracknell Forest,E06000036,South East,233.0,41.0,17.59656652360515,189.0,38.0,20.1,0.6,1078.0,Safety Valve,2022.0,False,E06000036,10.241,-203.65135525188293,South East
2020,Bradford,E08000032,Yorkshire and The Humber,792.0,248.0,31.313131313131315,818.0,435.0,53.2,1.0,4977.0,Delivering Better Value,,False,E08000032,34.666,88.76165870074132,Yorkshire and The Humber
2020,Brent,E09000005,London,470.0,144.0,30.638297872340424,385.0,316.0,82.1,1.6,2931.0,None,,False,E09000005,25.558,-65.47638592539909,London
2020,Brighton and Hove,E06000043,South East,371.0,109.0,29.380053908355798,264.0,181.0,68.6,1.9,1969.0,None,,False,E06000043,20.761,9.199525129182183,South East
2020,"Bristol, City of",E06000023,South West,728.0,24.0,3.296703296703297,674.0,145.0,21.5,1.4,3199.0,None,,False,E06000023,26.363,-132.19450500904907,South West
2020,Bromley,E09000006,London,575.0,133.0,23.130434782608695,453.0,256.0,56.5,2.4,3050.0,None,,False,E09000006,14.163,-69.66255410883606,London
2020,Buckinghamshire,E06000060,South East,940.0,339.0,36.06382978723404,566.0,420.0,74.2,3.2,5260.0,None,,False,E10000002,10.7,,South East
2020,Bury,E08000002,North West,370.0,56.0,15.135135135135137,302.0,82.0,27.2,0.6,1993.0,Delivering Better Value,,False,E08000002,23.682,-148.92288950561507,North West
2020,Calderdale,E08000033,Yorkshire and The Humber,271.0,46.0,16.974169741697416,210.0,177.0,84.3,0.6,1570.0,Delivering Better Value,,False,E08000033,26.351,-41.74828869859278,Yorkshire and The Humber
2020,Cambridgeshire,E10000003,East of England,1042.0,155.0,14.875239923224568,867.0,667.0,76.9,1.5,5461.0,Safety Valve,2022.0,False,E10000003,15.4,-96.53909491826376,East of England
2020,Camden,E09000007,London,174.0,0.0,0.0,129.0,120.0,93.0,1.8,1428.0,None,,False,E09000007,20.131,187.75934422372356,London
2020,Central Bedfordshire,E06000056,East of England,478.0,50.0,10.460251046025103,324.0,166.0,51.2,1.6,2155.0,None,,False,E06000056,12.152,-113.79511962203458,East of England
2020,Cheshire East,E06000049,North West,634.0,35.0,5.520504731861198,639.0,239.0,37.4,0.6,2982.0,Safety Valve,2023.0,False,E06000049,14.475,-323.92588794438404,North West
2020,Cheshire West and Chester,E06000050,North West,486.0,114.0,23.456790123456788,259.0,116.0,44.8,1.3,2464.0,None,,False,E06000050,18.083,-33.822279680324016,North West
2020,City of London,E09000001,London,5.0,1.0,20.0,3.0,3.0,100.0,4.5,22.0,None,,True,,,,
2020,Cornwall,E06000052,South West,718.0,139.0,19.35933147632312,401.0,379.0,94.5,1.1,3467.0,Delivering Better Value,,False,E06000052,23.072,-76.45536083436696,South West
2020,County Durham,E06000047,North East,675.0,230.0,34.074074074074076,398.0,229.0,57.5,2.8,3879.0,None,,False,E06000047,26.793,-29.864810868407034,North East
2020,Coventry,E08000026,West Midlands,480.0,105.0,21.875,382.0,219.0,57.3,1.4,2458.0,Delivering Better Value,,False,E08000026,25.613,55.693984850385796,West Midlands
2020,Croydon,E09000008,London,530.0,137.0,25.849056603773583,377.0,227.0,60.2,2.1,3538.0,Delivering Better Value,,False,E09000008,22.477,-44.38230137921405,London
2020,Cumberland8,,,,,,,,,,,None,,False,,,,
2020,Cumbria,E10000006,North West,627.0,127.0,20.25518341307815,502.0,402.0,80.1,,,None,,False,,,,
2020,Cumbria8,,,,,,,,,0.6,4019.0,None,,False,,,,
2020,Darlington,E06000005,North East,117.0,0.0,0.0,67.0,44.0,65.7,0.8,799.0,Delivering Better Value,,False,E06000005,25.657,-28.388131220051605,North East
2020,Derby,E06000015,East Midlands,442.0,32.0,7.239819004524888,324.0,75.0,23.1,1.0,2724.0,Delivering Better Value,,False,E06000015,26.323,-66.5338940391795,East Midlands
2020,Derbyshire,E10000007,East Midlands,674.0,187.0,27.74480712166172,686.0,501.0,73.0,4.4,4199.0,Safety Valve,2023.0,False,E10000007,22.1,-37.878031061676296,East Midlands
2020,Devon,E10000008,South West,1693.0,466.0,27.525103366804487,1319.0,715.0,54.2,1.5,7810.0,Safety Valve,2024.0,False,E10000008,18.0,-261.58204279188436,South West
2020,Doncaster,E08000017,Yorkshire and The Humber,398.0,118.0,29.64824120603015,273.0,196.0,71.8,0.8,2371.0,Delivering Better Value,,False,E08000017,30.289,-127.33109562313943,Yorkshire and The Humber
2020,Dorset,E06000059,South West,581.0,79.0,13.59724612736661,467.0,373.0,79.9,,,Safety Valve,2024.0,False,E06000059,15.735,-283.8995711017918,South West
2020,Dorset6,,,,,,,,,2.6,3160.0,None,,False,,,,
2020,Dudley,E08000027,West Midlands,463.0,19.0,4.103671706263499,440.0,108.0,24.5,2.1,2813.0,None,,False,E08000027,24.103,-146.80117377612368,West Midlands
2020,Ealing,E09000009,London,497.0,102.0,20.52313883299799,473.0,312.0,66.0,1.6,3068.0,None,,False,E09000009,22.71,-7.920287564501248,London
2020,East Riding of Yorkshire,E06000011,Yorkshire and The Humber,425.0,53.0,12.470588235294118,346.0,312.0,90.2,0.6,2574.0,Delivering Better Value,,False,E06000011,15.605,-127.50211638484473,Yorkshire and The Humber
2020,East Sussex,E10000011,South East,577.0,270.0,46.79376083188908,262.0,216.0,82.4,5.0,3978.0,Safety Valve,2022.0,False,E10000011,21.4,53.82573179033356,South East
2020,Enfield,E09000010,London,652.0,187.0,28.680981595092025,610.0,271.0,44.4,0.7,3650.0,None,,False,E09000010,25.781,-65.40398666382919,London
2020,Essex,E10000012,East of England,1868.0,737.0,39.45396145610278,1084.0,307.0,28.3,3.0,11015.0,Safety Valve,2023.0,False,E10000012,19.7,38.84799113800008,East of England
2020,Gateshead,E08000037,North East,161.0,43.0,26.70807453416149,169.0,124.0,73.4,1.8,1442.0,Delivering Better Value,,False,E08000037,28.217,22.377263150964513,North East
2020,Gloucestershire,E10000013,South West,700.0,23.0,3.2857142857142856,553.0,350.0,63.3,0.6,4375.0,Safety Valve,2022.0,False,E10000013,16.2,-112.53492330548914,South West
2020,Greenwich,E09000011,London,374.0,26.0,6.951871657754011,282.0,91.0,32.3,3.4,2065.0,Delivering Better Value,,False,E09000011,24.464,4.333130182939534,London
2020,Hackney,E09000012,London,478.0,93.0,19.456066945606697,446.0,186.0,41.7,1.3,2741.0,None,,False,E09000012,32.526,-111.47546155643842,London
2020,Halton,E06000006,North West,206.0,25.0,12.135922330097088,178.0,102.0,57.3,0.7,1065.0,Delivering Better Value,,False,E06000006,32.325,-72.18010796221323,North West
2020,Hammersmith and Fulham,E09000013,London,133.0,13.0,9.774436090225564,163.0,131.0,80.4,0.9,1249.0,None,,False,E09000013,22.27,-21.469485589619932,London
2020,Hampshire,E10000014,South East,1956.0,216.0,11.042944785276074,1543.0,24.0,1.6,1.7,10761.0,Safety Valve,2022.0,False,E10000014,14.6,-156.1640891218873,South East
2020,Haringey,E09000014,London,409.0,115.0,28.117359413202937,309.0,213.0,68.9,2.0,2514.0,None,,False,E09000014,27.956,-58.23547879733717,London
2020,Harrow,E09000015,London,269.0,35.0,13.011152416356877,209.0,69.0,33.0,0.7,1932.0,None,,False,E09000015,15.031,-6.770715972043664,London
2020,Hartlepool,E06000001,North East,144.0,43.0,29.86111111111111,93.0,52.0,55.9,0.1,753.0,Delivering Better Value,,False,E06000001,35.037,-26.291399166059964,North East
2020,Havering,E09000016,London,295.0,93.0,31.52542372881356,227.0,138.0,60.8,0.5,1967.0,Delivering Better Value,,False,E09000016,16.789,-86.83666379036286,London
2020,Herefordshire,,,,,,,,,1.1,1135.0,None,,False,,,,
2020,"Herefordshire, County of",E06000019,West Midlands,227.0,76.0,33.480176211453745,133.0,121.0,91.0,,,None,,False,E06000019,18.89,-60.55323455509911,West Midlands
2020,Hertfordshire,E10000015,East of England,1681.0,395.0,23.49791790600833,1170.0,922.0,78.8,2.1,8782.0,Safety Valve,2022.0,False,E10000015,13.8,1.661850229832579,East of England
2020,Hillingdon,E09000017,London,459.0,106.0,23.093681917211327,369.0,126.0,34.1,1.2,2929.0,Delivering Better Value,,False,E09000017,18.223,-112.61657518340634,London
2020,Hounslow,E09000018,London,451.0,155.0,34.368070953436806,310.0,281.0,90.6,1.1,2808.0,Delivering Better Value,,False,E09000018,21.487,-57.99421664690341,London
2020,Isle of Wight,E06000046,South East,282.0,105.0,37.234042553191486,129.0,105.0,81.4,3.5,1349.0,Safety Valve,2022.0,False,E06000046,23.294,-96.87536001880915,South East
2020,Isles of Scilly,E06000053,South West,2.0,1.0,50.0,1.0,1.0,100.0,0.0,13.0,None,,True,,,,
2020,Islington,E09000019,London,279.0,32.0,11.469534050179211,198.0,73.0,36.9,2.0,1548.0,None,,False,E09000019,27.535,60.070500270754366,London
2020,Kensington and Chelsea,E09000020,London,91.0,28.0,30.76923076923077,82.0,75.0,91.5,3.1,754.0,None,,False,E09000020,21.526,-43.11157059314954,London
2020,Kent,E10000016,South East,3255.0,822.0,25.253456221198157,1976.0,615.0,31.1,2.3,16408.0,Safety Valve,2023.0,False,E10000016,22.4,-62.02411711255822,South East
2020,Kingston upon Hull,,,,,,,,,0.7,2194.0,Delivering Better Value,,False,,,,
2020,"Kingston upon Hull, City of",E06000010,Yorkshire and The Humber,450.0,70.0,15.555555555555555,293.0,256.0,87.4,,,None,,False,E06000010,40.564,-7.545077978224948,Yorkshire and The Humber
2020,Kingston upon Thames,E09000021,London,229.0,44.0,19.213973799126638,210.0,183.0,87.1,2.6,1479.0,None,,False,E09000021,11.381,-37.8047600619195,London
2020,Kirklees,E08000034,Yorkshire and The Humber,560.0,173.0,30.892857142857146,447.0,373.0,83.4,0.6,3645.0,Delivering Better Value,,False,E08000034,25.151,-160.3226600804439,Yorkshire and The Humber
2020,Knowsley,E08000011,North West,231.0,41.0,17.74891774891775,233.0,171.0,73.4,0.3,1761.0,Delivering Better Value,,False,E08000011,43.006,-148.86696445017498,North West
2020,Lambeth,E09000022,London,402.0,82.0,20.398009950248756,341.0,168.0,49.3,1.2,2823.0,None,,False,E09000022,25.422,52.10278945099941,London
2020,Lancashire,E10000017,North West,924.0,83.0,8.982683982683982,907.0,678.0,74.8,1.7,8185.0,Delivering Better Value,,False,E10000017,27.3,24.810005761888608,North West
2020,Leeds,E08000035,Yorkshire and The Humber,786.0,223.0,28.37150127226463,563.0,500.0,88.8,0.8,4929.0,Delivering Better Value,,False,E08000035,27.301,11.78571767609645,Yorkshire and The Humber
2020,Leicester,E06000016,East Midlands,530.0,0.0,0.0,434.0,218.0,50.2,1.8,2991.0,Delivering Better Value,,False,E06000016,30.877,-38.18949493350222,East Midlands
2020,Leicestershire,E10000018,East Midlands,994.0,151.0,15.191146881287725,765.0,612.0,80.0,1.9,5471.0,None,,False,E10000018,15.6,-74.55000931272117,East Midlands
2020,Lewisham,E09000023,London,499.0,73.0,14.629258517034069,401.0,140.0,34.9,1.5,3010.0,None,,False,E09000023,26.661,-97.19346274264245,London
2020,Lincolnshire,E10000019,East Midlands,1075.0,167.0,15.534883720930232,1371.0,553.0,40.3,1.4,6556.0,Delivering Better Value,,False,E10000019,20.5,36.53392576634801,East Midlands
2020,Liverpool,E08000012,North West,925.0,382.0,41.2972972972973,560.0,51.0,9.1,1.8,3732.0,Delivering Better Value,,False,E08000012,42.412,17.841847450166636,North West
2020,Luton,E06000032,East of England,307.0,53.0,17.263843648208468,240.0,156.0,65.0,0.5,1935.0,Delivering Better Value,,False,E06000032,25.908,30.45496371484134,East of England
2020,Manchester,E08000003,North West,822.0,104.0,12.652068126520682,783.0,397.0,50.7,0.8,5198.0,Delivering Better Value,,False,E08000003,40.005,-19.53325473351156,North West
2020,Medway,E06000035,South East,397.0,173.0,43.57682619647355,243.0,151.0,62.1,3.5,2693.0,Safety Valve,2022.0,False,E06000035,23.936,-91.57543523051623,South East
2020,Merton,E09000024,London,418.0,15.0,3.588516746411483,403.0,152.0,37.7,0.4,2275.0,None,,False,E09000024,14.649,-319.56073144273984,London
2020,Middlesbrough,E06000002,North East,184.0,40.0,21.73913043478261,113.0,112.0,99.1,0.2,1317.0,Delivering Better Value,,False,E06000002,40.46,-138.04170207834352,North East
2020,Milton Keynes,E06000042,South East,392.0,88.0,22.448979591836736,300.0,164.0,54.7,2.1,2373.0,Delivering Better Value,,False,E06000042,17.98,32.29915213042422,South East
2020,Newcastle upon Tyne,E08000021,North East,351.0,51.0,14.529914529914532,276.0,148.0,53.6,0.4,1938.0,Delivering Better Value,,False,E08000021,29.79,36.4919648950691,North East
2020,Newham,E09000025,London,559.0,31.0,5.545617173524151,449.0,60.0,13.4,1.8,1652.0,Delivering Better Value,,False,E09000025,29.577,-49.514351534773674,London
2020,Norfolk,E10000020,East of England,1020.0,119.0,11.666666666666666,1231.0,252.0,20.5,2.4,8046.0,Safety Valve,2023.0,False,E10000020,22.5,-164.492957178028,East of England
2020,North East Lincolnshire,E06000012,Yorkshire and The Humber,211.0,3.0,1.4218009478672986,206.0,152.0,73.8,0.3,1157.0,Delivering Better Value,,False,E06000012,31.335,-42.33630927402434,Yorkshire and The Humber
2020,North Lincolnshire,E06000013,Yorkshire and The Humber,178.0,35.0,19.662921348314608,146.0,61.0,41.8,0.3,1097.0,Delivering Better Value,,False,E06000013,22.096,71.31238773677335,Yorkshire and The Humber
2020,North Northamptonshire7,,,,,,,,,,,None,,False,,,,
2020,North Somerset,E06000024,South West,333.0,30.0,9.00900900900901,298.0,54.0,18.1,1.1,1342.0,Delivering Better Value,,False,E06000024,15.825,-102.13023505914887,South West
2020,North Tyneside,E08000022,North East,352.0,35.0,9.943181818181818,287.0,160.0,55.7,0.5,1900.0,None,,False,E08000022,22.279,-66.34659380170548,North East
2020,North Yorkshire,E10000023,Yorkshire and The Humber,669.0,87.0,13.004484304932735,440.0,108.0,24.5,1.7,3688.0,Safety Valve,2023.0,False,E10000023,14.2,380.0,Yorkshire and The Humber
2020,Northamptonshire,E10000021,East Midlands,1071.0,132.0,12.324929971988796,722.0,157.0,21.7,,,Safety Valve,2022.0,False,,,,
2020,Northamptonshire7,,,,,,,,,2.6,5073.0,None,,False,,,,
2020,Northumberland,E06000057,North East,449.0,94.0,20.93541202672606,365.0,312.0,85.5,1.0,2491.0,None,,False,E06000057,22.079,6.381174708745347,North East
2020,Nottingham,E06000018,East Midlands,237.0,85.0,35.86497890295359,160.0,131.0,81.9,1.4,1343.0,Delivering Better Value,,False,E06000018,34.891,97.26733470005556,East Midlands
2020,Nottinghamshire,E10000024,East Midlands,674.0,148.0,21.958456973293767,402.0,392.0,97.5,2.2,3327.0,Delivering Better Value,,False,E10000024,22.9,37.73897908683308,East Midlands
2020,Oldham,E08000004,North West,339.0,96.0,28.31858407079646,230.0,209.0,90.9,2.0,2576.0,Delivering Better Value,,False,E08000004,33.155,19.374544712383823,North West
2020,Oxfordshire,E10000025,South East,1078.0,197.0,18.274582560296846,826.0,463.0,56.1,1.9,4841.0,Safety Valve,2023.0,False,E10000025,14.4,-95.9384876602658,South East
2020,Peterborough,E06000031,East of England,263.0,134.0,50.950570342205324,163.0,62.0,38.0,1.1,2182.0,Safety Valve,2023.0,False,E06000031,27.821,12.817451756673462,East of England
2020,Plymouth,E06000026,South West,405.0,83.0,20.493827160493826,259.0,112.0,43.2,1.8,2420.0,Delivering Better Value,,False,E06000026,26.619,-26.748704272128013,South West
2020,Portsmouth,E06000044,South East,257.0,31.0,12.062256809338521,189.0,182.0,96.3,0.7,1712.0,Delivering Better Value,,False,E06000044,26.899,95.12746934040437,South East
2020,Reading,E06000038,South East,271.0,66.0,24.354243542435423,190.0,160.0,84.2,2.8,1514.0,Delivering Better Value,,False,E06000038,19.619,-85.46871819107169,South East
2020,Redbridge,E09000026,London,354.0,58.0,16.38418079096045,326.0,201.0,61.7,1.4,2474.0,None,,False,E09000026,17.203,29.981096213470547,London
2020,Redcar and Cleveland,E06000003,North East,190.0,11.0,5.7894736842105265,170.0,122.0,71.8,0.3,1360.0,Delivering Better Value,,False,E06000003,29.792,-71.6090027634839,North East
2020,Richmond upon Thames,E09000027,London,233.0,40.0,17.167381974248926,198.0,162.0,81.8,2.2,1598.0,None,,False,E09000027,9.425,7.422471567831032,London
2020,Rochdale,E08000005,North West,315.0,35.0,11.11111111111111,230.0,217.0,94.3,0.7,2131.0,Delivering Better Value,,False,E08000005,34.415,-72.25118804721197,North West
2020,Rotherham,E08000018,Yorkshire and The Humber,465.0,107.0,23.010752688172044,331.0,203.0,61.3,1.0,2500.0,Delivering Better Value,,False,E08000018,29.55,-5.372900729798646,Yorkshire and The Humber
2020,Rutland,E06000017,East Midlands,62.0,13.0,20.967741935483872,44.0,32.0,72.7,4.9,283.0,None,,False,E06000017,8.381,-93.949263502455,East Midlands
2020,Salford,E08000006,North West,361.0,79.0,21.88365650969529,290.0,185.0,63.8,1.6,2507.0,Delivering Better Value,,False,E08000006,34.21,-46.366820609837525,North West
2020,Sandwell,E08000028,West Midlands,382.0,57.0,14.921465968586386,319.0,221.0,69.3,0.4,2567.0,Delivering Better Value,,False,E08000028,34.884,22.346610102914603,West Midlands
2020,Sefton,E08000014,North West,431.0,111.0,25.754060324825982,296.0,198.0,66.9,1.7,2138.0,Delivering Better Value,,False,E08000014,27.035,-213.58020931882686,North West
2020,Sheffield,E08000019,Yorkshire and The Humber,516.0,62.0,12.015503875968992,401.0,220.0,54.9,3.2,3663.0,Delivering Better Value,,False,E08000019,27.06,35.665567537989766,Yorkshire and The Humber
2020,Shropshire,E06000051,West Midlands,261.0,1.0,0.38314176245210724,185.0,122.0,65.9,0.3,2094.0,Safety Valve,2024.0,False,E06000051,17.153,-12.998871841155236,West Midlands
2020,Slough,E06000039,South East,268.0,37.0,13.805970149253731,185.0,93.0,50.3,0.4,1600.0,Delivering Better Value,,False,E06000039,22.965,-62.28004973551058,South East
2020,Solihull,E08000029,West Midlands,326.0,66.0,20.245398773006134,273.0,142.0,52.0,2.5,1832.0,None,,False,E08000029,17.37,-123.91724224463458,West Midlands
2020,Somerset,E10000027,South West,968.0,58.0,5.991735537190083,1041.0,358.0,34.4,5.0,3569.0,Safety Valve,2022.0,False,E10000027,15.1,420.0,South West
2020,South Gloucestershire,E06000025,South West,353.0,115.0,32.577903682719544,276.0,155.0,56.2,1.7,2349.0,None,,False,E06000025,11.66,-163.35867004568817,South West
2020,South Tyneside,E08000023,North East,174.0,63.0,36.206896551724135,149.0,107.0,71.8,1.9,1552.0,Delivering Better Value,,False,E08000023,31.509,-76.94695918101766,North East
2020,Southampton,E06000045,South East,416.0,119.0,28.60576923076923,252.0,252.0,100.0,3.2,1949.0,Delivering Better Value,,False,E06000045,26.876,-49.52128400981267,South East
2020,Southend-on-Sea,E06000033,East of England,225.0,106.0,47.11111111111111,102.0,88.0,86.3,1.5,1509.0,Safety Valve,2022.0,False,E06000033,22.375,89.0245192454676,East of England
2020,Southwark,E09000028,London,472.0,192.0,40.67796610169492,335.0,165.0,49.3,2.1,2700.0,None,,False,E09000028,25.811,-45.71678839010263,London
2020,St. Helens,E08000013,North West,279.0,83.0,29.749103942652326,172.0,164.0,95.3,2.9,1295.0,None,,False,E08000013,31.518,17.166605832755412,North West
2020,Staffordshire,E10000028,West Midlands,1128.0,553.0,49.02482269503546,1177.0,383.0,32.5,2.1,6627.0,None,,False,E10000028,21.8,-59.295914560029544,West Midlands
2020,Stockport,E08000007,North West,329.0,59.0,17.933130699088146,302.0,129.0,42.7,0.9,2452.0,Delivering Better Value,,False,E08000007,20.826,-124.0442509218942,North West
2020,Stockton-on-Tees,E06000004,North East,349.0,40.0,11.461318051575931,223.0,153.0,68.6,1.0,1720.0,Delivering Better Value,,False,E06000004,25.79,-27.798582847773254,North East
2020,Stoke-on-Trent,E06000021,West Midlands,400.0,93.0,23.25,283.0,53.0,18.7,0.9,2542.0,Delivering Better Value,,False,E06000021,34.504,-73.32441752980493,West Midlands
2020,Suffolk,E10000029,East of England,966.0,350.0,36.231884057971016,669.0,536.0,80.1,1.6,6252.0,Safety Valve,2023.0,False,E10000029,18.5,-121.58468249402205,East of England
2020,Sunderland,E08000024,North East,364.0,128.0,35.16483516483517,255.0,169.0,66.3,1.6,2035.0,Delivering Better Value,,False,E08000024,30.586,-53.66217431431479,North East
2020,Surrey,E10000030,South East,1761.0,412.0,23.39579784213515,1447.0,879.0,60.7,3.5,11298.0,Safety Valve,2022.0,False,E10000030,11.2,-97.4078183412789,South East
2020,Sutton,E09000029,London,295.0,109.0,36.94915254237288,191.0,183.0,95.8,3.9,2059.0,None,,False,E09000029,13.987,-8.113658104103964,London
2020,Swindon,E06000030,South West,370.0,84.0,22.702702702702705,280.0,139.0,49.6,2.6,2172.0,Safety Valve,2022.0,False,E06000030,18.622,-55.86907359123078,South West
2020,Tameside,E08000008,North West,441.0,74.0,16.780045351473923,301.0,209.0,69.4,1.6,1841.0,Delivering Better Value,,False,E08000008,31.374,-52.72066292612881,North West
2020,Telford and Wrekin,E06000020,West Midlands,193.0,55.0,28.497409326424872,162.0,159.0,98.1,1.7,1845.0,None,,False,E06000020,24.988,-13.558122582564712,West Midlands
2020,Thurrock,E06000034,East of England,221.0,71.0,32.126696832579185,201.0,149.0,74.1,1.1,1836.0,Safety Valve,2022.0,False,E06000034,20.928,4.968631748234107,East of England
2020,Torbay,E06000027,South West,201.0,50.0,24.875621890547265,159.0,86.0,54.1,0.4,1578.0,None,,False,E06000027,28.104,-68.62511883912934,South West
2020,Tower Hamlets,E09000030,London,321.0,27.0,8.411214953271028,258.0,18.0,7.0,0.3,3293.0,Delivering Better Value,,False,E09000030,27.913,-84.19037917313871,London
2020,Trafford,E08000009,North West,305.0,21.0,6.885245901639345,282.0,229.0,81.2,0.4,2286.0,Delivering Better Value,,False,E08000009,16.088,-53.30755182625864,North West
2020,Wakefield,E08000036,Yorkshire and The Humber,415.0,40.0,9.63855421686747,327.0,289.0,88.4,0.7,2423.0,Delivering Better Value,,False,E08000036,27.306,15.805416373526434,Yorkshire and The Humber
2020,Walsall,E08000030,West Midlands,461.0,68.0,14.75054229934924,520.0,102.0,19.6,1.1,2688.0,Delivering Better Value,,False,E08000030,31.555,-33.44929665322653,West Midlands
2020,Waltham Forest,E09000031,London,389.0,17.0,4.370179948586118,303.0,270.0,89.1,0.7,2338.0,None,,False,E09000031,25.209,-5.266610898661568,London
2020,Wandsworth,E09000032,London,404.0,74.0,18.316831683168317,434.0,202.0,46.5,1.4,2565.0,None,,False,E09000032,16.611,-82.66153075583753,London
2020,Warrington,E06000007,North West,174.0,21.0,12.068965517241379,160.0,135.0,84.4,0.5,1686.0,None,,False,E06000007,18.942,5.489054224843525,North West
2020,Warwickshire,E10000031,West Midlands,722.0,296.0,40.99722991689751,583.0,520.0,89.2,1.7,4872.0,Safety Valve,2024.0,False,E10000031,16.1,-84.70726177481714,West Midlands
2020,West Berkshire,E06000037,South East,213.0,65.0,30.51643192488263,105.0,82.0,78.1,1.5,1139.0,None,,False,E06000037,9.952,-78.25796647785617,South East
2020,West Northamptonshire7,,,,,,,,,,,None,,False,,,,
2020,West Sussex,E10000032,South East,800.0,366.0,45.75,649.0,363.0,55.9,2.2,6388.0,Safety Valve,2022.0,False,E10000032,14.5,-134.77971750030574,South East
2020,Westminster,E09000033,London,171.0,52.0,30.409356725146196,142.0,135.0,95.1,2.8,1328.0,None,,False,E09000033,20.339,35.13358481180567,London
2020,Westmorland and Furness8,,,,,,,,,,,None,,False,,,,
2020,Wigan,E08000010,North West,312.0,72.0,23.076923076923077,259.0,190.0,73.4,0.1,2186.0,Delivering Better Value,,False,E08000010,25.713,-3.5805263373306593,North West
2020,Wiltshire,E06000054,South West,588.0,44.0,7.482993197278912,407.0,202.0,49.6,1.1,4148.0,Safety Valve,2024.0,False,E06000054,13.447,-94.65312252703772,South West
2020,Windsor and Maidenhead,E06000040,South East,136.0,41.0,30.14705882352941,95.0,90.0,94.7,3.6,1075.0,None,,False,E06000040,8.376,-9.708242165443252,South East
2020,Wirral,E08000015,North West,558.0,164.0,29.39068100358423,364.0,191.0,52.5,2.0,3226.0,Delivering Better Value,,False,E08000015,29.589,-63.00319654637175,North West
2020,Wokingham,E06000041,South East,266.0,57.0,21.428571428571427,204.0,122.0,59.8,1.3,1354.0,None,,False,E06000041,5.846,-146.7285510909672,South East
2020,Wolverhampton,E08000031,West Midlands,388.0,32.0,8.24742268041237,348.0,85.0,24.4,0.2,2238.0,Delivering Better Value,,False,E08000031,32.102,14.760040122277417,West Midlands
2020,Worcestershire,E10000034,West Midlands,630.0,136.0,21.58730158730159,483.0,461.0,95.4,1.8,4344.0,Safety Valve,2022.0,False,E10000034,18.9,-121.71695768259714,West Midlands
2020,York,E06000014,Yorkshire and The Humber,215.0,17.0,7.906976744186046,154.0,115.0,74.7,0.2,1083.0,None,,False,E06000014,11.727,-2.62102117240386,Yorkshire and The Humber
2021,Barking and Dagenham,E09000002,London,262.0,37.0,14.122137404580155,236.0,159.0,67.4,2.3,1918.0,None,,False,E09000002,32.768,42.933665428953844,London
2021,Barnet,E09000003,London,617.0,175.0,28.363047001620746,364.0,309.0,84.9,2.9,3389.0,None,,False,E09000003,16.148,38.45173284992435,London
2021,Barnsley,E08000016,Yorkshire and The Humber,463.0,182.0,39.30885529157667,229.0,191.0,83.4,1.5,2569.0,Delivering Better Value,,False,E08000016,29.933,-86.15047015304681,Yorkshire and The Humber
2021,Bath and North East Somerset,E06000022,South West,401.0,53.0,13.216957605985039,269.0,157.0,58.4,0.8,1783.0,None,,False,E06000022,11.745,-174.57691101282896,South West
2021,Bedford,E06000055,East of England,299.0,69.0,23.076923076923077,215.0,187.0,87.0,1.3,1557.0,None,,False,E06000055,18.932,8.299313315352013,East of England
2021,Bexley,E09000004,London,467.0,78.0,16.70235546038544,318.0,215.0,67.6,1.2,2628.0,Delivering Better Value,,False,E09000004,16.273,-25.38016868957005,London
2021,Birmingham,E08000025,West Midlands,1967.0,454.0,23.08083375699034,1230.0,670.0,54.5,3.3,11205.0,None,,False,E08000025,38.067,58.72653275231282,West Midlands
2021,Blackburn with Darwen,E06000008,North West,159.0,6.0,3.7735849056603774,118.0,113.0,95.8,0.2,1077.0,Delivering Better Value,,False,E06000008,36.013,36.111653045083045,North West
2021,Blackpool,E06000009,North West,216.0,24.0,11.11111111111111,141.0,103.0,73.0,0.2,1320.0,None,,False,E06000009,45.039,-23.27175770061806,North West
2021,Bolton,E08000001,North West,471.0,111.0,23.56687898089172,258.0,159.0,61.6,0.3,2865.0,Delivering Better Value,,False,E08000001,30.691,-59.496577305974945,North West
2021,"Bournemouth, Christchurch and Poole",E06000058,South West,592.0,79.0,13.344594594594595,455.0,123.0,27.0,,,None,,False,E06000058,18.173,-287.21499375938356,South West
2021,"Bournemouth, Christchurch and Poole5",,,,,,,,,1.1,3173.0,None,,False,,,,
2021,Bracknell Forest,E06000036,South East,242.0,44.0,18.181818181818183,195.0,96.0,49.2,1.6,1181.0,Safety Valve,2022.0,False,E06000036,10.241,-203.65135525188293,South East
2021,Bradford,E08000032,Yorkshire and The Humber,1070.0,232.0,21.682242990654206,648.0,522.0,80.6,1.0,5175.0,Delivering Better Value,,False,E08000032,34.666,88.76165870074132,Yorkshire and The Humber
2021,Brent,E09000005,London,442.0,148.0,33.4841628959276,335.0,182.0,54.3,1.7,3098.0,None,,False,E09000005,25.558,-65.47638592539909,London
2021,Brighton and Hove,E06000043,South East,424.0,106.0,25.0,275.0,193.0,70.2,1.8,2171.0,None,,False,E06000043,20.761,9.199525129182183,South East
2021,"Bristol, City of",E06000023,South West,850.0,71.0,8.352941176470589,563.0,185.0,32.9,1.0,3545.0,None,,False,E06000023,26.363,-132.19450500904907,South West
2021,Bromley,E09000006,London,709.0,175.0,24.682651622002822,476.0,177.0,37.2,2.1,3452.0,None,,False,E09000006,14.163,-69.66255410883606,London
2021,Buckinghamshire,E06000060,South East,1138.0,359.0,31.54657293497364,707.0,556.0,78.6,2.7,5793.0,None,,False,E10000002,10.7,,South East
2021,Bury,E08000002,North West,477.0,121.0,25.366876310272534,263.0,90.0,34.2,0.6,2220.0,Delivering Better Value,,False,E08000002,23.682,-148.92288950561507,North West
2021,Calderdale,E08000033,Yorkshire and The Humber,352.0,98.0,27.84090909090909,262.0,257.0,98.1,1.4,1821.0,Delivering Better Value,,False,E08000033,26.351,-41.74828869859278,Yorkshire and The Humber
2021,Cambridgeshire,E10000003,East of England,1278.0,180.0,14.084507042253522,874.0,594.0,68.0,1.1,6298.0,Safety Valve,2022.0,False,E10000003,15.4,-96.53909491826376,East of England
2021,Camden,E09000007,London,140.0,31.0,22.142857142857142,115.0,101.0,87.8,2.2,1491.0,None,,False,E09000007,20.131,187.75934422372356,London
2021,Central Bedfordshire,E06000056,East of England,618.0,25.0,4.0453074433656955,474.0,51.0,10.8,0.6,2571.0,None,,False,E06000056,12.152,-113.79511962203458,East of England
2021,Cheshire East,E06000049,North West,881.0,112.0,12.712826333711691,654.0,427.0,65.3,0.8,3546.0,Safety Valve,2023.0,False,E06000049,14.475,-323.92588794438404,North West
2021,Cheshire West and Chester,E06000050,North West,651.0,222.0,34.10138248847927,426.0,120.0,28.2,2.0,2858.0,None,,False,E06000050,18.083,-33.822279680324016,North West
2021,City of London,E09000001,London,1.0,1.0,100.0,1.0,1.0,100.0,0.0,20.0,None,,True,,,,
2021,Cornwall,E06000052,South West,626.0,165.0,26.357827476038338,449.0,398.0,88.6,1.2,3935.0,Delivering Better Value,,False,E06000052,23.072,-76.45536083436696,South West
2021,County Durham,E06000047,North East,673.0,135.0,20.059435364041605,519.0,246.0,47.4,2.2,4133.0,None,,False,E06000047,26.793,-29.864810868407034,North East
2021,Coventry,E08000026,West Midlands,532.0,120.0,22.55639097744361,354.0,255.0,72.0,1.4,2701.0,Delivering Better Value,,False,E08000026,25.613,55.693984850385796,West Midlands
2021,Croydon,E09000008,London,646.0,109.0,16.873065015479877,313.0,127.0,40.6,1.7,3671.0,Delivering Better Value,,False,E09000008,22.477,-44.38230137921405,London
2021,Cumberland8,,,,,,,,,,,None,,False,,,,
2021,Cumbria,E10000006,North West,717.0,85.0,11.85495118549512,583.0,434.0,74.4,,,None,,False,,,,
2021,Cumbria8,,,,,,,,,0.8,4407.0,None,,False,,,,
2021,Darlington,E06000005,North East,154.0,30.0,19.480519480519483,109.0,94.0,86.2,0.6,885.0,Delivering Better Value,,False,E06000005,25.657,-28.388131220051605,North East
2021,Derby,E06000015,East Midlands,531.0,86.0,16.195856873822976,459.0,195.0,42.5,1.4,3044.0,Delivering Better Value,,False,E06000015,26.323,-66.5338940391795,East Midlands
2021,Derbyshire,E10000007,East Midlands,985.0,280.0,28.426395939086298,763.0,661.0,86.6,3.6,4860.0,Safety Valve,2023.0,False,E10000007,22.1,-37.878031061676296,East Midlands
2021,Devon,E10000008,South West,1745.0,385.0,22.063037249283667,856.0,332.0,38.8,1.3,8367.0,Safety Valve,2024.0,False,E10000008,18.0,-261.58204279188436,South West
2021,Doncaster,E08000017,Yorkshire and The Humber,427.0,142.0,33.25526932084309,277.0,187.0,67.5,0.7,2534.0,Delivering Better Value,,False,E08000017,30.289,-127.33109562313943,Yorkshire and The Humber
2021,Dorset,E06000059,South West,662.0,142.0,21.45015105740181,415.0,294.0,70.8,,,Safety Valve,2024.0,False,E06000059,15.735,-283.8995711017918,South West
2021,Dorset6,,,,,,,,,3.4,3457.0,None,,False,,,,
2021,Dudley,E08000027,West Midlands,474.0,24.0,5.063291139240507,414.0,178.0,43.0,2.1,3168.0,None,,False,E08000027,24.103,-146.80117377612368,West Midlands
2021,Ealing,E09000009,London,609.0,179.0,29.39244663382594,347.0,223.0,64.3,1.3,3307.0,None,,False,E09000009,22.71,-7.920287564501248,London
2021,East Riding of Yorkshire,E06000011,Yorkshire and The Humber,488.0,76.0,15.573770491803279,394.0,382.0,97.0,1.1,2884.0,Delivering Better Value,,False,E06000011,15.605,-127.50211638484473,Yorkshire and The Humber
2021,East Sussex,E10000011,South East,698.0,294.0,42.12034383954155,334.0,291.0,87.1,5.5,4277.0,Safety Valve,2022.0,False,E10000011,21.4,53.82573179033356,South East
2021,Enfield,E09000010,London,725.0,85.0,11.724137931034482,639.0,397.0,62.1,0.8,4030.0,None,,False,E09000010,25.781,-65.40398666382919,London
2021,Essex,E10000012,East of England,2628.0,1108.0,42.16133942161339,1219.0,550.0,45.1,3.6,12244.0,Safety Valve,2023.0,False,E10000012,19.7,38.84799113800008,East of England
2021,Gateshead,E08000037,North East,277.0,50.0,18.050541516245488,180.0,168.0,93.3,2.7,1493.0,Delivering Better Value,,False,E08000037,28.217,22.377263150964513,North East
2021,Gloucestershire,E10000013,South West,907.0,75.0,8.26901874310915,576.0,129.0,22.4,0.7,4957.0,Safety Valve,2022.0,False,E10000013,16.2,-112.53492330548914,South West
2021,Greenwich,E09000011,London,431.0,54.0,12.529002320185615,289.0,114.0,39.4,3.7,2272.0,Delivering Better Value,,False,E09000011,24.464,4.333130182939534,London
2021,Hackney,E09000012,London,498.0,153.0,30.72289156626506,345.0,148.0,42.9,1.6,3215.0,None,,False,E09000012,32.526,-111.47546155643842,London
2021,Halton,E06000006,North West,301.0,34.0,11.295681063122924,192.0,146.0,76.0,0.6,1240.0,Delivering Better Value,,False,E06000006,32.325,-72.18010796221323,North West
2021,Hammersmith and Fulham,E09000013,London,232.0,29.0,12.5,216.0,54.0,25.0,0.9,1251.0,None,,False,E09000013,22.27,-21.469485589619932,London
2021,Hampshire,E10000014,South East,2379.0,215.0,9.03741067675494,2302.0,367.0,15.9,1.7,13038.0,Safety Valve,2022.0,False,E10000014,14.6,-156.1640891218873,South East
2021,Haringey,E09000014,London,492.0,81.0,16.463414634146343,260.0,79.0,30.4,1.7,2656.0,None,,False,E09000014,27.956,-58.23547879733717,London
2021,Harrow,E09000015,London,327.0,56.0,17.12538226299694,240.0,122.0,50.8,0.9,2034.0,None,,False,E09000015,15.031,-6.770715972043664,London
2021,Hartlepool,E06000001,North East,179.0,71.0,39.66480446927375,116.0,54.0,46.6,1.0,815.0,Delivering Better Value,,False,E06000001,35.037,-26.291399166059964,North East
2021,Havering,E09000016,London,372.0,65.0,17.473118279569892,212.0,85.0,40.1,0.7,2098.0,Delivering Better Value,,False,E09000016,16.789,-86.83666379036286,London
2021,Herefordshire,,,,,,,,,1.0,1256.0,None,,False,,,,
2021,"Herefordshire, County of",E06000019,West Midlands,277.0,74.0,26.714801444043324,195.0,164.0,84.1,,,None,,False,E06000019,18.89,-60.55323455509911,West Midlands
2021,Hertfordshire,E10000015,East of England,2165.0,496.0,22.909930715935335,1482.0,1135.0,76.6,2.5,9985.0,Safety Valve,2022.0,False,E10000015,13.8,1.661850229832579,East of England
2021,Hillingdon,E09000017,London,530.0,145.0,27.358490566037734,332.0,288.0,86.7,1.2,3169.0,Delivering Better Value,,False,E09000017,18.223,-112.61657518340634,London
2021,Hounslow,E09000018,London,551.0,193.0,35.027223230490016,307.0,272.0,88.6,1.6,2978.0,Delivering Better Value,,False,E09000018,21.487,-57.99421664690341,London
2021,Isle of Wight,E06000046,South East,361.0,131.0,36.288088642659275,165.0,134.0,81.2,3.7,1477.0,Safety Valve,2022.0,False,E06000046,23.294,-96.87536001880915,South East
2021,Isles of Scilly,E06000053,South West,3.0,0.0,0.0,2.0,2.0,100.0,5.9,17.0,None,,True,,,,
2021,Islington,E09000019,London,327.0,32.0,9.785932721712538,244.0,136.0,55.7,2.6,1675.0,None,,False,E09000019,27.535,60.070500270754366,London
2021,Kensington and Chelsea,E09000020,London,146.0,61.0,41.78082191780822,78.0,62.0,79.5,1.6,814.0,None,,False,E09000020,21.526,-43.11157059314954,London
2021,Kent,E10000016,South East,4047.0,1230.0,30.392883617494444,2882.0,1189.0,41.3,2.2,19258.0,Safety Valve,2023.0,False,E10000016,22.4,-62.02411711255822,South East
2021,Kingston upon Hull,,,,,,,,,1.2,2586.0,Delivering Better Value,,False,,,,
2021,"Kingston upon Hull, City of",E06000010,Yorkshire and The Humber,551.0,163.0,29.58257713248639,319.0,74.0,23.2,,,None,,False,E06000010,40.564,-7.545077978224948,Yorkshire and The Humber
2021,Kingston upon Thames,E09000021,London,240.0,52.0,21.666666666666668,180.0,124.0,68.9,2.7,1613.0,None,,False,E09000021,11.381,-37.8047600619195,London
2021,Kirklees,E08000034,Yorkshire and The Humber,709.0,195.0,27.50352609308886,387.0,157.0,40.6,0.6,3934.0,Delivering Better Value,,False,E08000034,25.151,-160.3226600804439,Yorkshire and The Humber
2021,Knowsley,E08000011,North West,330.0,90.0,27.27272727272727,221.0,177.0,80.1,0.5,1774.0,Delivering Better Value,,False,E08000011,43.006,-148.86696445017498,North West
2021,Lambeth,E09000022,London,549.0,177.0,32.240437158469945,297.0,226.0,76.1,0.9,3123.0,None,,False,E09000022,25.422,52.10278945099941,London
2021,Lancashire,E10000017,North West,1270.0,291.0,22.913385826771655,1184.0,782.0,66.0,1.1,9008.0,Delivering Better Value,,False,E10000017,27.3,24.810005761888608,North West
2021,Leeds,E08000035,Yorkshire and The Humber,803.0,298.0,37.11083437110834,548.0,486.0,88.7,1.5,5311.0,Delivering Better Value,,False,E08000035,27.301,11.78571767609645,Yorkshire and The Humber
2021,Leicester,E06000016,East Midlands,771.0,0.0,0.0,326.0,115.0,35.3,1.6,2957.0,Delivering Better Value,,False,E06000016,30.877,-38.18949493350222,East Midlands
2021,Leicestershire,E10000018,East Midlands,1109.0,368.0,33.18304779080252,620.0,167.0,26.9,2.3,6215.0,None,,False,E10000018,15.6,-74.55000931272117,East Midlands
2021,Lewisham,E09000023,London,585.0,119.0,20.34188034188034,488.0,184.0,37.7,1.3,3381.0,None,,False,E09000023,26.661,-97.19346274264245,London
2021,Lincolnshire,E10000019,East Midlands,1294.0,328.0,25.347758887171562,587.0,555.0,94.5,1.0,6931.0,Delivering Better Value,,False,E10000019,20.5,36.53392576634801,East Midlands
2021,Liverpool,E08000012,North West,1123.0,248.0,22.083704363312556,832.0,498.0,59.9,2.7,4305.0,Delivering Better Value,,False,E08000012,42.412,17.841847450166636,North West
2021,Luton,E06000032,East of England,421.0,120.0,28.50356294536817,304.0,167.0,54.9,0.7,2163.0,Delivering Better Value,,False,E06000032,25.908,30.45496371484134,East of England
2021,Manchester,E08000003,North West,1066.0,52.0,4.878048780487805,949.0,645.0,68.0,0.6,5866.0,Delivering Better Value,,False,E08000003,40.005,-19.53325473351156,North West
2021,Medway,E06000035,South East,563.0,162.0,28.774422735346363,281.0,136.0,48.4,3.7,3083.0,Safety Valve,2022.0,False,E06000035,23.936,-91.57543523051623,South East
2021,Merton,E09000024,London,361.0,52.0,14.40443213296399,334.0,172.0,51.5,0.5,2537.0,None,,False,E09000024,14.649,-319.56073144273984,London
2021,Middlesbrough,E06000002,North East,324.0,5.0,1.5432098765432098,184.0,177.0,96.2,0.4,1378.0,Delivering Better Value,,False,E06000002,40.46,-138.04170207834352,North East
2021,Milton Keynes,E06000042,South East,506.0,141.0,27.865612648221344,305.0,237.0,77.7,1.6,2613.0,Delivering Better Value,,False,E06000042,17.98,32.29915213042422,South East
2021,Newcastle upon Tyne,E08000021,North East,448.0,31.0,6.919642857142858,262.0,39.0,14.9,0.3,2122.0,Delivering Better Value,,False,E08000021,29.79,36.4919648950691,North East
2021,Newham,E09000025,London,717.0,129.0,17.99163179916318,370.0,109.0,29.5,1.8,2005.0,Delivering Better Value,,False,E09000025,29.577,-49.514351534773674,London
2021,Norfolk,E10000020,East of England,1456.0,132.0,9.065934065934066,998.0,535.0,53.6,2.7,8894.0,Safety Valve,2023.0,False,E10000020,22.5,-164.492957178028,East of England
2021,North East Lincolnshire,E06000012,Yorkshire and The Humber,281.0,47.0,16.72597864768683,147.0,50.0,34.0,0.2,1285.0,Delivering Better Value,,False,E06000012,31.335,-42.33630927402434,Yorkshire and The Humber
2021,North Lincolnshire,E06000013,Yorkshire and The Humber,267.0,74.0,27.715355805243448,158.0,128.0,81.0,0.5,1230.0,Delivering Better Value,,False,E06000013,22.096,71.31238773677335,Yorkshire and The Humber
2021,North Northamptonshire,E06000061,East Midlands,406.0,105.0,25.862068965517242,470.0,79.0,16.8,,,None,,False,E06000061,,-29.143773018108995,East Midlands
2021,North Northamptonshire7,,,,,,,,,1.7,3000.0,None,,False,,,,
2021,North Somerset,E06000024,South West,453.0,111.0,24.503311258278146,308.0,192.0,62.3,2.0,1674.0,Delivering Better Value,,False,E06000024,15.825,-102.13023505914887,South West
2021,North Tyneside,E08000022,North East,371.0,72.0,19.40700808625337,303.0,162.0,53.5,0.9,2137.0,None,,False,E08000022,22.279,-66.34659380170548,North East
2021,North Yorkshire,E10000023,Yorkshire and The Humber,729.0,68.0,9.327846364883403,473.0,68.0,14.4,1.4,4131.0,Safety Valve,2023.0,False,E10000023,14.2,380.0,Yorkshire and The Humber
2021,Northamptonshire7,,,,,,,,,,,None,,False,,,,
2021,Northumberland,E06000057,North East,513.0,72.0,14.035087719298245,360.0,289.0,80.3,1.1,2729.0,None,,False,E06000057,22.079,6.381174708745347,North East
2021,Nottingham,E06000018,East Midlands,276.0,105.0,38.04347826086957,153.0,125.0,81.7,1.3,1449.0,Delivering Better Value,,False,E06000018,34.891,97.26733470005556,East Midlands
2021,Nottinghamshire,E10000024,East Midlands,811.0,184.0,22.688039457459926,327.0,144.0,44.0,2.2,3694.0,Delivering Better Value,,False,E10000024,22.9,37.73897908683308,East Midlands
2021,Oldham,E08000004,North West,438.0,101.0,23.059360730593607,282.0,253.0,89.7,1.0,2799.0,Delivering Better Value,,False,E08000004,33.155,19.374544712383823,North West
2021,Oxfordshire,E10000025,South East,1170.0,195.0,16.666666666666664,694.0,213.0,30.7,2.9,5273.0,Safety Valve,2023.0,False,E10000025,14.4,-95.9384876602658,South East
2021,Peterborough,E06000031,East of England,347.0,130.0,37.46397694524496,190.0,130.0,68.4,0.9,2338.0,Safety Valve,2023.0,False,E06000031,27.821,12.817451756673462,East of England
2021,Plymouth,E06000026,South West,494.0,142.0,28.74493927125506,227.0,102.0,44.9,3.6,2680.0,Delivering Better Value,,False,E06000026,26.619,-26.748704272128013,South West
2021,Portsmouth,E06000044,South East,295.0,52.0,17.627118644067796,233.0,226.0,97.0,0.6,1872.0,Delivering Better Value,,False,E06000044,26.899,95.12746934040437,South East
2021,Reading,E06000038,South East,349.0,125.0,35.816618911174785,189.0,170.0,89.9,2.3,1689.0,Delivering Better Value,,False,E06000038,19.619,-85.46871819107169,South East
2021,Redbridge,E09000026,London,432.0,59.0,13.657407407407407,288.0,243.0,84.4,1.3,2668.0,None,,False,E09000026,17.203,29.981096213470547,London
2021,Redcar and Cleveland,E06000003,North East,220.0,9.0,4.090909090909091,168.0,164.0,97.6,0.4,1428.0,Delivering Better Value,,False,E06000003,29.792,-71.6090027634839,North East
2021,Richmond upon Thames,E09000027,London,248.0,53.0,21.370967741935484,204.0,127.0,62.3,2.5,1727.0,None,,False,E09000027,9.425,7.422471567831032,London
2021,Rochdale,E08000005,North West,414.0,124.0,29.951690821256037,318.0,301.0,94.7,0.3,2474.0,Delivering Better Value,,False,E08000005,34.415,-72.25118804721197,North West
2021,Rotherham,E08000018,Yorkshire and The Humber,556.0,148.0,26.618705035971225,302.0,184.0,60.9,1.3,2766.0,Delivering Better Value,,False,E08000018,29.55,-5.372900729798646,Yorkshire and The Humber
2021,Rutland,E06000017,East Midlands,53.0,20.0,37.735849056603776,37.0,16.0,43.2,7.0,314.0,None,,False,E06000017,8.381,-93.949263502455,East Midlands
2021,Salford,E08000006,North West,437.0,94.0,21.51029748283753,255.0,182.0,71.4,1.3,2710.0,Delivering Better Value,,False,E08000006,34.21,-46.366820609837525,North West
2021,Sandwell,E08000028,West Midlands,531.0,35.0,6.591337099811676,413.0,308.0,74.6,0.4,2836.0,Delivering Better Value,,False,E08000028,34.884,22.346610102914603,West Midlands
2021,Sefton,E08000014,North West,602.0,170.0,28.23920265780731,321.0,196.0,61.1,0.9,2417.0,Delivering Better Value,,False,E08000014,27.035,-213.58020931882686,North West
2021,Sheffield,E08000019,Yorkshire and The Humber,807.0,65.0,8.054522924411401,631.0,315.0,49.9,2.1,4098.0,Delivering Better Value,,False,E08000019,27.06,35.665567537989766,Yorkshire and The Humber
2021,Shropshire,E06000051,West Midlands,255.0,27.0,10.588235294117647,189.0,125.0,66.1,1.0,2021.0,Safety Valve,2024.0,False,E06000051,17.153,-12.998871841155236,West Midlands
2021,Slough,E06000039,South East,264.0,32.0,12.121212121212121,166.0,38.0,22.9,0.9,1728.0,Delivering Better Value,,False,E06000039,22.965,-62.28004973551058,South East
2021,Solihull,E08000029,West Midlands,328.0,129.0,39.329268292682926,265.0,145.0,54.7,3.2,2218.0,None,,False,E08000029,17.37,-123.91724224463458,West Midlands
2021,Somerset,E10000027,South West,1021.0,188.0,18.41332027424094,824.0,527.0,64.0,4.7,4486.0,Safety Valve,2022.0,False,E10000027,15.1,420.0,South West
2021,South Gloucestershire,E06000025,South West,427.0,177.0,41.451990632318505,224.0,64.0,28.6,1.8,2659.0,None,,False,E06000025,11.66,-163.35867004568817,South West
2021,South Tyneside,E08000023,North East,226.0,54.0,23.893805309734514,177.0,134.0,75.7,1.6,1550.0,Delivering Better Value,,False,E08000023,31.509,-76.94695918101766,North East
2021,Southampton,E06000045,South East,342.0,115.0,33.62573099415205,248.0,247.0,99.6,2.6,2066.0,Delivering Better Value,,False,E06000045,26.876,-49.52128400981267,South East
2021,Southend-on-Sea,E06000033,East of England,358.0,124.0,34.63687150837989,163.0,155.0,95.1,1.5,1573.0,Safety Valve,2022.0,False,E06000033,22.375,89.0245192454676,East of England
2021,Southwark,E09000028,London,550.0,188.0,34.18181818181818,288.0,179.0,62.2,1.9,2971.0,None,,False,E09000028,25.811,-45.71678839010263,London
2021,St. Helens,E08000013,North West,359.0,0.0,0.0,215.0,205.0,95.3,3.0,1349.0,None,,False,E08000013,31.518,17.166605832755412,North West
2021,Staffordshire,E10000028,West Midlands,1261.0,521.0,41.31641554321966,634.0,466.0,73.5,2.1,6972.0,None,,False,E10000028,21.8,-59.295914560029544,West Midlands
2021,Stockport,E08000007,North West,512.0,71.0,13.8671875,341.0,321.0,94.1,1.3,2713.0,Delivering Better Value,,False,E08000007,20.826,-124.0442509218942,North West
2021,Stockton-on-Tees,E06000004,North East,353.0,46.0,13.031161473087819,201.0,144.0,71.6,0.8,1908.0,Delivering Better Value,,False,E06000004,25.79,-27.798582847773254,North East
2021,Stoke-on-Trent,E06000021,West Midlands,435.0,104.0,23.908045977011493,244.0,9.0,3.7,0.9,2655.0,Delivering Better Value,,False,E06000021,34.504,-73.32441752980493,West Midlands
2021,Suffolk,E10000029,East of England,1322.0,420.0,31.77004538577912,690.0,609.0,88.3,1.6,6786.0,Safety Valve,2023.0,False,E10000029,18.5,-121.58468249402205,East of England
2021,Sunderland,E08000024,North East,543.0,174.0,32.04419889502763,325.0,184.0,56.6,1.5,2391.0,Delivering Better Value,,False,E08000024,30.586,-53.66217431431479,North East
2021,Surrey,E10000030,South East,1908.0,401.0,21.0167714884696,1415.0,921.0,65.1,4.1,12305.0,Safety Valve,2022.0,False,E10000030,11.2,-97.4078183412789,South East
2021,Sutton,E09000029,London,390.0,182.0,46.666666666666664,204.0,161.0,78.9,3.5,2196.0,None,,False,E09000029,13.987,-8.113658104103964,London
2021,Swindon,E06000030,South West,458.0,135.0,29.475982532751093,249.0,204.0,81.9,2.3,2416.0,Safety Valve,2022.0,False,E06000030,18.622,-55.86907359123078,South West
2021,Tameside,E08000008,North West,492.0,98.0,19.91869918699187,359.0,116.0,32.3,0.8,2255.0,Delivering Better Value,,False,E08000008,31.374,-52.72066292612881,North West
2021,Telford and Wrekin,E06000020,West Midlands,211.0,35.0,16.587677725118482,145.0,138.0,95.2,1.2,1823.0,None,,False,E06000020,24.988,-13.558122582564712,West Midlands
2021,Thurrock,E06000034,East of England,352.0,98.0,27.84090909090909,252.0,200.0,79.4,1.0,2027.0,Safety Valve,2022.0,False,E06000034,20.928,4.968631748234107,East of England
2021,Torbay,E06000027,South West,299.0,62.0,20.735785953177256,203.0,161.0,79.3,0.5,1683.0,None,,False,E06000027,28.104,-68.62511883912934,South West
2021,Tower Hamlets,E09000030,London,387.0,32.0,8.2687338501292,311.0,94.0,30.2,0.4,3503.0,Delivering Better Value,,False,E09000030,27.913,-84.19037917313871,London
2021,Trafford,E08000009,North West,413.0,34.0,8.232445520581114,269.0,189.0,70.3,0.2,2498.0,Delivering Better Value,,False,E08000009,16.088,-53.30755182625864,North West
2021,Wakefield,E08000036,Yorkshire and The Humber,550.0,31.0,5.636363636363637,431.0,380.0,88.2,0.7,2767.0,Delivering Better Value,,False,E08000036,27.306,15.805416373526434,Yorkshire and The Humber
2021,Walsall,E08000030,West Midlands,647.0,86.0,13.292117465224113,332.0,120.0,36.1,1.2,2953.0,Delivering Better Value,,False,E08000030,31.555,-33.44929665322653,West Midlands
2021,Waltham Forest,E09000031,London,641.0,70.0,10.9204368174727,466.0,396.0,85.0,0.6,2722.0,None,,False,E09000031,25.209,-5.266610898661568,London
2021,Wandsworth,E09000032,London,509.0,51.0,10.019646365422396,360.0,309.0,85.8,0.7,2748.0,None,,False,E09000032,16.611,-82.66153075583753,London
2021,Warrington,E06000007,North West,238.0,35.0,14.705882352941178,167.0,95.0,56.9,0.3,1773.0,None,,False,E06000007,18.942,5.489054224843525,North West
2021,Warwickshire,E10000031,West Midlands,690.0,310.0,44.927536231884055,492.0,368.0,74.8,2.4,5110.0,Safety Valve,2024.0,False,E10000031,16.1,-84.70726177481714,West Midlands
2021,West Berkshire,E06000037,South East,270.0,93.0,34.44444444444444,152.0,97.0,63.8,2.0,1295.0,None,,False,E06000037,9.952,-78.25796647785617,South East
2021,West Northamptonshire,E06000062,East Midlands,788.0,135.0,17.131979695431472,428.0,133.0,31.1,,,None,,False,E06000062,,-3.4937586148696167,East Midlands
2021,West Northamptonshire7,,,,,,,,,1.8,3044.0,None,,False,,,,
2021,West Sussex,E10000032,South East,1377.0,508.0,36.89179375453885,678.0,241.0,35.5,3.4,6865.0,Safety Valve,2022.0,False,E10000032,14.5,-134.77971750030574,South East
2021,Westminster,E09000033,London,209.0,64.0,30.62200956937799,125.0,109.0,87.2,2.3,1412.0,None,,False,E09000033,20.339,35.13358481180567,London
2021,Westmorland and Furness8,,,,,,,,,,,None,,False,,,,
2021,Wigan,E08000010,North West,523.0,63.0,12.045889101338432,317.0,231.0,72.9,0.8,2408.0,Delivering Better Value,,False,E08000010,25.713,-3.5805263373306593,North West
2021,Wiltshire,E06000054,South West,677.0,77.0,11.37370753323486,399.0,97.0,24.3,1.6,4412.0,Safety Valve,2024.0,False,E06000054,13.447,-94.65312252703772,South West
2021,Windsor and Maidenhead,E06000040,South East,212.0,84.0,39.62264150943396,116.0,105.0,90.5,2.9,1139.0,None,,False,E06000040,8.376,-9.708242165443252,South East
2021,Wirral,E08000015,North West,705.0,117.0,16.595744680851062,322.0,59.0,18.3,2.3,3411.0,Delivering Better Value,,False,E08000015,29.589,-63.00319654637175,North West
2021,Wokingham,E06000041,South East,322.0,46.0,14.285714285714285,236.0,191.0,80.9,1.2,1553.0,None,,False,E06000041,5.846,-146.7285510909672,South East
2021,Wolverhampton,E08000031,West Midlands,457.0,7.0,1.5317286652078774,377.0,124.0,32.9,0.3,2518.0,Delivering Better Value,,False,E08000031,32.102,14.760040122277417,West Midlands
2021,Worcestershire,E10000034,West Midlands,819.0,166.0,20.268620268620268,491.0,399.0,81.3,2.0,4759.0,Safety Valve,2022.0,False,E10000034,18.9,-121.71695768259714,West Midlands
2021,York,E06000014,Yorkshire and The Humber,197.0,44.0,22.33502538071066,192.0,121.0,63.0,0.6,1232.0,None,,False,E06000014,11.727,-2.62102117240386,Yorkshire and The Humber
2022,Barking and Dagenham,E09000002,London,526.0,40.0,7.604562737642586,259.0,64.0,24.7,1.3,2211.0,None,,False,E09000002,32.768,42.933665428953844,London
2022,Barnet,E09000003,London,780.0,208.0,26.666666666666668,480.0,396.0,82.5,3.7,3683.0,None,,False,E09000003,16.148,38.45173284992435,London
2022,Barnsley,E08000016,Yorkshire and The Humber,553.0,151.0,27.305605786618447,231.0,168.0,72.7,1.9,2628.0,Delivering Better Value,,False,E08000016,29.933,-86.15047015304681,Yorkshire and The Humber
2022,Bath and North East Somerset,E06000022,South West,223.0,0.0,0.0,287.0,65.0,22.6,1.4,1967.0,None,,False,E06000022,11.745,-174.57691101282896,South West
2022,Bedford,E06000055,East of England,334.0,82.0,24.550898203592812,224.0,173.0,77.2,1.3,1736.0,None,,False,E06000055,18.932,8.299313315352013,East of England
2022,Bexley,E09000004,London,503.0,92.0,18.290258449304176,386.0,319.0,82.6,1.8,2859.0,Delivering Better Value,,False,E09000004,16.273,-25.38016868957005,London
2022,Birmingham,E08000025,West Midlands,2164.0,851.0,39.32532347504621,1246.0,781.0,62.7,4.9,12503.0,None,,False,E08000025,38.067,58.72653275231282,West Midlands
2022,Blackburn with Darwen,E06000008,North West,209.0,22.0,10.526315789473683,174.0,165.0,94.8,0.7,1210.0,Delivering Better Value,,False,E06000008,36.013,36.111653045083045,North West
2022,Blackpool,E06000009,North West,269.0,18.0,6.691449814126393,149.0,124.0,83.2,0.5,1370.0,None,,False,E06000009,45.039,-23.27175770061806,North West
2022,Bolton,E08000001,North West,599.0,52.0,8.681135225375627,324.0,143.0,44.1,0.6,2856.0,Delivering Better Value,,False,E08000001,30.691,-59.496577305974945,North West
2022,"Bournemouth, Christchurch and Poole",E06000058,South West,837.0,95.0,11.35005973715651,386.0,26.0,6.7,,,None,,False,E06000058,18.173,-287.21499375938356,South West
2022,"Bournemouth, Christchurch and Poole5",,,,,,,,,1.0,3388.0,None,,False,,,,
2022,Bracknell Forest,E06000036,South East,219.0,0.0,0.0,154.0,74.0,48.1,3.4,1253.0,Safety Valve,2022.0,False,E06000036,10.241,-203.65135525188293,South East
2022,Bradford,E08000032,Yorkshire and The Humber,1464.0,436.0,29.78142076502732,796.0,630.0,79.1,1.7,6088.0,Delivering Better Value,,False,E08000032,34.666,88.76165870074132,Yorkshire and The Humber
2022,Brent,E09000005,London,468.0,116.0,24.786324786324787,269.0,101.0,37.5,1.1,3409.0,None,,False,E09000005,25.558,-65.47638592539909,London
2022,Brighton and Hove,E06000043,South East,516.0,144.0,27.906976744186046,320.0,175.0,54.7,3.4,2443.0,None,,False,E06000043,20.761,9.199525129182183,South East
2022,"Bristol, City of",E06000023,South West,1001.0,241.0,24.07592407592408,780.0,297.0,38.1,3.0,4015.0,None,,False,E06000023,26.363,-132.19450500904907,South West
2022,Bromley,E09000006,London,940.0,268.0,28.510638297872344,441.0,120.0,27.2,2.1,3846.0,None,,False,E09000006,14.163,-69.66255410883606,London
2022,Buckinghamshire,E06000060,South East,1365.0,422.0,30.915750915750916,741.0,449.0,60.6,3.2,6437.0,None,,False,E10000002,10.7,,South East
2022,Bury,E08000002,North West,610.0,140.0,22.950819672131146,429.0,219.0,51.0,0.7,2393.0,Delivering Better Value,,False,E08000002,23.682,-148.92288950561507,North West
2022,Calderdale,E08000033,Yorkshire and The Humber,447.0,99.0,22.14765100671141,309.0,307.0,99.4,1.3,2007.0,Delivering Better Value,,False,E08000033,26.351,-41.74828869859278,Yorkshire and The Humber
2022,Cambridgeshire,E10000003,East of England,1313.0,188.0,14.31835491241432,1094.0,401.0,36.7,2.1,7223.0,Safety Valve,2022.0,False,E10000003,15.4,-96.53909491826376,East of England
2022,Camden,E09000007,London,203.0,30.0,14.77832512315271,128.0,124.0,96.9,2.7,1516.0,None,,False,E09000007,20.131,187.75934422372356,London
2022,Central Bedfordshire,E06000056,East of England,736.0,146.0,19.83695652173913,530.0,50.0,9.4,2.0,3078.0,None,,False,E06000056,12.152,-113.79511962203458,East of England
2022,Cheshire East,E06000049,North West,1030.0,177.0,17.184466019417478,745.0,292.0,39.2,1.1,4243.0,Safety Valve,2023.0,False,E06000049,14.475,-323.92588794438404,North West
2022,Cheshire West and Chester,E06000050,North West,856.0,320.0,37.38317757009346,460.0,146.0,31.7,1.6,3254.0,None,,False,E06000050,18.083,-33.822279680324016,North West
2022,City of London,E09000001,London,11.0,1.0,9.090909090909092,1.0,1.0,100.0,8.7,23.0,None,,True,,,,
2022,Cornwall,E06000052,South West,927.0,248.0,26.7529665587918,394.0,101.0,25.6,1.5,4116.0,Delivering Better Value,,False,E06000052,23.072,-76.45536083436696,South West
2022,County Durham,E06000047,North East,965.0,112.0,11.606217616580311,530.0,142.0,26.8,3.4,4441.0,None,,False,E06000047,26.793,-29.864810868407034,North East
2022,Coventry,E08000026,West Midlands,699.0,175.0,25.035765379113016,366.0,284.0,77.6,2.3,3064.0,Delivering Better Value,,False,E08000026,25.613,55.693984850385796,West Midlands
2022,Croydon,E09000008,London,801.0,171.0,21.34831460674157,606.0,228.0,37.6,1.6,4248.0,Delivering Better Value,,False,E09000008,22.477,-44.38230137921405,London
2022,Cumberland8,,,,,,,,,,,None,,False,,,,
2022,Cumbria,E10000006,North West,783.0,106.0,13.537675606641125,509.0,342.0,67.2,,,None,,False,,,,
2022,Cumbria8,,,,,,,,,1.0,4626.0,None,,False,,,,
2022,Darlington,E06000005,North East,202.0,2.0,0.9900990099009901,123.0,111.0,90.2,1.6,970.0,Delivering Better Value,,False,E06000005,25.657,-28.388131220051605,North East
2022,Derby,E06000015,East Midlands,620.0,150.0,24.193548387096776,332.0,84.0,25.3,2.5,3489.0,Delivering Better Value,,False,E06000015,26.323,-66.5338940391795,East Midlands
2022,Derbyshire,E10000007,East Midlands,1488.0,314.0,21.102150537634408,534.0,167.0,31.3,4.0,5392.0,Safety Valve,2023.0,False,E10000007,22.1,-37.878031061676296,East Midlands
2022,Devon,E10000008,South West,2017.0,707.0,35.05205751115518,897.0,106.0,11.8,2.3,9233.0,Safety Valve,2024.0,False,E10000008,18.0,-261.58204279188436,South West
2022,Doncaster,E08000017,Yorkshire and The Humber,516.0,179.0,34.689922480620154,303.0,217.0,71.6,0.8,2638.0,Delivering Better Value,,False,E08000017,30.289,-127.33109562313943,Yorkshire and The Humber
2022,Dorset,E06000059,South West,726.0,132.0,18.181818181818183,460.0,286.0,62.2,,,Safety Valve,2024.0,False,E06000059,15.735,-283.8995711017918,South West
2022,Dorset6,,,,,,,,,2.6,3828.0,None,,False,,,,
2022,Dudley,E08000027,West Midlands,709.0,71.0,10.01410437235543,412.0,164.0,39.8,2.4,3529.0,None,,False,E08000027,24.103,-146.80117377612368,West Midlands
2022,Ealing,E09000009,London,669.0,145.0,21.674140508221225,464.0,162.0,34.9,1.5,3604.0,None,,False,E09000009,22.71,-7.920287564501248,London
2022,East Riding of Yorkshire,E06000011,Yorkshire and The Humber,546.0,95.0,17.399267399267398,367.0,362.0,98.6,0.8,3197.0,Delivering Better Value,,False,E06000011,15.605,-127.50211638484473,Yorkshire and The Humber
2022,East Sussex,E10000011,South East,900.0,349.0,38.77777777777778,460.0,403.0,87.6,7.2,4672.0,Safety Valve,2022.0,False,E10000011,21.4,53.82573179033356,South East
2022,Enfield,E09000010,London,741.0,248.0,33.46828609986505,569.0,502.0,88.2,1.2,4820.0,None,,False,E09000010,25.781,-65.40398666382919,London
2022,Essex,E10000012,East of England,3155.0,660.0,20.91917591125198,1182.0,127.0,10.7,3.8,12254.0,Safety Valve,2023.0,False,E10000012,19.7,38.84799113800008,East of England
2022,Gateshead,E08000037,North East,289.0,77.0,26.643598615916954,169.0,165.0,97.6,3.2,1604.0,Delivering Better Value,,False,E08000037,28.217,22.377263150964513,North East
2022,Gloucestershire,E10000013,South West,1116.0,193.0,17.293906810035843,860.0,246.0,28.6,2.3,5602.0,Safety Valve,2022.0,False,E10000013,16.2,-112.53492330548914,South West
2022,Greenwich,E09000011,London,614.0,118.0,19.218241042345277,415.0,143.0,34.5,3.2,2622.0,Delivering Better Value,,False,E09000011,24.464,4.333130182939534,London
2022,Hackney,E09000012,London,525.0,167.0,31.80952380952381,308.0,146.0,47.4,2.0,3422.0,None,,False,E09000012,32.526,-111.47546155643842,London
2022,Halton,E06000006,North West,383.0,115.0,30.026109660574413,211.0,112.0,53.1,1.0,1436.0,Delivering Better Value,,False,E06000006,32.325,-72.18010796221323,North West
2022,Hammersmith and Fulham,E09000013,London,316.0,91.0,28.79746835443038,195.0,160.0,82.1,1.3,1651.0,None,,False,E09000013,22.27,-21.469485589619932,London
2022,Hampshire,E10000014,South East,3156.0,624.0,19.771863117870723,2623.0,1187.0,45.3,2.9,15664.0,Safety Valve,2022.0,False,E10000014,14.6,-156.1640891218873,South East
2022,Haringey,E09000014,London,490.0,103.0,21.020408163265305,410.0,180.0,43.9,2.4,2741.0,None,,False,E09000014,27.956,-58.23547879733717,London
2022,Harrow,E09000015,London,410.0,2.0,0.4878048780487805,256.0,65.0,25.4,1.8,2110.0,None,,False,E09000015,15.031,-6.770715972043664,London
2022,Hartlepool,E06000001,North East,166.0,56.0,33.734939759036145,78.0,43.0,55.1,1.4,858.0,Delivering Better Value,,False,E06000001,35.037,-26.291399166059964,North East
2022,Havering,E09000016,London,552.0,140.0,25.36231884057971,,,,0.9,2329.0,Delivering Better Value,,False,E09000016,16.789,-86.83666379036286,London
2022,Herefordshire,,,,,,,,,1.1,1369.0,None,,False,,,,
2022,"Herefordshire, County of",E06000019,West Midlands,305.0,92.0,30.16393442622951,162.0,121.0,74.7,,,None,,False,E06000019,18.89,-60.55323455509911,West Midlands
2022,Hertfordshire,E10000015,East of England,2695.0,714.0,26.49350649350649,1585.0,512.0,32.3,2.8,11306.0,Safety Valve,2022.0,False,E10000015,13.8,1.661850229832579,East of England
2022,Hillingdon,E09000017,London,605.0,179.0,29.586776859504134,326.0,215.0,66.0,1.4,3458.0,Delivering Better Value,,False,E09000017,18.223,-112.61657518340634,London
2022,Hounslow,E09000018,London,612.0,212.0,34.64052287581699,327.0,162.0,49.5,2.2,3155.0,Delivering Better Value,,False,E09000018,21.487,-57.99421664690341,London
2022,Isle of Wight,E06000046,South East,382.0,166.0,43.455497382198956,193.0,129.0,66.8,3.4,1725.0,Safety Valve,2022.0,False,E06000046,23.294,-96.87536001880915,South East
2022,Isles of Scilly,E06000053,South West,1.0,1.0,100.0,0.0,0.0,,0.0,16.0,None,,True,,,,
2022,Islington,E09000019,London,454.0,136.0,29.955947136563875,250.0,86.0,34.4,2.6,2039.0,None,,False,E09000019,27.535,60.070500270754366,London
2022,Kensington and Chelsea,E09000020,London,128.0,33.0,25.78125,73.0,63.0,86.3,2.1,797.0,None,,False,E09000020,21.526,-43.11157059314954,London
2022,Kent,E10000016,South East,3669.0,985.0,26.846552194058326,2216.0,907.0,40.9,3.2,20329.0,Safety Valve,2023.0,False,E10000016,22.4,-62.02411711255822,South East
2022,Kingston upon Hull,,,,,,,,,1.6,2798.0,Delivering Better Value,,False,,,,
2022,"Kingston upon Hull, City of",E06000010,Yorkshire and The Humber,611.0,162.0,26.5139116202946,354.0,96.0,27.1,,,None,,False,E06000010,40.564,-7.545077978224948,Yorkshire and The Humber
2022,Kingston upon Thames,E09000021,London,297.0,48.0,16.161616161616163,229.0,164.0,71.6,2.5,1689.0,None,,False,E09000021,11.381,-37.8047600619195,London
2022,Kirklees,E08000034,Yorkshire and The Humber,981.0,5.0,0.509683995922528,402.0,58.0,14.4,0.9,3909.0,Delivering Better Value,,False,E08000034,25.151,-160.3226600804439,Yorkshire and The Humber
2022,Knowsley,E08000011,North West,500.0,127.0,25.4,321.0,204.0,63.6,1.2,2083.0,Delivering Better Value,,False,E08000011,43.006,-148.86696445017498,North West
2022,Lambeth,E09000022,London,548.0,219.0,39.96350364963504,241.0,38.0,15.8,1.3,3300.0,None,,False,E09000022,25.422,52.10278945099941,London
2022,Lancashire,E10000017,North West,972.0,0.0,0.0,1036.0,1022.0,98.6,1.7,9687.0,Delivering Better Value,,False,E10000017,27.3,24.810005761888608,North West
2022,Leeds,E08000035,Yorkshire and The Humber,1284.0,328.0,25.54517133956386,358.0,44.0,12.3,1.5,5492.0,Delivering Better Value,,False,E08000035,27.301,11.78571767609645,Yorkshire and The Humber
2022,Leicester,E06000016,East Midlands,836.0,0.0,0.0,540.0,246.0,45.6,2.0,3392.0,Delivering Better Value,,False,E06000016,30.877,-38.18949493350222,East Midlands
2022,Leicestershire,E10000018,East Midlands,1199.0,480.0,40.033361134278564,605.0,23.0,3.8,3.5,6768.0,None,,False,E10000018,15.6,-74.55000931272117,East Midlands
2022,Lewisham,E09000023,London,652.0,107.0,16.411042944785276,190.0,76.0,40.0,1.5,3430.0,None,,False,E09000023,26.661,-97.19346274264245,London
2022,Lincolnshire,E10000019,East Midlands,1252.0,446.0,35.623003194888184,526.0,403.0,76.6,1.0,7383.0,Delivering Better Value,,False,E10000019,20.5,36.53392576634801,East Midlands
2022,Liverpool,E08000012,North West,1758.0,474.0,26.96245733788396,1187.0,1089.0,91.7,3.7,5488.0,Delivering Better Value,,False,E08000012,42.412,17.841847450166636,North West
2022,Luton,E06000032,East of England,503.0,72.0,14.314115308151093,313.0,86.0,27.5,0.8,2318.0,Delivering Better Value,,False,E06000032,25.908,30.45496371484134,East of England
2022,Manchester,E08000003,North West,1673.0,130.0,7.770472205618649,1299.0,638.0,49.1,0.7,6655.0,Delivering Better Value,,False,E08000003,40.005,-19.53325473351156,North West
2022,Medway,E06000035,South East,309.0,54.0,17.475728155339805,180.0,119.0,66.1,3.7,2971.0,Safety Valve,2022.0,False,E06000035,23.936,-91.57543523051623,South East
2022,Merton,E09000024,London,387.0,87.0,22.48062015503876,260.0,120.0,46.2,1.0,2605.0,None,,False,E09000024,14.649,-319.56073144273984,London
2022,Middlesbrough,E06000002,North East,512.0,58.0,11.328125,387.0,232.0,59.9,0.4,1656.0,Delivering Better Value,,False,E06000002,40.46,-138.04170207834352,North East
2022,Milton Keynes,E06000042,South East,574.0,42.0,7.317073170731707,243.0,207.0,85.2,3.8,2457.0,Delivering Better Value,,False,E06000042,17.98,32.29915213042422,South East
2022,Newcastle upon Tyne,E08000021,North East,658.0,30.0,4.5592705167173255,491.0,63.0,12.8,0.5,2487.0,Delivering Better Value,,False,E08000021,29.79,36.4919648950691,North East
2022,Newham,E09000025,London,703.0,183.0,26.03129445234708,487.0,298.0,61.2,1.4,2810.0,Delivering Better Value,,False,E09000025,29.577,-49.514351534773674,London
2022,Norfolk,E10000020,East of England,2093.0,310.0,14.811275680840899,,,,2.8,9199.0,Safety Valve,2023.0,False,E10000020,22.5,-164.492957178028,East of England
2022,North East Lincolnshire,E06000012,Yorkshire and The Humber,326.0,37.0,11.349693251533742,109.0,23.0,21.1,0.5,1459.0,Delivering Better Value,,False,E06000012,31.335,-42.33630927402434,Yorkshire and The Humber
2022,North Lincolnshire,E06000013,Yorkshire and The Humber,304.0,63.0,20.723684210526315,149.0,124.0,83.2,0.1,1390.0,Delivering Better Value,,False,E06000013,22.096,71.31238773677335,Yorkshire and The Humber
2022,North Northamptonshire,E06000061,East Midlands,980.0,261.0,26.632653061224488,738.0,350.0,47.4,,,None,,False,E06000061,,-29.143773018108995,East Midlands
2022,North Northamptonshire7,,,,,,,,,3.3,3829.0,None,,False,,,,
2022,North Somerset,E06000024,South West,564.0,107.0,18.97163120567376,317.0,121.0,38.2,2.8,1944.0,Delivering Better Value,,False,E06000024,15.825,-102.13023505914887,South West
2022,North Tyneside,E08000022,North East,475.0,151.0,31.789473684210527,260.0,209.0,80.4,1.8,2308.0,None,,False,E08000022,22.279,-66.34659380170548,North East
2022,North Yorkshire,E10000023,Yorkshire and The Humber,971.0,112.0,11.53450051493306,792.0,262.0,33.1,2.7,4739.0,Safety Valve,2023.0,False,E10000023,14.2,380.0,Yorkshire and The Humber
2022,Northamptonshire7,,,,,,,,,,,None,,False,,,,
2022,Northumberland,E06000057,North East,682.0,62.0,9.090909090909092,470.0,312.0,66.4,0.8,2980.0,None,,False,E06000057,22.079,6.381174708745347,North East
2022,Nottingham,E06000018,East Midlands,365.0,111.0,30.41095890410959,154.0,70.0,45.5,2.5,1526.0,Delivering Better Value,,False,E06000018,34.891,97.26733470005556,East Midlands
2022,Nottinghamshire,E10000024,East Midlands,1087.0,228.0,20.97516099356026,488.0,22.0,4.5,3.0,4101.0,Delivering Better Value,,False,E10000024,22.9,37.73897908683308,East Midlands
2022,Oldham,E08000004,North West,484.0,130.0,26.859504132231404,203.0,195.0,96.1,1.0,2836.0,Delivering Better Value,,False,E08000004,33.155,19.374544712383823,North West
2022,Oxfordshire,E10000025,South East,1117.0,202.0,18.084153983885408,667.0,27.0,4.0,4.5,5757.0,Safety Valve,2023.0,False,E10000025,14.4,-95.9384876602658,South East
2022,Peterborough,E06000031,East of England,418.0,172.0,41.14832535885167,178.0,127.0,71.3,1.3,2553.0,Safety Valve,2023.0,False,E06000031,27.821,12.817451756673462,East of England
2022,Plymouth,E06000026,South West,690.0,202.0,29.275362318840582,397.0,175.0,44.1,5.8,2691.0,Delivering Better Value,,False,E06000026,26.619,-26.748704272128013,South West
2022,Portsmouth,E06000044,South East,383.0,61.0,15.926892950391643,210.0,188.0,89.5,0.6,1996.0,Delivering Better Value,,False,E06000044,26.899,95.12746934040437,South East
2022,Reading,E06000038,South East,450.0,90.0,20.0,198.0,149.0,75.3,2.7,1891.0,Delivering Better Value,,False,E06000038,19.619,-85.46871819107169,South East
2022,Redbridge,E09000026,London,489.0,42.0,8.588957055214724,270.0,153.0,56.7,1.2,2884.0,None,,False,E09000026,17.203,29.981096213470547,London
2022,Redcar and Cleveland,E06000003,North East,115.0,24.0,20.869565217391305,149.0,46.0,30.9,1.0,1656.0,Delivering Better Value,,False,E06000003,29.792,-71.6090027634839,North East
2022,Richmond upon Thames,E09000027,London,340.0,60.0,17.647058823529413,247.0,180.0,72.9,3.6,1782.0,None,,False,E09000027,9.425,7.422471567831032,London
2022,Rochdale,E08000005,North West,606.0,155.0,25.577557755775576,389.0,353.0,90.7,0.6,2818.0,Delivering Better Value,,False,E08000005,34.415,-72.25118804721197,North West
2022,Rotherham,E08000018,Yorkshire and The Humber,615.0,134.0,21.788617886178862,276.0,142.0,51.4,1.0,3048.0,Delivering Better Value,,False,E08000018,29.55,-5.372900729798646,Yorkshire and The Humber
2022,Rutland,E06000017,East Midlands,53.0,15.0,28.30188679245283,44.0,18.0,40.9,7.2,349.0,None,,False,E06000017,8.381,-93.949263502455,East Midlands
2022,Salford,E08000006,North West,568.0,21.0,3.697183098591549,135.0,72.0,53.3,2.8,2722.0,Delivering Better Value,,False,E08000006,34.21,-46.366820609837525,North West
2022,Sandwell,E08000028,West Midlands,602.0,51.0,8.471760797342192,438.0,215.0,49.1,0.5,3162.0,Delivering Better Value,,False,E08000028,34.884,22.346610102914603,West Midlands
2022,Sefton,E08000014,North West,704.0,150.0,21.306818181818183,289.0,80.0,27.7,0.8,2696.0,Delivering Better Value,,False,E08000014,27.035,-213.58020931882686,North West
2022,Sheffield,E08000019,Yorkshire and The Humber,1213.0,66.0,5.441055234954658,935.0,742.0,79.4,2.6,4756.0,Delivering Better Value,,False,E08000019,27.06,35.665567537989766,Yorkshire and The Humber
2022,Shropshire,E06000051,West Midlands,515.0,83.0,16.116504854368934,270.0,124.0,45.9,0.8,2115.0,Safety Valve,2024.0,False,E06000051,17.153,-12.998871841155236,West Midlands
2022,Slough,E06000039,South East,276.0,51.0,18.478260869565215,176.0,20.0,11.4,2.1,1877.0,Delivering Better Value,,False,E06000039,22.965,-62.28004973551058,South East
2022,Solihull,E08000029,West Midlands,386.0,125.0,32.38341968911917,187.0,124.0,66.3,4.3,2371.0,None,,False,E08000029,17.37,-123.91724224463458,West Midlands
2022,Somerset,E10000027,South West,1061.0,308.0,29.029217719132895,652.0,453.0,69.5,3.6,5210.0,Safety Valve,2022.0,False,E10000027,15.1,420.0,South West
2022,South Gloucestershire,E06000025,South West,505.0,165.0,32.67326732673268,255.0,45.0,17.6,2.8,2917.0,None,,False,E06000025,11.66,-163.35867004568817,South West
2022,South Tyneside,E08000023,North East,348.0,64.0,18.39080459770115,205.0,157.0,76.6,1.8,1708.0,Delivering Better Value,,False,E08000023,31.509,-76.94695918101766,North East
2022,Southampton,E06000045,South East,519.0,86.0,16.570327552986512,292.0,257.0,88.0,2.1,2250.0,Delivering Better Value,,False,E06000045,26.876,-49.52128400981267,South East
2022,Southend-on-Sea,E06000033,East of England,423.0,134.0,31.678486997635936,173.0,124.0,71.7,2.6,1685.0,Safety Valve,2022.0,False,E06000033,22.375,89.0245192454676,East of England
2022,Southwark,E09000028,London,560.0,213.0,38.035714285714285,184.0,89.0,48.4,2.5,3193.0,None,,False,E09000028,25.811,-45.71678839010263,London
2022,St. Helens,E08000013,North West,390.0,0.0,0.0,173.0,50.0,28.9,2.5,1458.0,None,,False,E08000013,31.518,17.166605832755412,North West
2022,Staffordshire,E10000028,West Midlands,1665.0,640.0,38.43843843843844,714.0,264.0,37.0,3.5,7779.0,None,,False,E10000028,21.8,-59.295914560029544,West Midlands
2022,Stockport,E08000007,North West,705.0,94.0,13.333333333333334,508.0,251.0,49.4,1.7,2924.0,Delivering Better Value,,False,E08000007,20.826,-124.0442509218942,North West
2022,Stockton-on-Tees,E06000004,North East,491.0,49.0,9.979633401221996,281.0,219.0,77.9,1.3,2030.0,Delivering Better Value,,False,E06000004,25.79,-27.798582847773254,North East
2022,Stoke-on-Trent,E06000021,West Midlands,567.0,116.0,20.458553791887123,370.0,232.0,62.7,2.3,2938.0,Delivering Better Value,,False,E06000021,34.504,-73.32441752980493,West Midlands
2022,Suffolk,E10000029,East of England,1631.0,614.0,37.64561618638872,678.0,154.0,22.7,1.8,7609.0,Safety Valve,2023.0,False,E10000029,18.5,-121.58468249402205,East of England
2022,Sunderland,E08000024,North East,572.0,196.0,34.26573426573427,308.0,221.0,71.8,1.8,2742.0,Delivering Better Value,,False,E08000024,30.586,-53.66217431431479,North East
2022,Surrey,E10000030,South East,2837.0,384.0,13.53542474444836,1024.0,270.0,26.4,4.6,13580.0,Safety Valve,2022.0,False,E10000030,11.2,-97.4078183412789,South East
2022,Sutton,E09000029,London,460.0,124.0,26.956521739130434,300.0,155.0,51.7,3.0,2310.0,None,,False,E09000029,13.987,-8.113658104103964,London
2022,Swindon,E06000030,South West,586.0,196.0,33.44709897610921,310.0,223.0,71.9,2.4,2745.0,Safety Valve,2022.0,False,E06000030,18.622,-55.86907359123078,South West
2022,Tameside,E08000008,North West,651.0,146.0,22.427035330261134,381.0,125.0,32.8,0.7,2702.0,Delivering Better Value,,False,E08000008,31.374,-52.72066292612881,North West
2022,Telford and Wrekin,E06000020,West Midlands,327.0,66.0,20.18348623853211,215.0,207.0,96.3,1.4,1917.0,None,,False,E06000020,24.988,-13.558122582564712,West Midlands
2022,Thurrock,E06000034,East of England,410.0,78.0,19.024390243902438,288.0,172.0,59.7,0.9,2193.0,Safety Valve,2022.0,False,E06000034,20.928,4.968631748234107,East of England
2022,Torbay,E06000027,South West,340.0,113.0,33.23529411764706,183.0,119.0,65.0,0.9,1754.0,None,,False,E06000027,28.104,-68.62511883912934,South West
2022,Tower Hamlets,E09000030,London,738.0,0.0,0.0,,,,0.3,4111.0,Delivering Better Value,,False,E09000030,27.913,-84.19037917313871,London
2022,Trafford,E08000009,North West,529.0,44.0,8.31758034026465,452.0,158.0,35.0,0.4,2815.0,Delivering Better Value,,False,E08000009,16.088,-53.30755182625864,North West
2022,Wakefield,E08000036,Yorkshire and The Humber,689.0,132.0,19.15820029027576,462.0,375.0,81.2,1.3,3188.0,Delivering Better Value,,False,E08000036,27.306,15.805416373526434,Yorkshire and The Humber
2022,Walsall,E08000030,West Midlands,940.0,119.0,12.659574468085106,569.0,51.0,9.0,0.6,3536.0,Delivering Better Value,,False,E08000030,31.555,-33.44929665322653,West Midlands
2022,Waltham Forest,E09000031,London,699.0,85.0,12.160228898426324,534.0,457.0,85.6,1.2,3041.0,None,,False,E09000031,25.209,-5.266610898661568,London
2022,Wandsworth,E09000032,London,490.0,139.0,28.367346938775512,369.0,267.0,72.4,1.8,3025.0,None,,False,E09000032,16.611,-82.66153075583753,London
2022,Warrington,E06000007,North West,335.0,48.0,14.328358208955224,220.0,106.0,48.2,1.3,1940.0,None,,False,E06000007,18.942,5.489054224843525,North West
2022,Warwickshire,E10000031,West Midlands,1349.0,564.0,41.808747220163085,596.0,335.0,56.2,2.1,5853.0,Safety Valve,2024.0,False,E10000031,16.1,-84.70726177481714,West Midlands
2022,West Berkshire,E06000037,South East,0.0,0.0,,,,,3.6,1362.0,None,,False,E06000037,9.952,-78.25796647785617,South East
2022,West Northamptonshire,E06000062,East Midlands,1034.0,212.0,20.502901353965182,569.0,57.0,10.0,,,None,,False,E06000062,,-3.4937586148696167,East Midlands
2022,West Northamptonshire7,,,,,,,,,4.2,3360.0,None,,False,,,,
2022,West Sussex,E10000032,South East,1735.0,496.0,28.587896253602306,744.0,123.0,16.5,3.1,7745.0,Safety Valve,2022.0,False,E10000032,14.5,-134.77971750030574,South East
2022,Westminster,E09000033,London,223.0,60.0,26.905829596412556,145.0,124.0,85.5,2.6,1446.0,None,,False,E09000033,20.339,35.13358481180567,London
2022,Westmorland and Furness8,,,,,,,,,,,None,,False,,,,
2022,Wigan,E08000010,North West,624.0,164.0,26.282051282051285,459.0,344.0,74.9,0.6,2789.0,Delivering Better Value,,False,E08000010,25.713,-3.5805263373306593,North West
2022,Wiltshire,E06000054,South West,971.0,139.0,14.315139031925849,553.0,74.0,13.4,2.0,4915.0,Safety Valve,2024.0,False,E06000054,13.447,-94.65312252703772,South West
2022,Windsor and Maidenhead,E06000040,South East,238.0,103.0,43.27731092436975,95.0,84.0,88.4,6.4,1219.0,None,,False,E06000040,8.376,-9.708242165443252,South East
2022,Wirral,E08000015,North West,1064.0,61.0,5.733082706766917,736.0,263.0,35.7,1.7,4080.0,Delivering Better Value,,False,E08000015,29.589,-63.00319654637175,North West
2022,Wokingham,E06000041,South East,415.0,63.0,15.180722891566264,315.0,176.0,55.9,1.9,1795.0,None,,False,E06000041,5.846,-146.7285510909672,South East
2022,Wolverhampton,E08000031,West Midlands,457.0,49.0,10.722100656455142,376.0,92.0,24.5,0.4,2765.0,Delivering Better Value,,False,E08000031,32.102,14.760040122277417,West Midlands
2022,Worcestershire,E10000034,West Midlands,1142.0,207.0,18.126094570928196,559.0,174.0,31.1,1.5,5164.0,Safety Valve,2022.0,False,E10000034,18.9,-121.71695768259714,West Midlands
2022,York,E06000014,Yorkshire and The Humber,174.0,49.0,28.160919540229884,102.0,90.0,88.2,0.3,1288.0,None,,False,E06000014,11.727,-2.62102117240386,Yorkshire and The Humber
2023,Barking and Dagenham,E09000002,London,533.0,75.0,14.071294559099437,527.0,75.0,14.2,1.3,2790.0,None,,False,E09000002,32.768,42.933665428953844,London
2023,Barnet,E09000003,London,985.0,221.0,22.436548223350254,585.0,582.0,99.5,3.6,4046.0,None,,False,E09000003,16.148,38.45173284992435,London
2023,Barnsley,E08000016,Yorkshire and The Humber,650.0,306.0,47.07692307692308,269.0,250.0,92.9,1.3,3122.0,Delivering Better Value,,False,E08000016,29.933,-86.15047015304681,Yorkshire and The Humber
2023,Bath and North East Somerset,E06000022,South West,560.0,130.0,23.214285714285715,317.0,117.0,36.9,1.0,2415.0,None,,False,E06000022,11.745,-174.57691101282896,South West
2023,Bedford,E06000055,East of England,396.0,70.0,17.67676767676768,337.0,299.0,88.7,1.1,1979.0,None,,False,E06000055,18.932,8.299313315352013,East of England
2023,Bexley,E09000004,London,671.0,144.0,21.460506706408346,397.0,325.0,81.9,1.5,3220.0,Delivering Better Value,,False,E09000004,16.273,-25.38016868957005,London
2023,Birmingham,E08000025,West Midlands,2528.0,840.0,33.22784810126582,1107.0,652.0,58.9,4.4,11887.0,None,,False,E08000025,38.067,58.72653275231282,West Midlands
2023,Blackburn with Darwen,E06000008,North West,309.0,39.0,12.62135922330097,221.0,202.0,91.4,0.6,1401.0,Delivering Better Value,,False,E06000008,36.013,36.111653045083045,North West
2023,Blackpool,E06000009,North West,359.0,38.0,10.584958217270195,195.0,165.0,84.6,0.5,1546.0,None,,False,E06000009,45.039,-23.27175770061806,North West
2023,Bolton,E08000001,North West,716.0,55.0,7.681564245810056,630.0,277.0,44.0,0.6,3374.0,Delivering Better Value,,False,E08000001,30.691,-59.496577305974945,North West
2023,"Bournemouth, Christchurch and Poole",E06000058,South West,903.0,354.0,39.202657807308974,273.0,13.0,4.8,,,None,,False,E06000058,18.173,-287.21499375938356,South West
2023,"Bournemouth, Christchurch and Poole5",,,,,,,,,2.1,4183.0,None,,False,,,,
2023,Bracknell Forest,E06000036,South East,346.0,108.0,31.213872832369944,256.0,102.0,39.8,2.8,1585.0,Safety Valve,2022.0,False,E06000036,10.241,-203.65135525188293,South East
2023,Bradford,E08000032,Yorkshire and The Humber,2307.0,677.0,29.34547030775899,1145.0,817.0,71.4,2.5,7396.0,Delivering Better Value,,False,E08000032,34.666,88.76165870074132,Yorkshire and The Humber
2023,Brent,E09000005,London,603.0,176.0,29.187396351575458,384.0,144.0,37.5,1.2,3710.0,None,,False,E09000005,25.558,-65.47638592539909,London
2023,Brighton and Hove,E06000043,South East,488.0,181.0,37.09016393442623,318.0,244.0,76.7,2.6,2733.0,None,,False,E06000043,20.761,9.199525129182183,South East
2023,"Bristol, City of",E06000023,South West,1189.0,244.0,20.521446593776282,697.0,397.0,57.0,2.1,4714.0,None,,False,E06000023,26.363,-132.19450500904907,South West
2023,Bromley,E09000006,London,844.0,319.0,37.796208530805686,577.0,165.0,28.6,2.7,4406.0,None,,False,E09000006,14.163,-69.66255410883606,London
2023,Buckinghamshire,E10000002,South East,1577.0,464.0,29.422954977805958,929.0,434.0,46.7,2.6,7209.0,None,,False,E10000002,10.7,,South East
2023,Bury,E08000002,North West,675.0,247.0,36.592592592592595,436.0,323.0,74.1,1.3,2959.0,Delivering Better Value,,False,E08000002,23.682,-148.92288950561507,North West
2023,Calderdale,E08000033,Yorkshire and The Humber,530.0,69.0,13.018867924528301,448.0,438.0,97.8,0.7,2345.0,Delivering Better Value,,False,E08000033,26.351,-41.74828869859278,Yorkshire and The Humber
2023,Cambridgeshire,E10000003,East of England,1702.0,261.0,15.334900117508813,884.0,400.0,45.2,1.6,7655.0,Safety Valve,2022.0,False,E10000003,15.4,-96.53909491826376,East of England
2023,Camden,E09000007,London,236.0,13.0,5.508474576271186,183.0,177.0,96.7,2.9,1589.0,None,,False,E09000007,20.131,187.75934422372356,London
2023,Central Bedfordshire,E06000056,East of England,909.0,145.0,15.951595159515952,721.0,198.0,27.5,2.6,3711.0,None,,False,E06000056,12.152,-113.79511962203458,East of England
2023,Cheshire East,E06000049,North West,962.0,256.0,26.611226611226613,600.0,398.0,66.3,1.9,4931.0,Safety Valve,2023.0,False,E06000049,14.475,-323.92588794438404,North West
2023,Cheshire West and Chester,E06000050,North West,953.0,360.0,37.77544596012592,506.0,33.0,6.5,1.3,3744.0,None,,False,E06000050,18.083,-33.822279680324016,North West
2023,City of London,E09000001,London,2.0,0.0,0.0,5.0,5.0,100.0,8.3,24.0,None,,True,,,,
2023,Cornwall,E06000052,South West,1173.0,321.0,27.365728900255753,524.0,9.0,1.7,2.3,4534.0,Delivering Better Value,,False,E06000052,23.072,-76.45536083436696,South West
2023,County Durham,E06000047,North East,1042.0,271.0,26.00767754318618,554.0,10.0,1.8,4.4,4833.0,None,,False,E06000047,26.793,-29.864810868407034,North East
2023,Coventry,E08000026,West Midlands,924.0,230.0,24.891774891774894,544.0,191.0,35.1,2.6,3346.0,Delivering Better Value,,False,E08000026,25.613,55.693984850385796,West Midlands
2023,Croydon,E09000008,London,920.0,170.0,18.478260869565215,691.0,570.0,82.5,1.2,4779.0,Delivering Better Value,,False,E09000008,22.477,-44.38230137921405,London
2023,Cumberland,E06000063,North West,551.0,129.0,23.41197822141561,393.0,104.0,26.5,,,None,,False,E06000063,27.1,-0.0,North West
2023,Cumberland8,,,,,,,,,1.0,2803.0,None,,False,,,,
2023,Cumbria8,,,,,,,,,,,None,,False,,,,
2023,Darlington,E06000005,North East,226.0,26.0,11.504424778761061,168.0,141.0,83.9,1.3,1071.0,Delivering Better Value,,False,E06000005,25.657,-28.388131220051605,North East
2023,Derby,E06000015,East Midlands,775.0,183.0,23.612903225806452,523.0,118.0,22.6,1.9,3827.0,Delivering Better Value,,False,E06000015,26.323,-66.5338940391795,East Midlands
2023,Derbyshire,E10000007,East Midlands,2017.0,301.0,14.923153197818543,1310.0,302.0,23.1,4.0,6724.0,Safety Valve,2023.0,False,E10000007,22.1,-37.878031061676296,East Midlands
2023,Devon,E10000008,South West,2148.0,753.0,35.05586592178771,980.0,48.0,4.9,4.1,10061.0,Safety Valve,2024.0,False,E10000008,18.0,-261.58204279188436,South West
2023,Doncaster,E08000017,Yorkshire and The Humber,703.0,248.0,35.2773826458037,448.0,192.0,42.9,1.7,2920.0,Delivering Better Value,,False,E08000017,30.289,-127.33109562313943,Yorkshire and The Humber
2023,Dorset,E06000059,South West,837.0,189.0,22.58064516129032,568.0,342.0,60.2,,,Safety Valve,2024.0,False,E06000059,15.735,-283.8995711017918,South West
2023,Dorset6,,,,,,,,,2.6,4208.0,None,,False,,,,
2023,Dudley,E08000027,West Midlands,608.0,146.0,24.013157894736842,390.0,177.0,45.4,2.5,3896.0,None,,False,E08000027,24.103,-146.80117377612368,West Midlands
2023,Ealing,E09000009,London,857.0,247.0,28.821470245040842,597.0,493.0,82.6,1.4,4042.0,None,,False,E09000009,22.71,-7.920287564501248,London
2023,East Riding of Yorkshire,E06000011,Yorkshire and The Humber,676.0,144.0,21.301775147928996,478.0,472.0,98.7,1.3,3596.0,Delivering Better Value,,False,E06000011,15.605,-127.50211638484473,Yorkshire and The Humber
2023,East Sussex,E10000011,South East,1111.0,456.0,41.044104410441044,499.0,436.0,87.4,7.0,5049.0,Safety Valve,2022.0,False,E10000011,21.4,53.82573179033356,South East
2023,Enfield,E09000010,London,728.0,205.0,28.15934065934066,478.0,457.0,95.6,1.1,4986.0,None,,False,E09000010,25.781,-65.40398666382919,London
2023,Essex,E10000012,East of England,3891.0,820.0,21.074273965561552,1611.0,15.0,0.9,4.1,13951.0,Safety Valve,2023.0,False,E10000012,19.7,38.84799113800008,East of England
2023,Gateshead,E08000037,North East,430.0,164.0,38.139534883720934,224.0,191.0,85.3,6.3,1887.0,Delivering Better Value,,False,E08000037,28.217,22.377263150964513,North East
2023,Gloucestershire,E10000013,South West,1436.0,455.0,31.685236768802227,739.0,259.0,35.0,3.9,6406.0,Safety Valve,2022.0,False,E10000013,16.2,-112.53492330548914,South West
2023,Greenwich,E09000011,London,717.0,93.0,12.97071129707113,404.0,224.0,55.4,2.4,2875.0,Delivering Better Value,,False,E09000011,24.464,4.333130182939534,London
2023,Hackney,E09000012,London,,,,,,,1.8,3659.0,None,,False,E09000012,32.526,-111.47546155643842,London
2023,Halton,E06000006,North West,409.0,164.0,40.09779951100245,231.0,67.0,29.0,1.4,1726.0,Delivering Better Value,,False,E06000006,32.325,-72.18010796221323,North West
2023,Hammersmith and Fulham,E09000013,London,331.0,103.0,31.1178247734139,212.0,171.0,80.7,1.6,1829.0,None,,False,E09000013,22.27,-21.469485589619932,London
2023,Hampshire,E10000014,South East,3485.0,912.0,26.16929698708752,2357.0,1777.0,75.4,3.3,17614.0,Safety Valve,2022.0,False,E10000014,14.6,-156.1640891218873,South East
2023,Haringey,E09000014,London,692.0,249.0,35.982658959537574,225.0,220.0,97.8,2.8,3151.0,None,,False,E09000014,27.956,-58.23547879733717,London
2023,Harrow,E09000015,London,532.0,80.0,15.037593984962406,382.0,86.0,22.5,1.0,2470.0,None,,False,E09000015,15.031,-6.770715972043664,London
2023,Hartlepool,E06000001,North East,166.0,60.0,36.144578313253014,116.0,51.0,44.0,2.4,934.0,Delivering Better Value,,False,E06000001,35.037,-26.291399166059964,North East
2023,Havering,E09000016,London,637.0,139.0,21.821036106750395,487.0,459.0,94.3,1.2,2737.0,Delivering Better Value,,False,E09000016,16.789,-86.83666379036286,London
2023,Herefordshire,,,,,,,,,1.3,1571.0,None,,False,,,,
2023,"Herefordshire, County of",E06000019,West Midlands,401.0,85.0,21.197007481296758,288.0,222.0,77.1,,,None,,False,E06000019,18.89,-60.55323455509911,West Midlands
2023,Hertfordshire,E10000015,East of England,2849.0,832.0,29.203229203229203,1363.0,566.0,41.5,4.5,12837.0,Safety Valve,2022.0,False,E10000015,13.8,1.661850229832579,East of England
2023,Hillingdon,E09000017,London,693.0,267.0,38.52813852813853,418.0,232.0,55.5,1.5,3825.0,Delivering Better Value,,False,E09000017,18.223,-112.61657518340634,London
2023,Hounslow,E09000018,London,572.0,188.0,32.86713286713287,337.0,312.0,92.6,1.8,3345.0,Delivering Better Value,,False,E09000018,21.487,-57.99421664690341,London
2023,Isle of Wight,E06000046,South East,,,,,,,2.7,1660.0,Safety Valve,2022.0,False,E06000046,23.294,-96.87536001880915,South East
2023,Isles of Scilly,E06000053,South West,8.0,2.0,25.0,4.0,0.0,0.0,0.0,20.0,None,,True,,,,
2023,Islington,E09000019,London,429.0,133.0,31.002331002331,286.0,180.0,62.9,4.7,2190.0,None,,False,E09000019,27.535,60.070500270754366,London
2023,Kensington and Chelsea,E09000020,London,123.0,35.0,28.455284552845526,93.0,92.0,98.9,4.0,833.0,None,,False,E09000020,21.526,-43.11157059314954,London
2023,Kent,E10000016,South East,3988.0,1244.0,31.19358074222668,1804.0,324.0,18.0,3.6,20916.0,Safety Valve,2023.0,False,E10000016,22.4,-62.02411711255822,South East
2023,Kingston upon Hull,,,,,,,,,1.5,3222.0,Delivering Better Value,,False,,,,
2023,"Kingston upon Hull, City of",E06000010,Yorkshire and The Humber,860.0,193.0,22.441860465116278,454.0,138.0,30.4,,,None,,False,E06000010,40.564,-7.545077978224948,Yorkshire and The Humber
2023,Kingston upon Thames,E09000021,London,329.0,74.0,22.492401215805472,224.0,106.0,47.3,2.4,1885.0,None,,False,E09000021,11.381,-37.8047600619195,London
2023,Kirklees,E08000034,Yorkshire and The Humber,1037.0,319.0,30.76181292189007,592.0,77.0,13.0,1.2,4488.0,Delivering Better Value,,False,E08000034,25.151,-160.3226600804439,Yorkshire and The Humber
2023,Knowsley,E08000011,North West,576.0,153.0,26.5625,390.0,183.0,46.9,1.0,2436.0,Delivering Better Value,,False,E08000011,43.006,-148.86696445017498,North West
2023,Lambeth,E09000022,London,610.0,186.0,30.491803278688522,441.0,320.0,72.6,1.4,3545.0,None,,False,E09000022,25.422,52.10278945099941,London
2023,Lancashire,E10000017,North West,2560.0,177.0,6.9140625,1544.0,1242.0,80.4,2.1,11481.0,Delivering Better Value,,False,E10000017,27.3,24.810005761888608,North West
2023,Leeds,E08000035,Yorkshire and The Humber,1497.0,274.0,18.30327321309285,922.0,77.0,8.4,1.8,5920.0,Delivering Better Value,,False,E08000035,27.301,11.78571767609645,Yorkshire and The Humber
2023,Leicester,E06000016,East Midlands,,,,,,,1.4,3824.0,Delivering Better Value,,False,E06000016,30.877,-38.18949493350222,East Midlands
2023,Leicestershire,E10000018,East Midlands,1412.0,250.0,17.70538243626062,537.0,32.0,6.0,2.9,6832.0,None,,False,E10000018,15.6,-74.55000931272117,East Midlands
2023,Lewisham,E09000023,London,821.0,248.0,30.20706455542022,261.0,175.0,67.0,1.3,3943.0,None,,False,E09000023,26.661,-97.19346274264245,London
2023,Lincolnshire,E10000019,East Midlands,1694.0,645.0,38.07556080283353,874.0,870.0,99.5,1.4,8306.0,Delivering Better Value,,False,E10000019,20.5,36.53392576634801,East Midlands
2023,Liverpool,E08000012,North West,1987.0,608.0,30.598892803220934,1146.0,1130.0,98.6,3.5,6488.0,Delivering Better Value,,False,E08000012,42.412,17.841847450166636,North West
2023,Luton,E06000032,East of England,652.0,89.0,13.650306748466257,505.0,158.0,31.3,0.7,2695.0,Delivering Better Value,,False,E06000032,25.908,30.45496371484134,East of England
2023,Manchester,E08000003,North West,2093.0,244.0,11.657907310081223,1584.0,808.0,51.0,0.9,8128.0,Delivering Better Value,,False,E08000003,40.005,-19.53325473351156,North West
2023,Medway,E06000035,South East,964.0,138.0,14.315352697095435,380.0,90.0,23.7,2.7,3407.0,Safety Valve,2022.0,False,E06000035,23.936,-91.57543523051623,South East
2023,Merton,E09000024,London,534.0,135.0,25.280898876404496,395.0,199.0,50.4,1.2,2753.0,None,,False,E09000024,14.649,-319.56073144273984,London
2023,Middlesbrough,E06000002,North East,523.0,111.0,21.223709369024856,426.0,412.0,96.7,0.6,2010.0,Delivering Better Value,,False,E06000002,40.46,-138.04170207834352,North East
2023,Milton Keynes,E06000042,South East,761.0,0.0,0.0,328.0,216.0,65.9,2.8,2828.0,Delivering Better Value,,False,E06000042,17.98,32.29915213042422,South East
2023,Newcastle upon Tyne,E08000021,North East,645.0,89.0,13.798449612403102,480.0,31.0,6.5,0.2,2931.0,Delivering Better Value,,False,E08000021,29.79,36.4919648950691,North East
2023,Newham,E09000025,London,756.0,139.0,18.386243386243386,405.0,322.0,79.5,1.9,2890.0,Delivering Better Value,,False,E09000025,29.577,-49.514351534773674,London
2023,Norfolk,E10000020,East of England,2444.0,430.0,17.594108019639933,2166.0,914.0,42.2,3.2,11367.0,Safety Valve,2023.0,False,E10000020,22.5,-164.492957178028,East of England
2023,North East Lincolnshire,E06000012,Yorkshire and The Humber,423.0,82.0,19.38534278959811,337.0,145.0,43.0,0.3,1803.0,Delivering Better Value,,False,E06000012,31.335,-42.33630927402434,Yorkshire and The Humber
2023,North Lincolnshire,E06000013,Yorkshire and The Humber,403.0,104.0,25.806451612903224,150.0,45.0,30.0,0.6,1569.0,Delivering Better Value,,False,E06000013,22.096,71.31238773677335,Yorkshire and The Humber
2023,North Northamptonshire,E06000061,East Midlands,1065.0,220.0,20.657276995305164,541.0,382.0,70.6,,,None,,False,E06000061,,-29.143773018108995,East Midlands
2023,North Northamptonshire7,,,,,,,,,3.4,4095.0,None,,False,,,,
2023,North Somerset,E06000024,South West,813.0,201.0,24.723247232472325,413.0,151.0,36.6,3.4,2386.0,Delivering Better Value,,False,E06000024,15.825,-102.13023505914887,South West
2023,North Tyneside,E08000022,North East,440.0,203.0,46.13636363636363,161.0,118.0,73.3,3.8,2483.0,None,,False,E08000022,22.279,-66.34659380170548,North East
2023,North Yorkshire,E10000023,Yorkshire and The Humber,1316.0,41.0,3.115501519756839,612.0,275.0,44.9,3.5,5090.0,Safety Valve,2023.0,False,E10000023,14.2,380.0,Yorkshire and The Humber
2023,Northamptonshire7,,,,,,,,,,,None,,False,,,,
2023,Northumberland,E06000057,North East,842.0,111.0,13.182897862232778,588.0,241.0,41.0,0.5,3450.0,None,,False,E06000057,22.079,6.381174708745347,North East
2023,Nottingham,E06000018,East Midlands,496.0,104.0,20.967741935483872,334.0,224.0,67.1,2.1,2273.0,Delivering Better Value,,False,E06000018,34.891,97.26733470005556,East Midlands
2023,Nottinghamshire,E10000024,East Midlands,1380.0,244.0,17.681159420289855,702.0,227.0,32.3,2.2,4728.0,Delivering Better Value,,False,E10000024,22.9,37.73897908683308,East Midlands
2023,Oldham,E08000004,North West,753.0,210.0,27.88844621513944,425.0,394.0,92.7,1.6,3610.0,Delivering Better Value,,False,E08000004,33.155,19.374544712383823,North West
2023,Oxfordshire,E10000025,South East,1384.0,218.0,15.751445086705202,994.0,533.0,53.6,5.1,6758.0,Safety Valve,2023.0,False,E10000025,14.4,-95.9384876602658,South East
2023,Peterborough,E06000031,East of England,549.0,176.0,32.05828779599271,315.0,217.0,68.9,0.9,2350.0,Safety Valve,2023.0,False,E06000031,27.821,12.817451756673462,East of England
2023,Plymouth,E06000026,South West,895.0,0.0,0.0,354.0,63.0,17.8,5.1,2802.0,Delivering Better Value,,False,E06000026,26.619,-26.748704272128013,South West
2023,Portsmouth,E06000044,South East,530.0,97.0,18.30188679245283,192.0,3.0,1.6,1.0,2122.0,Delivering Better Value,,False,E06000044,26.899,95.12746934040437,South East
2023,Reading,E06000038,South East,475.0,141.0,29.68421052631579,327.0,245.0,74.9,2.9,2108.0,Delivering Better Value,,False,E06000038,19.619,-85.46871819107169,South East
2023,Redbridge,E09000026,London,524.0,80.0,15.267175572519085,285.0,216.0,75.8,1.3,3282.0,None,,False,E09000026,17.203,29.981096213470547,London
2023,Redcar and Cleveland,E06000003,North East,249.0,73.0,29.31726907630522,140.0,67.0,47.9,1.2,1601.0,Delivering Better Value,,False,E06000003,29.792,-71.6090027634839,North East
2023,Richmond upon Thames,E09000027,London,335.0,75.0,22.388059701492537,227.0,103.0,45.4,2.4,1945.0,None,,False,E09000027,9.425,7.422471567831032,London
2023,Rochdale,E08000005,North West,612.0,143.0,23.366013071895424,301.0,134.0,44.5,1.0,2984.0,Delivering Better Value,,False,E08000005,34.415,-72.25118804721197,North West
2023,Rotherham,E08000018,Yorkshire and The Humber,745.0,192.0,25.771812080536915,476.0,365.0,76.7,1.5,3555.0,Delivering Better Value,,False,E08000018,29.55,-5.372900729798646,Yorkshire and The Humber
2023,Rutland,E06000017,East Midlands,79.0,0.0,0.0,39.0,24.0,61.5,2.3,344.0,None,,False,E06000017,8.381,-93.949263502455,East Midlands
2023,Salford,E08000006,North West,834.0,18.0,2.158273381294964,483.0,223.0,46.2,2.2,3322.0,Delivering Better Value,,False,E08000006,34.21,-46.366820609837525,North West
2023,Sandwell,E08000028,West Midlands,748.0,58.0,7.754010695187167,485.0,156.0,32.2,0.7,3692.0,Delivering Better Value,,False,E08000028,34.884,22.346610102914603,West Midlands
2023,Sefton,E08000014,North West,788.0,129.0,16.370558375634516,591.0,239.0,40.4,1.0,3261.0,Delivering Better Value,,False,E08000014,27.035,-213.58020931882686,North West
2023,Sheffield,E08000019,Yorkshire and The Humber,1213.0,386.0,31.821929101401487,988.0,522.0,52.8,5.0,5802.0,Delivering Better Value,,False,E08000019,27.06,35.665567537989766,Yorkshire and The Humber
2023,Shropshire,E06000051,West Midlands,921.0,117.0,12.703583061889251,666.0,253.0,38.0,0.9,2690.0,Safety Valve,2024.0,False,E06000051,17.153,-12.998871841155236,West Midlands
2023,Slough,E06000039,South East,416.0,50.0,12.01923076923077,193.0,39.0,20.2,1.5,1992.0,Delivering Better Value,,False,E06000039,22.965,-62.28004973551058,South East
2023,Solihull,E08000029,West Midlands,466.0,186.0,39.91416309012876,258.0,232.0,89.9,3.9,2508.0,None,,False,E08000029,17.37,-123.91724224463458,West Midlands
2023,Somerset,E10000027,South West,1121.0,425.0,37.91257805530776,616.0,259.0,42.0,3.1,5566.0,Safety Valve,2022.0,False,E10000027,15.1,420.0,South West
2023,South Gloucestershire,E06000025,South West,624.0,211.0,33.81410256410257,417.0,176.0,42.2,2.4,3043.0,None,,False,E06000025,11.66,-163.35867004568817,South West
2023,South Tyneside,E08000023,North East,356.0,123.0,34.55056179775281,228.0,150.0,65.8,2.0,1896.0,Delivering Better Value,,False,E08000023,31.509,-76.94695918101766,North East
2023,Southampton,E06000045,South East,609.0,74.0,12.151067323481117,296.0,267.0,90.2,3.0,2599.0,Delivering Better Value,,False,E06000045,26.876,-49.52128400981267,South East
2023,Southend-on-Sea,E06000033,East of England,517.0,120.0,23.21083172147002,240.0,9.0,3.8,1.7,1876.0,Safety Valve,2022.0,False,E06000033,22.375,89.0245192454676,East of England
2023,Southwark,E09000028,London,795.0,301.0,37.86163522012579,385.0,74.0,19.2,2.5,3555.0,None,,False,E09000028,25.811,-45.71678839010263,London
2023,St. Helens,E08000013,North West,551.0,0.0,0.0,324.0,35.0,10.8,2.4,1650.0,None,,False,E08000013,31.518,17.166605832755412,North West
2023,Staffordshire,E10000028,West Midlands,2029.0,898.0,44.258255298176444,822.0,231.0,28.1,3.4,8397.0,None,,False,E10000028,21.8,-59.295914560029544,West Midlands
2023,Stockport,E08000007,North West,790.0,106.0,13.41772151898734,419.0,41.0,9.8,1.1,3224.0,Delivering Better Value,,False,E08000007,20.826,-124.0442509218942,North West
2023,Stockton-on-Tees,E06000004,North East,552.0,109.0,19.746376811594203,332.0,329.0,99.1,2.8,2286.0,Delivering Better Value,,False,E06000004,25.79,-27.798582847773254,North East
2023,Stoke-on-Trent,E06000021,West Midlands,683.0,156.0,22.840409956076137,379.0,184.0,48.5,2.8,3187.0,Delivering Better Value,,False,E06000021,34.504,-73.32441752980493,West Midlands
2023,Suffolk,E10000029,East of England,2159.0,384.0,17.78601204261232,903.0,35.0,3.9,2.3,8267.0,Safety Valve,2023.0,False,E10000029,18.5,-121.58468249402205,East of England
2023,Sunderland,E08000024,North East,605.0,267.0,44.132231404958674,309.0,185.0,59.9,2.5,3089.0,Delivering Better Value,,False,E08000024,30.586,-53.66217431431479,North East
2023,Surrey,E10000030,South East,2947.0,974.0,33.050559891415,1912.0,309.0,16.2,4.7,15411.0,Safety Valve,2022.0,False,E10000030,11.2,-97.4078183412789,South East
2023,Sutton,E09000029,London,592.0,153.0,25.844594594594593,353.0,327.0,92.6,2.9,2491.0,None,,False,E09000029,13.987,-8.113658104103964,London
2023,Swindon,E06000030,South West,645.0,211.0,32.713178294573645,351.0,250.0,71.2,2.7,2923.0,Safety Valve,2022.0,False,E06000030,18.622,-55.86907359123078,South West
2023,Tameside,E08000008,North West,839.0,1.0,0.11918951132300357,678.0,366.0,54.0,0.9,3028.0,Delivering Better Value,,False,E08000008,31.374,-52.72066292612881,North West
2023,Telford and Wrekin,E06000020,West Midlands,498.0,106.0,21.285140562248998,308.0,264.0,85.7,3.1,2224.0,None,,False,E06000020,24.988,-13.558122582564712,West Midlands
2023,Thurrock,E06000034,East of England,512.0,163.0,31.8359375,296.0,262.0,88.5,0.9,2490.0,Safety Valve,2022.0,False,E06000034,20.928,4.968631748234107,East of England
2023,Torbay,E06000027,South West,350.0,124.0,35.42857142857142,184.0,85.0,46.2,1.2,1723.0,None,,False,E06000027,28.104,-68.62511883912934,South West
2023,Tower Hamlets,E09000030,London,892.0,167.0,18.721973094170405,717.0,334.0,46.6,0.8,4657.0,Delivering Better Value,,False,E09000030,27.913,-84.19037917313871,London
2023,Trafford,E08000009,North West,669.0,151.0,22.57100149476831,497.0,291.0,58.6,0.6,3117.0,Delivering Better Value,,False,E08000009,16.088,-53.30755182625864,North West
2023,Wakefield,E08000036,Yorkshire and The Humber,857.0,50.0,5.834305717619603,505.0,451.0,89.3,1.7,3493.0,Delivering Better Value,,False,E08000036,27.306,15.805416373526434,Yorkshire and The Humber
2023,Walsall,E08000030,West Midlands,1260.0,285.0,22.61904761904762,1181.0,711.0,60.2,1.2,4829.0,Delivering Better Value,,False,E08000030,31.555,-33.44929665322653,West Midlands
2023,Waltham Forest,E09000031,London,871.0,135.0,15.49942594718714,695.0,622.0,89.5,0.9,3458.0,None,,False,E09000031,25.209,-5.266610898661568,London
2023,Wandsworth,E09000032,London,515.0,119.0,23.106796116504853,363.0,359.0,98.9,2.4,3131.0,None,,False,E09000032,16.611,-82.66153075583753,London
2023,Warrington,E06000007,North West,536.0,66.0,12.313432835820896,366.0,111.0,30.3,0.4,2140.0,None,,False,E06000007,18.942,5.489054224843525,North West
2023,Warwickshire,E10000031,West Midlands,2007.0,697.0,34.728450423517685,554.0,238.0,43.0,2.5,6838.0,Safety Valve,2024.0,False,E10000031,16.1,-84.70726177481714,West Midlands
2023,West Berkshire,E06000037,South East,407.0,108.0,26.535626535626534,289.0,182.0,63.0,2.9,1636.0,None,,False,E06000037,9.952,-78.25796647785617,South East
2023,West Northamptonshire,E06000062,East Midlands,1123.0,336.0,29.91985752448798,625.0,35.0,5.6,,,None,,False,E06000062,,-3.4937586148696167,East Midlands
2023,West Northamptonshire7,,,,,,,,,3.6,3930.0,None,,False,,,,
2023,West Sussex,E10000032,South East,1946.0,717.0,36.8448098663926,700.0,25.0,3.6,3.3,8466.0,Safety Valve,2022.0,False,E10000032,14.5,-134.77971750030574,South East
2023,Westminster,E09000033,London,212.0,53.0,25.0,163.0,162.0,99.4,2.4,1498.0,None,,False,E09000033,20.339,35.13358481180567,London
2023,Westmorland and Furness,E06000064,North West,451.0,73.0,16.186252771618626,350.0,199.0,56.9,,,None,,False,E06000064,18.5,-0.0,North West
2023,Westmorland and Furness8,,,,,,,,,0.4,2304.0,None,,False,,,,
2023,Wigan,E08000010,North West,747.0,163.0,21.82061579651941,444.0,261.0,58.8,0.8,3135.0,Delivering Better Value,,False,E08000010,25.713,-3.5805263373306593,North West
2023,Wiltshire,E06000054,South West,1203.0,144.0,11.970074812967582,847.0,233.0,27.5,2.1,5735.0,Safety Valve,2024.0,False,E06000054,13.447,-94.65312252703772,South West
2023,Windsor and Maidenhead,E06000040,South East,228.0,103.0,45.17543859649123,128.0,122.0,95.3,6.1,1323.0,None,,False,E06000040,8.376,-9.708242165443252,South East
2023,Wirral,E08000015,North West,1325.0,91.0,6.867924528301887,1069.0,347.0,32.5,2.5,4538.0,Delivering Better Value,,False,E08000015,29.589,-63.00319654637175,North West
2023,Wokingham,E06000041,South East,447.0,95.0,21.252796420581653,308.0,188.0,61.0,4.2,2125.0,None,,False,E06000041,5.846,-146.7285510909672,South East
2023,Wolverhampton,E08000031,West Midlands,568.0,79.0,13.908450704225354,425.0,315.0,74.1,0.7,2948.0,Delivering Better Value,,False,E08000031,32.102,14.760040122277417,West Midlands
2023,Worcestershire,E10000034,West Midlands,1439.0,276.0,19.17998610145935,1155.0,318.0,27.5,1.5,6281.0,Safety Valve,2022.0,False,E10000034,18.9,-121.71695768259714,West Midlands
2023,York,E06000014,Yorkshire and The Humber,363.0,136.0,37.46556473829201,187.0,180.0,96.3,2.2,1500.0,None,,False,E06000014,11.727,-2.62102117240386,Yorkshire and The Humber
2024,Barking and Dagenham,E09000002,London,639.0,95.0,14.86697965571205,500.0,135.0,27.0,3.4,1109.0,None,,False,E09000002,32.768,42.933665428953844,London
2024,Barnet,E09000003,London,1026.0,214.0,20.857699805068226,747.0,747.0,100.0,7.1,2257.0,None,,False,E09000003,16.148,38.45173284992435,London
2024,Barnsley,E08000016,Yorkshire and The Humber,718.0,294.0,40.947075208913645,363.0,351.0,96.7,3.7,2184.0,Delivering Better Value,,False,E08000016,29.933,-86.15047015304681,Yorkshire and The Humber
2024,Bath and North East Somerset,E06000022,South West,475.0,156.0,32.8421052631579,349.0,84.0,24.1,5.0,995.0,None,,False,E06000022,11.745,-174.57691101282896,South West
2024,Bedford,E06000055,East of England,473.0,153.0,32.346723044397464,355.0,259.0,73.0,1.8,1476.0,None,,False,E06000055,18.932,8.299313315352013,East of England
2024,Bexley,E09000004,London,796.0,201.0,25.251256281407038,517.0,345.0,66.7,2.3,2078.0,Delivering Better Value,,False,E09000004,16.273,-25.38016868957005,London
2024,Birmingham,E08000025,West Midlands,2493.0,1044.0,41.87725631768953,1382.0,369.0,26.7,7.4,8639.0,None,,False,E08000025,38.067,58.72653275231282,West Midlands
2024,Blackburn with Darwen,E06000008,North West,349.0,55.0,15.759312320916905,260.0,225.0,86.5,1.5,1175.0,Delivering Better Value,,False,E06000008,36.013,36.111653045083045,North West
2024,Blackpool,E06000009,North West,423.0,89.0,21.04018912529551,220.0,133.0,60.5,,,None,,False,E06000009,45.039,-23.27175770061806,North West
2024,Bolton,E08000001,North West,732.0,148.0,20.21857923497268,563.0,402.0,71.4,2.8,1712.0,Delivering Better Value,,False,E08000001,30.691,-59.496577305974945,North West
2024,"Bournemouth, Christchurch and Poole",E06000058,South West,1230.0,295.0,23.983739837398375,784.0,581.0,74.1,,,None,,False,E06000058,18.173,-287.21499375938356,South West
2024,"Bournemouth, Christchurch and Poole5",,,,,,,,,4.4,3268.0,None,,False,,,,
2024,Bracknell Forest,E06000036,South East,312.0,106.0,33.97435897435898,206.0,93.0,45.1,12.4,854.0,Safety Valve,2022.0,False,E06000036,10.241,-203.65135525188293,South East
2024,Bradford,E08000032,Yorkshire and The Humber,2331.0,671.0,28.78592878592879,1337.0,1188.0,88.9,7.9,3522.0,Delivering Better Value,,False,E08000032,34.666,88.76165870074132,Yorkshire and The Humber
2024,Brent,E09000005,London,705.0,170.0,24.113475177304963,473.0,376.0,79.5,2.7,1698.0,None,,False,E09000005,25.558,-65.47638592539909,London
2024,Brighton and Hove,E06000043,South East,466.0,134.0,28.75536480686695,302.0,296.0,98.0,5.1,1552.0,None,,False,E06000043,20.761,9.199525129182183,South East
2024,"Bristol, City of",E06000023,South West,1605.0,271.0,16.884735202492212,684.0,118.0,17.3,3.6,2908.0,None,,False,E06000023,26.363,-132.19450500904907,South West
2024,Bromley,E09000006,London,1062.0,290.0,27.30696798493409,719.0,326.0,45.3,7.2,2954.0,None,,False,E09000006,14.163,-69.66255410883606,London
2024,Buckinghamshire,E10000002,South East,1782.0,305.0,17.115600448933783,730.0,234.0,32.1,4.8,4863.0,None,,False,E10000002,10.7,,South East
2024,Bury,E08000002,North West,560.0,184.0,32.857142857142854,296.0,293.0,99.0,4.2,1546.0,Delivering Better Value,,False,E08000002,23.682,-148.92288950561507,North West
2024,Calderdale,E08000033,Yorkshire and The Humber,597.0,109.0,18.257956448911223,429.0,408.0,95.1,4.7,1663.0,Delivering Better Value,,False,E08000033,26.351,-41.74828869859278,Yorkshire and The Humber
2024,Cambridgeshire,E10000003,East of England,1869.0,158.0,8.453718566078116,729.0,56.0,7.7,5.8,2931.0,Safety Valve,2022.0,False,E10000003,15.4,-96.53909491826376,East of England
2024,Camden,E09000007,London,246.0,16.0,6.504065040650407,181.0,174.0,96.1,5.1,1047.0,None,,False,E09000007,20.131,187.75934422372356,London
2024,Central Bedfordshire,E06000056,East of England,944.0,300.0,31.779661016949152,649.0,276.0,42.5,2.9,4894.0,None,,False,E06000056,12.152,-113.79511962203458,East of England
2024,Cheshire East,E06000049,North West,900.0,193.0,21.444444444444443,438.0,206.0,47.0,4.2,3310.0,Safety Valve,2023.0,False,E06000049,14.475,-323.92588794438404,North West
2024,Cheshire West and Chester,E06000050,North West,1066.0,421.0,39.493433395872415,487.0,75.0,15.4,5.7,1885.0,None,,False,E06000050,18.083,-33.822279680324016,North West
2024,City of London,E09000001,London,5.0,0.0,0.0,5.0,4.0,80.0,0.0,18.0,None,,True,,,,
2024,Cornwall,E06000052,South West,1351.0,305.0,22.575869726128794,914.0,68.0,7.4,4.1,3025.0,Delivering Better Value,,False,E06000052,23.072,-76.45536083436696,South West
2024,County Durham,E06000047,North East,1009.0,316.0,31.318136769078297,920.0,153.0,16.6,11.0,3124.0,None,,False,E06000047,26.793,-29.864810868407034,North East
2024,Coventry,E08000026,West Midlands,1144.0,288.0,25.174825174825177,686.0,424.0,61.8,4.9,2494.0,Delivering Better Value,,False,E08000026,25.613,55.693984850385796,West Midlands
2024,Croydon,E09000008,London,1174.0,178.0,15.1618398637138,916.0,667.0,72.8,3.0,2791.0,Delivering Better Value,,False,E09000008,22.477,-44.38230137921405,London
2024,Cumberland,E06000063,North West,718.0,278.0,38.71866295264624,378.0,159.0,42.1,,,None,,False,E06000063,27.1,-0.0,North West
2024,Cumberland8,,,,,,,,,3.2,2039.0,None,,False,,,,
2024,Cumbria8,,,,,,,,,,,None,,False,,,,
2024,Darlington,E06000005,North East,245.0,58.0,23.6734693877551,172.0,124.0,72.1,1.1,700.0,Delivering Better Value,,False,E06000005,25.657,-28.388131220051605,North East
2024,Derby,E06000015,East Midlands,769.0,300.0,39.01170351105331,442.0,62.0,14.0,12.8,1482.0,Delivering Better Value,,False,E06000015,26.323,-66.5338940391795,East Midlands
2024,Derbyshire,E10000007,East Midlands,2713.0,805.0,29.671949870991522,1253.0,447.0,35.7,14.1,3810.0,Safety Valve,2023.0,False,E10000007,22.1,-37.878031061676296,East Midlands
2024,Devon,E10000008,South West,2265.0,819.0,36.15894039735099,1277.0,41.0,3.2,5.0,8007.0,Safety Valve,2024.0,False,E10000008,18.0,-261.58204279188436,South West
2024,Doncaster,E08000017,Yorkshire and The Humber,795.0,326.0,41.0062893081761,456.0,387.0,84.9,5.8,1946.0,Delivering Better Value,,False,E08000017,30.289,-127.33109562313943,Yorkshire and The Humber
2024,Dorset,E06000059,South West,881.0,175.0,19.863791146424518,585.0,287.0,49.1,,,Safety Valve,2024.0,False,E06000059,15.735,-283.8995711017918,South West
2024,Dorset6,,,,,,,,,5.2,2949.0,None,,False,,,,
2024,Dudley,E08000027,West Midlands,888.0,181.0,20.382882882882882,501.0,246.0,49.1,6.4,2371.0,None,,False,E08000027,24.103,-146.80117377612368,West Midlands
2024,Ealing,E09000009,London,840.0,177.0,21.071428571428573,522.0,372.0,71.3,2.7,2748.0,None,,False,E09000009,22.71,-7.920287564501248,London
2024,East Riding of Yorkshire,E06000011,Yorkshire and The Humber,719.0,276.0,38.38664812239222,400.0,384.0,96.0,2.0,3029.0,Delivering Better Value,,False,E06000011,15.605,-127.50211638484473,Yorkshire and The Humber
2024,East Sussex,E10000011,South East,1107.0,594.0,53.65853658536586,420.0,344.0,81.9,14.3,3602.0,Safety Valve,2022.0,False,E10000011,21.4,53.82573179033356,South East
2024,Enfield,E09000010,London,1023.0,208.0,20.332355816226784,706.0,603.0,85.4,2.3,3377.0,None,,False,E09000010,25.781,-65.40398666382919,London
2024,Essex,E10000012,East of England,4255.0,852.0,20.023501762632197,1833.0,297.0,16.2,7.8,9061.0,Safety Valve,2023.0,False,E10000012,19.7,38.84799113800008,East of England
2024,Gateshead,E08000037,North East,363.0,118.0,32.5068870523416,266.0,219.0,82.3,11.2,1186.0,Delivering Better Value,,False,E08000037,28.217,22.377263150964513,North East
2024,Gloucestershire,E10000013,South West,1625.0,457.0,28.123076923076923,910.0,239.0,26.3,5.5,4898.0,Safety Valve,2022.0,False,E10000013,16.2,-112.53492330548914,South West
2024,Greenwich,E09000011,London,903.0,89.0,9.856035437430787,680.0,224.0,32.9,9.5,1063.0,Delivering Better Value,,False,E09000011,24.464,4.333130182939534,London
2024,Hackney,E09000012,London,622.0,153.0,24.59807073954984,465.0,186.0,40.0,3.9,1835.0,None,,False,E09000012,32.526,-111.47546155643842,London
2024,Halton,E06000006,North West,492.0,200.0,40.65040650406504,208.0,121.0,58.2,3.2,1036.0,Delivering Better Value,,False,E06000006,32.325,-72.18010796221323,North West
2024,Hammersmith and Fulham,E09000013,London,320.0,104.0,32.5,172.0,146.0,84.9,3.0,1186.0,None,,False,E09000013,22.27,-21.469485589619932,London
2024,Hampshire,E10000014,South East,3932.0,887.0,22.55849440488301,2340.0,959.0,41.0,5.3,12380.0,Safety Valve,2022.0,False,E10000014,14.6,-156.1640891218873,South East
2024,Haringey,E09000014,London,553.0,176.0,31.82640144665461,219.0,181.0,82.6,8.3,1487.0,None,,False,E09000014,27.956,-58.23547879733717,London
2024,Harrow,E09000015,London,538.0,76.0,14.12639405204461,468.0,184.0,39.3,1.9,1497.0,None,,False,E09000015,15.031,-6.770715972043664,London
2024,Hartlepool,E06000001,North East,232.0,62.0,26.72413793103448,122.0,91.0,74.6,3.3,672.0,Delivering Better Value,,False,E06000001,35.037,-26.291399166059964,North East
2024,Havering,E09000016,London,899.0,193.0,21.46829810901001,439.0,129.0,29.4,3.2,1858.0,Delivering Better Value,,False,E09000016,16.789,-86.83666379036286,London
2024,Herefordshire,,,,,,,,,2.6,1139.0,None,,False,,,,
2024,"Herefordshire, County of",E06000019,West Midlands,531.0,108.0,20.33898305084746,334.0,225.0,67.4,,,None,,False,E06000019,18.89,-60.55323455509911,West Midlands
2024,Hertfordshire,E10000015,East of England,3343.0,775.0,23.182769967095425,1781.0,984.0,55.2,27.9,2195.0,Safety Valve,2022.0,False,E10000015,13.8,1.661850229832579,East of England
2024,Hillingdon,E09000017,London,685.0,304.0,44.37956204379562,361.0,322.0,89.2,6.0,2375.0,Delivering Better Value,,False,E09000017,18.223,-112.61657518340634,London
2024,Hounslow,E09000018,London,699.0,214.0,30.61516452074392,398.0,310.0,77.9,3.9,2525.0,Delivering Better Value,,False,E09000018,21.487,-57.99421664690341,London
2024,Isle of Wight,E06000046,South East,74.0,7.0,9.45945945945946,7.0,2.0,28.6,4.5,1388.0,Safety Valve,2022.0,False,E06000046,23.294,-96.87536001880915,South East
2024,Isles of Scilly,E06000053,South West,2.0,1.0,50.0,1.0,1.0,100.0,0.0,54.0,None,,True,,,,
2024,Islington,E09000019,London,511.0,121.0,23.679060665362034,295.0,232.0,78.6,7.5,1548.0,None,,False,E09000019,27.535,60.070500270754366,London
2024,Kensington and Chelsea,E09000020,London,127.0,24.0,18.89763779527559,98.0,97.0,99.0,13.1,199.0,None,,False,E09000020,21.526,-43.11157059314954,London
2024,Kent,E10000016,South East,4001.0,2200.0,54.986253436640844,2424.0,784.0,32.3,10.6,14675.0,Safety Valve,2023.0,False,E10000016,22.4,-62.02411711255822,South East
2024,Kingston upon Hull,,,,,,,,,5.6,1209.0,Delivering Better Value,,False,,,,
2024,"Kingston upon Hull, City of",E06000010,Yorkshire and The Humber,811.0,192.0,23.674475955610358,500.0,29.0,5.8,,,None,,False,E06000010,40.564,-7.545077978224948,Yorkshire and The Humber
2024,Kingston upon Thames,E09000021,London,370.0,62.0,16.756756756756758,277.0,259.0,93.5,6.2,1249.0,None,,False,E09000021,11.381,-37.8047600619195,London
2024,Kirklees,E08000034,Yorkshire and The Humber,771.0,227.0,29.442282749675748,785.0,180.0,22.9,4.6,1984.0,Delivering Better Value,,False,E08000034,25.151,-160.3226600804439,Yorkshire and The Humber
2024,Knowsley,E08000011,North West,674.0,199.0,29.52522255192878,449.0,248.0,55.2,5.2,1297.0,Delivering Better Value,,False,E08000011,43.006,-148.86696445017498,North West
2024,Lambeth,E09000022,London,752.0,261.0,34.70744680851064,423.0,355.0,83.9,2.6,1682.0,None,,False,E09000022,25.422,52.10278945099941,London
2024,Lancashire,E10000017,North West,3658.0,876.0,23.947512301804263,1720.0,298.0,17.3,6.6,5032.0,Delivering Better Value,,False,E10000017,27.3,24.810005761888608,North West
2024,Leeds,E08000035,Yorkshire and The Humber,2313.0,356.0,15.391266753134458,717.0,67.0,9.3,3.6,3542.0,Delivering Better Value,,False,E08000035,27.301,11.78571767609645,Yorkshire and The Humber
2024,Leicester,E06000016,East Midlands,883.0,1.0,0.11325028312570783,575.0,298.0,51.8,4.2,2295.0,Delivering Better Value,,False,E06000016,30.877,-38.18949493350222,East Midlands
2024,Leicestershire,E10000018,East Midlands,1582.0,276.0,17.44627054361568,772.0,33.0,4.3,4.2,4623.0,None,,False,E10000018,15.6,-74.55000931272117,East Midlands
2024,Lewisham,E09000023,London,646.0,281.0,43.4984520123839,,,,4.9,2080.0,None,,False,E09000023,26.661,-97.19346274264245,London
2024,Lincolnshire,E10000019,East Midlands,1914.0,724.0,37.82654127481714,1099.0,1088.0,99.0,2.9,6444.0,Delivering Better Value,,False,E10000019,20.5,36.53392576634801,East Midlands
2024,Liverpool,E08000012,North West,2388.0,847.0,35.46901172529313,1285.0,1258.0,97.9,7.8,4476.0,Delivering Better Value,,False,E08000012,42.412,17.841847450166636,North West
2024,Luton,E06000032,East of England,578.0,108.0,18.685121107266436,377.0,111.0,29.4,1.5,1855.0,Delivering Better Value,,False,E06000032,25.908,30.45496371484134,East of England
2024,Manchester,E08000003,North West,2305.0,546.0,23.68763557483731,1657.0,1052.0,63.5,2.1,5110.0,Delivering Better Value,,False,E08000003,40.005,-19.53325473351156,North West
2024,Medway,E06000035,South East,989.0,180.0,18.200202224469162,377.0,44.0,11.7,9.3,1366.0,Safety Valve,2022.0,False,E06000035,23.936,-91.57543523051623,South East
2024,Merton,E09000024,London,594.0,121.0,20.37037037037037,402.0,297.0,73.9,2.0,2315.0,None,,False,E09000024,14.649,-319.56073144273984,London
2024,Middlesbrough,E06000002,North East,436.0,135.0,30.963302752293576,306.0,300.0,98.0,1.6,1442.0,Delivering Better Value,,False,E06000002,40.46,-138.04170207834352,North East
2024,Milton Keynes,E06000042,South East,846.0,0.0,0.0,348.0,138.0,39.7,6.7,1719.0,Delivering Better Value,,False,E06000042,17.98,32.29915213042422,South East
2024,Newcastle upon Tyne,E08000021,North East,730.0,134.0,18.356164383561644,476.0,42.0,8.8,2.1,2052.0,Delivering Better Value,,False,E08000021,29.79,36.4919648950691,North East
2024,Newham,E09000025,London,1008.0,190.0,18.849206349206348,476.0,274.0,57.6,17.6,386.0,Delivering Better Value,,False,E09000025,29.577,-49.514351534773674,London
2024,Norfolk,E10000020,East of England,2562.0,333.0,12.997658079625293,1909.0,1064.0,55.7,7.0,7621.0,Safety Valve,2023.0,False,E10000020,22.5,-164.492957178028,East of England
2024,North East Lincolnshire,E06000012,Yorkshire and The Humber,502.0,89.0,17.729083665338646,364.0,136.0,37.4,0.8,1313.0,Delivering Better Value,,False,E06000012,31.335,-42.33630927402434,Yorkshire and The Humber
2024,North Lincolnshire,E06000013,Yorkshire and The Humber,416.0,112.0,26.923076923076923,188.0,35.0,18.6,0.9,1003.0,Delivering Better Value,,False,E06000013,22.096,71.31238773677335,Yorkshire and The Humber
2024,North Northamptonshire,E06000061,East Midlands,1329.0,295.0,22.197140707298722,930.0,199.0,21.4,,,None,,False,E06000061,,-29.143773018108995,East Midlands
2024,North Northamptonshire7,,,,,,,,,5.8,3045.0,None,,False,,,,
2024,North Somerset,E06000024,South West,1092.0,431.0,39.46886446886447,625.0,394.0,63.0,4.6,2055.0,Delivering Better Value,,False,E06000024,15.825,-102.13023505914887,South West
2024,North Tyneside,E08000022,North East,452.0,70.0,15.486725663716813,230.0,90.0,39.1,5.3,1563.0,None,,False,E08000022,22.279,-66.34659380170548,North East
2024,North Yorkshire,E10000023,Yorkshire and The Humber,1234.0,306.0,24.79740680713128,678.0,167.0,24.6,6.6,4130.0,Safety Valve,2023.0,False,E10000023,14.2,380.0,Yorkshire and The Humber
2024,Northamptonshire7,,,,,,,,,,,None,,False,,,,
2024,Northumberland,E06000057,North East,1021.0,285.0,27.913809990205678,743.0,348.0,46.8,2.3,2575.0,None,,False,E06000057,22.079,6.381174708745347,North East
2024,Nottingham,E06000018,East Midlands,579.0,137.0,23.661485319516405,294.0,88.0,29.9,3.6,1451.0,Delivering Better Value,,False,E06000018,34.891,97.26733470005556,East Midlands
2024,Nottinghamshire,E10000024,East Midlands,1719.0,318.0,18.49912739965096,1259.0,472.0,37.5,4.9,3788.0,Delivering Better Value,,False,E10000024,22.9,37.73897908683308,East Midlands
2024,Oldham,E08000004,North West,865.0,194.0,22.427745664739884,408.0,350.0,85.8,4.1,2441.0,Delivering Better Value,,False,E08000004,33.155,19.374544712383823,North West
2024,Oxfordshire,E10000025,South East,1734.0,262.0,15.109573241061131,962.0,371.0,38.6,8.1,4898.0,Safety Valve,2023.0,False,E10000025,14.4,-95.9384876602658,South East
2024,Peterborough,E06000031,East of England,685.0,223.0,32.55474452554745,389.0,335.0,86.1,3.4,1444.0,Safety Valve,2023.0,False,E06000031,27.821,12.817451756673462,East of England
2024,Plymouth,E06000026,South West,1176.0,1.0,0.08503401360544217,403.0,24.0,6.0,,,Delivering Better Value,,False,E06000026,26.619,-26.748704272128013,South West
2024,Portsmouth,E06000044,South East,516.0,92.0,17.829457364341085,485.0,21.0,4.3,5.1,1262.0,Delivering Better Value,,False,E06000044,26.899,95.12746934040437,South East
2024,Reading,E06000038,South East,515.0,148.0,28.7378640776699,304.0,187.0,61.5,,,Delivering Better Value,,False,E06000038,19.619,-85.46871819107169,South East
2024,Redbridge,E09000026,London,694.0,122.0,17.579250720461097,356.0,25.0,7.0,,,None,,False,E09000026,17.203,29.981096213470547,London
2024,Redcar and Cleveland,E06000003,North East,237.0,41.0,17.29957805907173,170.0,76.0,44.7,7.8,524.0,Delivering Better Value,,False,E06000003,29.792,-71.6090027634839,North East
2024,Richmond upon Thames,E09000027,London,336.0,89.0,26.488095238095237,260.0,245.0,94.2,3.0,1363.0,None,,False,E09000027,9.425,7.422471567831032,London
2024,Rochdale,E08000005,North West,755.0,182.0,24.10596026490066,415.0,169.0,40.7,2.5,1772.0,Delivering Better Value,,False,E08000005,34.415,-72.25118804721197,North West
2024,Rotherham,E08000018,Yorkshire and The Humber,959.0,304.0,31.69968717413973,535.0,424.0,79.3,4.6,2125.0,Delivering Better Value,,False,E08000018,29.55,-5.372900729798646,Yorkshire and The Humber
2024,Rutland,E06000017,East Midlands,75.0,4.0,5.333333333333334,70.0,52.0,74.3,2.9,279.0,None,,False,E06000017,8.381,-93.949263502455,East Midlands
2024,Salford,E08000006,North West,946.0,331.0,34.98942917547569,461.0,231.0,50.1,4.0,2407.0,Delivering Better Value,,False,E08000006,34.21,-46.366820609837525,North West
2024,Sandwell,E08000028,West Midlands,940.0,86.0,9.148936170212766,474.0,108.0,22.8,5.2,796.0,Delivering Better Value,,False,E08000028,34.884,22.346610102914603,West Midlands
2024,Sefton,E08000014,North West,951.0,60.0,6.309148264984227,869.0,460.0,52.9,4.3,1642.0,Delivering Better Value,,False,E08000014,27.035,-213.58020931882686,North West
2024,Sheffield,E08000019,Yorkshire and The Humber,1211.0,253.0,20.891824938067714,670.0,328.0,49.0,7.1,4022.0,Delivering Better Value,,False,E08000019,27.06,35.665567537989766,Yorkshire and The Humber
2024,Shropshire,E06000051,West Midlands,833.0,163.0,19.56782713085234,720.0,268.0,37.2,2.6,1964.0,Safety Valve,2024.0,False,E06000051,17.153,-12.998871841155236,West Midlands
2024,Slough,E06000039,South East,469.0,34.0,7.249466950959488,312.0,23.0,7.4,16.7,366.0,Delivering Better Value,,False,E06000039,22.965,-62.28004973551058,South East
2024,Solihull,E08000029,West Midlands,485.0,195.0,40.20618556701031,258.0,137.0,53.1,9.4,1704.0,None,,False,E08000029,17.37,-123.91724224463458,West Midlands
2024,Somerset,E10000027,South West,1207.0,473.0,39.18806959403479,567.0,190.0,33.5,10.0,3816.0,Safety Valve,2022.0,False,E10000027,15.1,420.0,South West
2024,South Gloucestershire,E06000025,South West,825.0,324.0,39.27272727272727,449.0,261.0,58.1,6.1,2101.0,None,,False,E06000025,11.66,-163.35867004568817,South West
2024,South Tyneside,E08000023,North East,338.0,86.0,25.443786982248522,171.0,107.0,62.6,4.0,1409.0,Delivering Better Value,,False,E08000023,31.509,-76.94695918101766,North East
2024,Southampton,E06000045,South East,569.0,28.0,4.92091388400703,336.0,314.0,93.5,7.2,1076.0,Delivering Better Value,,False,E06000045,26.876,-49.52128400981267,South East
2024,Southend-on-Sea,E06000033,East of England,569.0,137.0,24.077328646748683,299.0,48.0,16.1,3.6,1344.0,Safety Valve,2022.0,False,E06000033,22.375,89.0245192454676,East of England
2024,Southwark,E09000028,London,738.0,352.0,47.696476964769644,461.0,169.0,36.7,6.3,1906.0,None,,False,E09000028,25.811,-45.71678839010263,London
2024,St. Helens,E08000013,North West,649.0,101.0,15.562403697996919,597.0,172.0,28.8,7.0,1171.0,None,,False,E08000013,31.518,17.166605832755412,North West
2024,Staffordshire,E10000028,West Midlands,2260.0,953.0,42.16814159292036,947.0,334.0,35.3,9.1,4806.0,None,,False,E10000028,21.8,-59.295914560029544,West Midlands
2024,Stockport,E08000007,North West,859.0,225.0,26.193247962747378,575.0,45.0,7.8,3.9,2030.0,Delivering Better Value,,False,E08000007,20.826,-124.0442509218942,North West
2024,Stockton-on-Tees,E06000004,North East,559.0,13.0,2.3255813953488373,402.0,278.0,69.2,3.5,1326.0,Delivering Better Value,,False,E06000004,25.79,-27.798582847773254,North East
2024,Stoke-on-Trent,E06000021,West Midlands,788.0,189.0,23.98477157360406,559.0,184.0,32.9,4.3,2421.0,Delivering Better Value,,False,E06000021,34.504,-73.32441752980493,West Midlands
2024,Suffolk,E10000029,East of England,2784.0,267.0,9.590517241379311,1366.0,347.0,25.4,6.2,4494.0,Safety Valve,2023.0,False,E10000029,18.5,-121.58468249402205,East of England
2024,Sunderland,E08000024,North East,578.0,343.0,59.34256055363322,220.0,171.0,77.7,5.6,1939.0,Delivering Better Value,,False,E08000024,30.586,-53.66217431431479,North East
2024,Surrey,E10000030,South East,3022.0,1050.0,34.74520185307743,2134.0,867.0,40.6,,,Safety Valve,2022.0,False,E10000030,11.2,-97.4078183412789,South East
2024,Sutton,E09000029,London,607.0,221.0,36.40856672158155,366.0,280.0,76.5,4.1,2216.0,None,,False,E09000029,13.987,-8.113658104103964,London
2024,Swindon,E06000030,South West,548.0,107.0,19.525547445255476,247.0,122.0,49.4,5.0,1837.0,Safety Valve,2022.0,False,E06000030,18.622,-55.86907359123078,South West
2024,Tameside,E08000008,North West,1052.0,29.0,2.7566539923954374,876.0,262.0,29.9,2.9,1800.0,Delivering Better Value,,False,E08000008,31.374,-52.72066292612881,North West
2024,Telford and Wrekin,E06000020,West Midlands,487.0,135.0,27.720739219712527,334.0,279.0,83.5,7.3,1399.0,None,,False,E06000020,24.988,-13.558122582564712,West Midlands
2024,Thurrock,E06000034,East of England,666.0,254.0,38.13813813813814,288.0,139.0,48.3,3.3,1135.0,Safety Valve,2022.0,False,E06000034,20.928,4.968631748234107,East of England
2024,Torbay,E06000027,South West,307.0,31.0,10.097719869706841,218.0,63.0,28.9,3.4,1142.0,None,,False,E06000027,28.104,-68.62511883912934,South West
2024,Tower Hamlets,E09000030,London,887.0,189.0,21.307779030439683,593.0,233.0,39.3,3.4,1901.0,Delivering Better Value,,False,E09000030,27.913,-84.19037917313871,London
2024,Trafford,E08000009,North West,515.0,139.0,26.990291262135923,380.0,203.0,53.4,2.2,1996.0,Delivering Better Value,,False,E08000009,16.088,-53.30755182625864,North West
2024,Wakefield,E08000036,Yorkshire and The Humber,844.0,39.0,4.62085308056872,457.0,393.0,86.0,2.9,2446.0,Delivering Better Value,,False,E08000036,27.306,15.805416373526434,Yorkshire and The Humber
2024,Walsall,E08000030,West Midlands,1103.0,668.0,60.56210335448776,457.0,385.0,84.2,4.8,3455.0,Delivering Better Value,,False,E08000030,31.555,-33.44929665322653,West Midlands
2024,Waltham Forest,E09000031,London,796.0,0.0,0.0,463.0,235.0,50.8,,,None,,False,E09000031,25.209,-5.266610898661568,London
2024,Wandsworth,E09000032,London,574.0,111.0,19.337979094076655,406.0,406.0,100.0,4.0,2162.0,None,,False,E09000032,16.611,-82.66153075583753,London
2024,Warrington,E06000007,North West,582.0,75.0,12.886597938144329,479.0,283.0,59.1,2.6,1445.0,None,,False,E06000007,18.942,5.489054224843525,North West
2024,Warwickshire,E10000031,West Midlands,1750.0,306.0,17.485714285714284,1122.0,238.0,21.2,5.9,3769.0,Safety Valve,2024.0,False,E10000031,16.1,-84.70726177481714,West Midlands
2024,West Berkshire,E06000037,South East,475.0,160.0,33.68421052631579,269.0,129.0,48.0,7.7,827.0,None,,False,E06000037,9.952,-78.25796647785617,South East
2024,West Northamptonshire,E06000062,East Midlands,1430.0,296.0,20.6993006993007,711.0,77.0,10.8,,,None,,False,E06000062,,-3.4937586148696167,East Midlands
2024,West Northamptonshire7,,,,,,,,,7.1,2630.0,None,,False,,,,
2024,West Sussex,E10000032,South East,2448.0,744.0,30.392156862745097,1495.0,171.0,11.4,8.4,4154.0,Safety Valve,2022.0,False,E10000032,14.5,-134.77971750030574,South East
2024,Westminster,E09000033,London,208.0,51.0,24.519230769230766,140.0,138.0,98.6,14.1,283.0,None,,False,E09000033,20.339,35.13358481180567,London
2024,Westmorland and Furness,E06000064,North West,509.0,91.0,17.87819253438114,331.0,297.0,89.7,,,None,,False,E06000064,18.5,-0.0,North West
2024,Westmorland and Furness8,,,,,,,,,1.5,1659.0,None,,False,,,,
2024,Wigan,E08000010,North West,1020.0,259.0,25.392156862745097,628.0,264.0,42.0,2.5,2099.0,Delivering Better Value,,False,E08000010,25.713,-3.5805263373306593,North West
2024,Wiltshire,E06000054,South West,1146.0,210.0,18.32460732984293,906.0,294.0,32.5,3.0,4097.0,Safety Valve,2024.0,False,E06000054,13.447,-94.65312252703772,South West
2024,Windsor and Maidenhead,E06000040,South East,302.0,116.0,38.41059602649007,127.0,127.0,100.0,11.1,1004.0,None,,False,E06000040,8.376,-9.708242165443252,South East
2024,Wirral,E08000015,North West,1443.0,125.0,8.662508662508662,716.0,90.0,12.6,9.4,1097.0,Delivering Better Value,,False,E08000015,29.589,-63.00319654637175,North West
2024,Wokingham,E06000041,South East,471.0,158.0,33.54564755838641,251.0,141.0,56.2,8.7,1155.0,None,,False,E06000041,5.846,-146.7285510909672,South East
2024,Wolverhampton,E08000031,West Midlands,576.0,48.0,8.333333333333332,395.0,206.0,52.2,1.3,2036.0,Delivering Better Value,,False,E08000031,32.102,14.760040122277417,West Midlands
2024,Worcestershire,E10000034,West Midlands,1883.0,330.0,17.525225703664365,1389.0,517.0,37.2,3.3,4263.0,Safety Valve,2022.0,False,E10000034,18.9,-121.71695768259714,West Midlands
2024,York,E06000014,Yorkshire and The Humber,427.0,103.0,24.121779859484775,236.0,153.0,64.8,3.1,1066.0,None,,False,E06000014,11.727,-2.62102117240386,Yorkshire and The Humber
