la_code,la_name,status,cal_year,ep_service,sen_admin,sen_transport,ehcplans,ep_per_ehcp,admin_per_ehcp,transport_per_ehcp
E06000001,Hartlepool,Delivering Better Value,2019,499961.00,356370.00,1064884.00,585.00,854.63,609.18,1820.31
E06000001,Hartlepool,Delivering Better Value,2020,237168.00,185663.00,1176805.00,610.00,388.80,304.37,1929.19
E06000001,Hartlepool,Delivering Better Value,2021,472526.00,173052.00,1411712.00,710.00,665.53,243.74,1988.33
E06000001,Hartlepool,Delivering Better Value,2022,112013.00,192621.00,1400739.00,740.00,151.37,260.30,1892.89
E06000001,Hartlepool,Delivering Better Value,2023,146226.00,196608.00,1560115.00,801.00,182.55,245.45,1947.71
E06000001,Hartlepool,Delivering Better Value,2024,632081.00,227852.00,1647054.00,859.00,735.83,265.25,1917.41
E06000001,Hartlepool,Delivering Better Value,2025,289328.00,268266.00,1706727.00,966.00,299.51,277.71,1766.80
E06000002,Middlesbrough,Delivering Better Value,2019,429529.00,205374.00,2287663.00,1184.00,362.78,173.46,1932.15
E06000002,Middlesbrough,Delivering Better Value,2020,457442.00,203852.00,2334247.00,1224.00,373.73,166.55,1907.06
E06000002,Middlesbrough,Delivering Better Value,2021,457181.00,203085.00,1529196.00,1272.00,359.42,159.66,1202.20
E06000002,Middlesbrough,Delivering Better Value,2022,573972.00,39350.00,2353267.00,1370.00,418.96,28.72,1717.71
E06000002,Middlesbrough,Delivering Better Value,2023,556105.00,879647.00,2154786.00,1607.00,346.05,547.38,1340.87
E06000002,Middlesbrough,Delivering Better Value,2024,318631.00,476359.00,5089244.00,1872.00,170.21,254.47,2718.61
E06000002,Middlesbrough,Delivering Better Value,2025,721168.00,1227843.00,5979924.00,2019.00,357.19,608.14,2961.82
E06000003,Redcar and Cleveland,Delivering Better Value,2019,73695.00,88996.00,2033613.00,1230.00,59.91,72.35,1653.34
E06000003,Redcar and Cleveland,Delivering Better Value,2020,95629.00,195281.00,1826702.00,1304.00,73.34,149.76,1400.85
E06000003,Redcar and Cleveland,Delivering Better Value,2021,229384.00,563008.00,1755382.00,1340.00,171.18,420.16,1309.99
E06000003,Redcar and Cleveland,Delivering Better Value,2022,243951.00,567713.00,1888440.00,1398.00,174.50,406.09,1350.82
E06000003,Redcar and Cleveland,Delivering Better Value,2023,218381.00,672116.00,3943138.00,1543.00,141.53,435.59,2555.50
E06000003,Redcar and Cleveland,Delivering Better Value,2024,214978.00,767327.00,3877477.00,1491.00,144.18,514.64,2600.59
E06000003,Redcar and Cleveland,Delivering Better Value,2025,235093.00,844463.00,4160446.00,1492.00,157.57,565.99,2788.50
E06000004,Stockton-on-Tees,Delivering Better Value,2019,375613.00,323514.00,2675925.00,1452.00,258.69,222.81,1842.92
E06000004,Stockton-on-Tees,Delivering Better Value,2020,471158.00,346376.00,2824450.00,1548.00,304.37,223.76,1824.58
E06000004,Stockton-on-Tees,Delivering Better Value,2021,348072.00,283902.00,2995096.00,1650.00,210.95,172.06,1815.21
E06000004,Stockton-on-Tees,Delivering Better Value,2022,525057.00,1016761.00,2122227.00,1821.00,288.33,558.35,1165.42
E06000004,Stockton-on-Tees,Delivering Better Value,2023,572574.00,1050388.00,3885142.00,1891.00,302.79,555.47,2054.54
E06000004,Stockton-on-Tees,Delivering Better Value,2024,745467.00,1372986.00,4934184.00,2080.00,358.40,660.09,2372.20
E06000004,Stockton-on-Tees,Delivering Better Value,2025,961243.00,1530479.00,6021245.00,2442.00,393.63,626.73,2465.70
E06000005,Darlington,Delivering Better Value,2019,296824.00,397661.00,1156976.00,741.00,400.57,536.65,1561.37
E06000005,Darlington,Delivering Better Value,2020,400711.00,540131.00,1243131.00,792.00,505.95,681.98,1569.61
E06000005,Darlington,Delivering Better Value,2021,423348.00,618144.00,1077042.00,795.00,532.51,777.54,1354.77
E06000005,Darlington,Delivering Better Value,2022,415809.00,612344.00,1394389.00,848.00,490.34,722.10,1644.33
E06000005,Darlington,Delivering Better Value,2023,456436.00,475997.00,1636684.00,911.00,501.03,522.50,1796.58
E06000005,Darlington,Delivering Better Value,2024,467480.00,476846.00,1547681.00,1026.00,455.63,464.76,1508.46
E06000005,Darlington,Delivering Better Value,2025,505234.00,570417.00,1682334.00,1122.00,450.30,508.39,1499.41
E06000006,Halton,Delivering Better Value,2019,315673.00,872261.00,1750763.00,771.00,409.43,1131.34,2270.77
E06000006,Halton,Delivering Better Value,2020,362170.00,594659.00,2140249.00,904.00,400.63,657.81,2367.53
E06000006,Halton,Delivering Better Value,2021,303391.00,512279.00,1457371.00,1034.00,293.41,495.43,1409.45
E06000006,Halton,Delivering Better Value,2022,305610.00,535720.00,2012984.00,1189.00,257.03,450.56,1693.01
E06000006,Halton,Delivering Better Value,2023,274130.00,557803.00,2284917.00,1319.00,207.83,422.90,1732.31
E06000006,Halton,Delivering Better Value,2024,613976.00,727203.00,3273535.00,1524.00,402.87,477.17,2147.99
E06000006,Halton,Delivering Better Value,2025,661014.00,751710.00,3214204.00,1712.00,386.11,439.08,1877.46
E06000007,Warrington,None,2019,380237.00,611561.00,2174918.00,1566.00,242.81,390.52,1388.84
E06000007,Warrington,None,2020,523660.00,839610.00,1958681.00,1622.00,322.85,517.64,1207.57
E06000007,Warrington,None,2021,442161.00,786504.00,2109439.00,1660.00,266.36,473.80,1270.75
E06000007,Warrington,None,2022,502727.00,877904.00,2370691.00,1731.00,290.43,507.17,1369.55
E06000007,Warrington,None,2023,679490.00,626098.00,2652182.00,1878.00,361.82,333.39,1412.24
E06000007,Warrington,None,2024,1167751.00,408094.00,3520716.00,2052.00,569.08,198.88,1715.75
E06000007,Warrington,None,2025,1064315.00,475337.00,4615978.00,2309.00,460.94,205.86,1999.12
E06000008,Blackburn with Darwen,Delivering Better Value,2019,180467.00,432252.00,2178126.00,821.00,219.81,526.49,2653.02
E06000008,Blackburn with Darwen,Delivering Better Value,2020,353269.00,123819.00,1446800.00,895.00,394.71,138.35,1616.54
E06000008,Blackburn with Darwen,Delivering Better Value,2021,313141.00,278424.00,1504631.00,992.00,315.67,280.67,1516.77
E06000008,Blackburn with Darwen,Delivering Better Value,2022,378301.00,178325.00,1850016.00,1054.00,358.92,169.19,1755.23
E06000008,Blackburn with Darwen,Delivering Better Value,2023,344297.00,268756.00,2310319.00,1174.00,293.27,228.92,1967.90
E06000008,Blackburn with Darwen,Delivering Better Value,2024,596648.00,818234.00,4772183.00,1322.00,451.32,618.94,3609.82
E06000008,Blackburn with Darwen,Delivering Better Value,2025,719959.00,779343.00,4953673.00,1522.00,473.03,512.05,3254.71
E06000009,Blackpool,None,2019,562667.00,657834.00,1503943.00,858.00,655.79,766.71,1752.85
E06000009,Blackpool,None,2020,556596.00,785371.00,1631132.00,1021.00,545.15,769.22,1597.58
E06000009,Blackpool,None,2021,565434.00,885427.00,2011524.00,1206.00,468.85,734.18,1667.93
E06000009,Blackpool,None,2022,513070.00,1455715.00,2244148.00,1249.00,410.78,1165.50,1796.76
E06000009,Blackpool,None,2023,495110.00,837851.00,1949250.00,1312.00,377.37,638.61,1485.71
E06000009,Blackpool,None,2024,583521.00,1398659.00,2374344.00,1462.00,399.13,956.68,1624.04
E06000009,Blackpool,None,2025,293641.00,1255646.00,2790721.00,1661.00,176.79,755.96,1680.15
E06000010,"Kingston upon Hull, City of",None,2019,476907.00,1088396.00,1917138.00,1729.00,275.83,629.49,1108.81
E06000010,"Kingston upon Hull, City of",None,2020,591140.00,1204841.00,2467199.00,1886.00,313.44,638.83,1308.16
E06000010,"Kingston upon Hull, City of",None,2021,624805.00,1119804.00,2599070.00,2100.00,297.53,533.24,1237.65
E06000010,"Kingston upon Hull, City of",None,2022,538286.00,1147041.00,3283036.00,2402.00,224.10,477.54,1366.79
E06000010,"Kingston upon Hull, City of",None,2023,968848.00,1434774.00,4077035.00,2595.00,373.35,552.90,1571.11
E06000010,"Kingston upon Hull, City of",None,2024,1206590.00,1325265.00,4890329.00,2982.00,404.62,444.42,1639.95
E06000010,"Kingston upon Hull, City of",None,2025,1370171.00,1781892.00,6205657.00,3245.00,422.24,549.12,1912.38
E06000011,East Riding of Yorkshire,Delivering Better Value,2019,1239188.00,1020744.00,4729640.00,1906.00,650.15,535.54,2481.45
E06000011,East Riding of Yorkshire,Delivering Better Value,2020,1864254.00,1257629.00,5345532.00,2244.00,830.77,560.44,2382.14
E06000011,East Riding of Yorkshire,Delivering Better Value,2021,1491394.00,965813.00,4891948.00,2500.00,596.56,386.33,1956.78
E06000011,East Riding of Yorkshire,Delivering Better Value,2022,1723192.00,1094065.00,5524723.00,2769.00,622.32,395.11,1995.21
E06000011,East Riding of Yorkshire,Delivering Better Value,2023,2095904.00,1230175.00,6788346.00,3057.00,685.61,402.41,2220.59
E06000011,East Riding of Yorkshire,Delivering Better Value,2024,1749983.00,2909573.00,7129304.00,3410.00,513.19,853.25,2090.70
E06000011,East Riding of Yorkshire,Delivering Better Value,2025,1410751.00,1969512.00,7329091.00,3695.00,381.80,533.02,1983.52
E06000012,North East Lincolnshire,Delivering Better Value,2019,342803.00,466768.00,1705065.00,892.00,384.31,523.28,1911.51
E06000012,North East Lincolnshire,Delivering Better Value,2020,462237.00,691025.00,1931047.00,1029.00,449.21,671.55,1876.62
E06000012,North East Lincolnshire,Delivering Better Value,2021,329125.00,590753.00,2326743.00,1149.00,286.44,514.15,2025.02
E06000012,North East Lincolnshire,Delivering Better Value,2022,399806.00,491254.00,2305825.00,1230.00,325.05,399.39,1874.65
E06000012,North East Lincolnshire,Delivering Better Value,2023,526199.00,768921.00,2946449.00,1406.00,374.25,546.89,2095.63
E06000012,North East Lincolnshire,Delivering Better Value,2024,431158.00,888300.00,3478999.00,1674.00,257.56,530.65,2078.26
E06000012,North East Lincolnshire,Delivering Better Value,2025,1161625.00,923187.00,4025061.00,1983.00,585.79,465.55,2029.78
E06000013,North Lincolnshire,Delivering Better Value,2019,621055.00,792184.00,1822905.00,913.00,680.24,867.67,1996.61
E06000013,North Lincolnshire,Delivering Better Value,2020,555910.00,1029464.00,1885061.00,977.00,569.00,1053.70,1929.44
E06000013,North Lincolnshire,Delivering Better Value,2021,407526.00,1205914.00,2009941.00,1059.00,384.82,1138.73,1897.96
E06000013,North Lincolnshire,Delivering Better Value,2022,495250.00,1069357.00,2171653.00,1149.00,431.03,930.68,1890.04
E06000013,North Lincolnshire,Delivering Better Value,2023,535502.00,1033556.00,2560294.00,1314.00,407.54,786.57,1948.47
E06000013,North Lincolnshire,Delivering Better Value,2024,523534.00,1162678.00,2335605.00,1454.00,360.06,799.64,1606.33
E06000013,North Lincolnshire,Delivering Better Value,2025,767675.00,929959.00,2598064.00,1664.00,461.34,558.87,1561.34
E06000014,York,None,2019,542052.00,385382.00,2013445.00,846.00,640.72,455.53,2379.96
E06000014,York,None,2020,514256.00,458898.00,2066914.00,936.00,549.42,490.28,2208.24
E06000014,York,None,2021,632957.00,302583.00,1784926.00,1058.00,598.26,286.00,1687.08
E06000014,York,None,2022,646919.00,551626.00,2157456.00,1179.00,548.70,467.88,1829.90
E06000014,York,None,2023,613418.00,991962.00,2284887.00,1207.00,508.22,821.84,1893.03
E06000014,York,None,2024,717498.00,975040.00,2467145.00,1348.00,532.27,723.32,1830.23
E06000014,York,None,2025,891198.00,989644.00,2817233.00,1556.00,572.75,636.02,1810.56
E06000015,Derby,Delivering Better Value,2019,1033225.00,1012810.00,3040226.00,1895.00,545.24,534.46,1604.34
E06000015,Derby,Delivering Better Value,2020,888207.00,924145.00,3115166.00,2298.00,386.51,402.15,1355.60
E06000015,Derby,Delivering Better Value,2021,883078.00,921567.00,2683355.00,2613.00,337.96,352.69,1026.92
E06000015,Derby,Delivering Better Value,2022,692627.00,949573.00,3932467.00,2900.00,238.84,327.44,1356.02
E06000015,Derby,Delivering Better Value,2023,690062.00,1072956.00,6664454.00,3301.00,209.05,325.04,2018.92
E06000015,Derby,Delivering Better Value,2024,725066.00,1195600.00,5908936.00,3564.00,203.44,335.47,1657.95
E06000015,Derby,Delivering Better Value,2025,737436.00,1374712.00,5819070.00,3735.00,197.44,368.06,1557.98
E06000016,Leicester,Delivering Better Value,2019,1071154.00,466542.00,5951044.00,2386.00,448.93,195.53,2494.15
E06000016,Leicester,Delivering Better Value,2020,1017350.00,638757.00,5237150.00,2634.00,386.24,242.50,1988.29
E06000016,Leicester,Delivering Better Value,2021,1114805.00,1010268.00,8208705.00,2990.00,372.84,337.88,2745.39
E06000016,Leicester,Delivering Better Value,2022,1240736.00,1224505.00,10014406.00,2954.00,420.02,414.52,3390.12
E06000016,Leicester,Delivering Better Value,2023,1491726.00,1578193.00,10651781.00,3387.00,440.43,465.96,3144.90
E06000016,Leicester,Delivering Better Value,2024,2230930.00,1530489.00,11808169.00,3824.00,583.40,400.23,3087.91
E06000016,Leicester,Delivering Better Value,2025,1990557.00,1574585.00,11775506.00,4057.00,490.65,388.12,2902.52
E06000017,Rutland,None,2019,138570.00,109578.00,631229.00,197.00,703.40,556.23,3204.21
E06000017,Rutland,None,2020,189942.00,242257.00,938551.00,222.00,855.59,1091.25,4227.71
E06000017,Rutland,None,2021,137222.00,311731.00,828165.00,261.00,525.75,1194.37,3173.05
E06000017,Rutland,None,2022,153150.00,297637.00,989127.00,279.00,548.92,1066.80,3545.26
E06000017,Rutland,None,2023,278240.00,473052.00,1317533.00,314.00,886.11,1506.54,4195.96
E06000017,Rutland,None,2024,210820.00,483426.00,1581551.00,340.00,620.06,1421.84,4651.62
E06000017,Rutland,None,2025,236502.00,286251.00,2139305.00,376.00,628.99,761.31,5689.64
E06000018,Nottingham,Delivering Better Value,2019,684413.00,274389.00,1657741.00,1021.00,670.34,268.75,1623.64
E06000018,Nottingham,Delivering Better Value,2020,587521.00,198784.00,1498355.00,1106.00,531.21,179.73,1354.75
E06000018,Nottingham,Delivering Better Value,2021,1045157.00,264820.00,1207504.00,1231.00,849.03,215.13,980.91
E06000018,Nottingham,Delivering Better Value,2022,749495.00,257581.00,1261547.00,1311.00,571.70,196.48,962.28
E06000018,Nottingham,Delivering Better Value,2023,925638.00,381405.00,2576291.00,1371.00,675.16,278.19,1879.13
E06000018,Nottingham,Delivering Better Value,2024,1131062.00,276451.00,2670980.00,2115.00,534.78,130.71,1262.87
E06000018,Nottingham,Delivering Better Value,2025,1200626.00,520844.00,2590490.00,1909.00,628.93,272.84,1356.99
E06000019,"Herefordshire, County of",None,2019,282321.00,280826.00,1439397.00,939.00,300.66,299.07,1532.90
E06000019,"Herefordshire, County of",None,2020,318256.00,586314.00,1746044.00,1002.00,317.62,585.14,1742.56
E06000019,"Herefordshire, County of",None,2021,382011.00,419097.00,2615038.00,1055.00,362.10,397.25,2478.71
E06000019,"Herefordshire, County of",None,2022,528913.00,635701.00,2605548.00,1182.00,447.47,537.82,2204.36
E06000019,"Herefordshire, County of",None,2023,514460.00,584976.00,3876898.00,1284.00,400.67,455.59,3019.39
E06000019,"Herefordshire, County of",None,2024,508175.00,494291.00,5837549.00,1461.00,347.83,338.32,3995.58
E06000019,"Herefordshire, County of",None,2025,644494.00,810172.00,8303220.00,1717.00,375.36,471.85,4835.89
E06000020,Telford and Wrekin,None,2019,274157.00,867923.00,2214472.00,1556.00,176.19,557.79,1423.18
E06000020,Telford and Wrekin,None,2020,340250.00,1075757.00,2479348.00,1657.00,205.34,649.22,1496.29
E06000020,Telford and Wrekin,None,2021,376835.00,1214438.00,2150145.00,1785.00,211.11,680.36,1204.56
E06000020,Telford and Wrekin,None,2022,355014.00,948949.00,2374093.00,1782.00,199.22,532.52,1332.26
E06000020,Telford and Wrekin,None,2023,233731.00,1074335.00,2998023.00,1858.00,125.80,578.22,1613.58
E06000020,Telford and Wrekin,None,2024,357152.00,869198.00,2784453.00,2124.00,168.15,409.23,1310.95
E06000020,Telford and Wrekin,None,2025,379488.00,543868.00,3301271.00,2439.00,155.59,222.99,1353.53
E06000021,Stoke-on-Trent,Delivering Better Value,2019,777027.00,356187.00,4671268.00,2223.00,349.54,160.23,2101.34
E06000021,Stoke-on-Trent,Delivering Better Value,2020,695802.00,702401.00,4275554.00,2290.00,303.84,306.73,1867.05
E06000021,Stoke-on-Trent,Delivering Better Value,2021,428145.00,653192.00,4293951.00,2441.00,175.40,267.59,1759.10
E06000021,Stoke-on-Trent,Delivering Better Value,2022,681588.00,879567.00,4510483.00,2540.00,268.34,346.29,1775.78
E06000021,Stoke-on-Trent,Delivering Better Value,2023,766238.00,1670275.00,5362178.00,2772.00,276.42,602.55,1934.41
E06000021,Stoke-on-Trent,Delivering Better Value,2024,1258585.00,1281308.00,6335356.00,2970.00,423.77,431.42,2133.12
E06000021,Stoke-on-Trent,Delivering Better Value,2025,1515176.00,1280989.00,8529603.00,3405.00,444.99,376.21,2505.02
E06000022,Bath and North East Somerset,None,2019,547006.00,436295.00,566107.00,1277.00,428.35,341.66,443.31
E06000022,Bath and North East Somerset,None,2020,598837.00,465742.00,2282876.00,1363.00,439.35,341.70,1674.89
E06000022,Bath and North East Somerset,None,2021,598436.00,938527.00,2945139.00,1559.00,383.86,602.01,1889.12
E06000022,Bath and North East Somerset,None,2022,738479.00,949820.00,2980987.00,1708.00,432.36,556.10,1745.31
E06000022,Bath and North East Somerset,None,2023,855838.00,582760.00,4279186.00,1967.00,435.10,296.27,2175.49
E06000022,Bath and North East Somerset,None,2024,846062.00,914227.00,5074345.00,2230.00,379.40,409.97,2275.49
E06000022,Bath and North East Somerset,None,2025,894695.00,1669458.00,6180504.00,2469.00,362.37,676.17,2503.24
E06000023,"Bristol, City of",None,2019,381062.00,1187747.00,5466841.00,2280.00,167.13,520.94,2397.74
E06000023,"Bristol, City of",None,2020,405562.00,1316692.00,5611332.00,2700.00,150.21,487.66,2078.27
E06000023,"Bristol, City of",None,2021,369897.00,1917921.00,6256882.00,3124.00,118.40,613.93,2002.84
E06000023,"Bristol, City of",None,2022,396295.00,2413664.00,8287975.00,3424.00,115.74,704.93,2420.55
E06000023,"Bristol, City of",None,2023,382512.00,2902556.00,10230085.00,3709.00,103.13,782.57,2758.18
E06000023,"Bristol, City of",None,2024,695973.00,3708535.00,14158684.00,4382.00,158.83,846.31,3231.10
E06000023,"Bristol, City of",None,2025,696048.00,4650421.00,17891690.00,4931.00,141.16,943.10,3628.41
E06000024,North Somerset,Delivering Better Value,2019,232240.00,300810.00,1891909.00,900.00,258.04,334.23,2102.12
E06000024,North Somerset,Delivering Better Value,2020,245592.00,428836.00,1866263.00,1022.00,240.31,419.60,1826.09
E06000024,North Somerset,Delivering Better Value,2021,277198.00,735052.00,2079115.00,1287.00,215.38,571.14,1615.47
E06000024,North Somerset,Delivering Better Value,2022,356110.00,632332.00,2566657.00,1556.00,228.86,406.38,1649.52
E06000024,North Somerset,Delivering Better Value,2023,147719.00,978221.00,3165332.00,1785.00,82.76,548.02,1773.30
E06000024,North Somerset,Delivering Better Value,2024,920177.00,1780189.00,5619336.00,2114.00,435.28,842.10,2658.15
E06000024,North Somerset,Delivering Better Value,2025,1046109.00,1622916.00,7067222.00,2644.00,395.65,613.81,2672.93
E06000025,South Gloucestershire,None,2019,318544.00,503355.00,3082163.00,1920.00,165.91,262.16,1605.29
E06000025,South Gloucestershire,None,2020,302765.00,505140.00,3374608.00,1960.00,154.47,257.72,1721.74
E06000025,South Gloucestershire,None,2021,266657.00,485914.00,3969835.00,2227.00,119.74,218.19,1782.59
E06000025,South Gloucestershire,None,2022,366594.00,514918.00,3830442.00,2460.00,149.02,209.32,1557.09
E06000025,South Gloucestershire,None,2023,372098.00,687502.00,4064664.00,2722.00,136.70,252.57,1493.26
E06000025,South Gloucestershire,None,2024,749529.00,1848649.00,4786765.00,2814.00,266.36,656.95,1701.05
E06000025,South Gloucestershire,None,2025,776110.00,1931575.00,5373144.00,3236.00,239.84,596.90,1660.43
E06000026,Plymouth,Delivering Better Value,2019,1038486.00,1581515.00,5064014.00,2024.00,513.09,781.38,2501.98
E06000026,Plymouth,Delivering Better Value,2020,1049858.00,1004620.00,4581511.00,2213.00,474.40,453.96,2070.27
E06000026,Plymouth,Delivering Better Value,2021,1023799.00,1399481.00,4005537.00,2336.00,438.27,599.09,1714.70
E06000026,Plymouth,Delivering Better Value,2022,1002115.00,1302352.00,5312022.00,2536.00,395.16,513.55,2094.65
E06000026,Plymouth,Delivering Better Value,2023,1030467.00,1473156.00,6236835.00,2678.00,384.79,550.10,2328.92
E06000026,Plymouth,Delivering Better Value,2024,1280082.00,2456634.00,8148334.00,2800.00,457.17,877.37,2910.12
E06000026,Plymouth,Delivering Better Value,2025,1187705.00,1768212.00,10027662.00,3081.00,385.49,573.91,3254.68
E06000027,Torbay,None,2019,412578.00,491039.00,1486597.00,1331.00,309.98,368.92,1116.90
E06000027,Torbay,None,2020,445411.00,553097.00,1577267.00,1416.00,314.56,390.61,1113.89
E06000027,Torbay,None,2021,524753.00,815560.00,1800170.00,1507.00,348.21,541.18,1194.54
E06000027,Torbay,None,2022,588017.00,1121255.00,2372250.00,1608.00,365.68,697.30,1475.28
E06000027,Torbay,None,2023,597640.00,1585070.00,2877291.00,1595.00,374.70,993.77,1803.94
E06000027,Torbay,None,2024,659933.00,1342909.00,3285184.00,1535.00,429.92,874.86,2140.19
E06000027,Torbay,None,2025,738130.00,1298846.00,3144167.00,1643.00,449.26,790.53,1913.67
E06000028,Bournemouth,None,2019,520090.00,1620733.00,1776816.00,1045.00,497.69,1550.94,1700.30
E06000029,Poole,None,2019,382562.00,690238.00,1786927.00,846.00,452.20,815.88,2112.21
E06000030,Swindon,Safety Valve,2019,470633.00,762189.00,3056600.00,1987.00,236.86,383.59,1538.30
E06000030,Swindon,Safety Valve,2020,492707.00,1124914.00,3598839.00,2171.00,226.95,518.15,1657.69
E06000030,Swindon,Safety Valve,2021,399000.00,1155683.00,3698917.00,2049.00,194.73,564.02,1805.23
E06000030,Swindon,Safety Valve,2022,455735.00,1471371.00,4498694.00,2264.00,201.30,649.90,1987.06
E06000030,Swindon,Safety Valve,2023,615781.00,1440901.00,4829266.00,2324.00,264.97,620.01,2078.00
E06000030,Swindon,Safety Valve,2024,615601.00,1699619.00,4357654.00,2573.00,239.25,660.56,1693.61
E06000030,Swindon,Safety Valve,2025,1417690.00,1743653.00,4402030.00,2772.00,511.43,629.02,1588.03
E06000031,Peterborough,Safety Valve,2019,594931.00,1025022.00,2402824.00,1901.00,312.96,539.20,1263.98
E06000031,Peterborough,Safety Valve,2020,604260.00,1165530.00,2926902.00,1930.00,313.09,603.90,1516.53
E06000031,Peterborough,Safety Valve,2021,516508.00,954565.00,3521884.00,2047.00,252.32,466.32,1720.51
E06000031,Peterborough,Safety Valve,2022,399027.00,790674.00,3481187.00,2207.00,180.80,358.26,1577.34
E06000031,Peterborough,Safety Valve,2023,452543.00,770971.00,3514765.00,2357.00,192.00,327.10,1491.20
E06000031,Peterborough,Safety Valve,2024,614828.00,831162.00,4308750.00,2625.00,234.22,316.63,1641.43
E06000031,Peterborough,Safety Valve,2025,837697.00,1112438.00,4512234.00,2908.00,288.07,382.54,1551.66
E06000032,Luton,Delivering Better Value,2019,896866.00,982169.00,3437600.00,1532.00,585.42,641.10,2243.86
E06000032,Luton,Delivering Better Value,2020,882848.00,1110650.00,3398319.00,1764.00,500.48,629.62,1926.48
E06000032,Luton,Delivering Better Value,2021,889557.00,1433763.00,3461645.00,1882.00,472.67,761.83,1839.34
E06000032,Luton,Delivering Better Value,2022,834177.00,1308376.00,5556197.00,2043.00,408.31,640.42,2719.63
E06000032,Luton,Delivering Better Value,2023,938975.00,1301214.00,6522670.00,2170.00,432.71,599.64,3005.84
E06000032,Luton,Delivering Better Value,2024,983307.00,1392847.00,7207136.00,2585.00,380.39,538.82,2788.06
E06000032,Luton,Delivering Better Value,2025,980237.00,2329318.00,7696430.00,2723.00,359.98,855.42,2826.45
E06000033,Southend-on-Sea,Safety Valve,2019,577386.00,1058180.00,1616787.00,1318.00,438.08,802.87,1226.70
E06000033,Southend-on-Sea,Safety Valve,2020,572983.00,926273.00,1971492.00,1361.00,421.00,680.58,1448.56
E06000033,Southend-on-Sea,Safety Valve,2021,592443.00,973445.00,1335236.00,1399.00,423.48,695.81,954.42
E06000033,Southend-on-Sea,Safety Valve,2022,649898.00,908738.00,1993933.00,1443.00,450.38,629.76,1381.80
E06000033,Southend-on-Sea,Safety Valve,2023,534948.00,1069088.00,2856205.00,1541.00,347.14,693.76,1853.48
E06000033,Southend-on-Sea,Safety Valve,2024,537814.00,1658549.00,3427483.00,1737.00,309.62,954.84,1973.22
E06000033,Southend-on-Sea,Safety Valve,2025,998305.00,1380151.00,3499461.00,1992.00,501.16,692.85,1756.76
E06000034,Thurrock,Safety Valve,2019,644642.00,0.00,1120546.00,1538.00,419.14,0.00,728.57
E06000034,Thurrock,Safety Valve,2020,726242.00,620052.00,959174.00,1661.00,437.23,373.30,577.47
E06000034,Thurrock,Safety Valve,2021,758391.00,812976.00,2296090.00,1761.00,430.66,461.66,1303.86
E06000034,Thurrock,Safety Valve,2022,671656.00,887338.00,1807345.00,1906.00,352.39,465.55,948.24
E06000034,Thurrock,Safety Valve,2023,768880.00,1056821.00,1775919.00,2090.00,367.89,505.66,849.72
E06000034,Thurrock,Safety Valve,2024,492084.00,941901.00,16232445.00,2319.00,212.20,406.17,6999.76
E06000034,Thurrock,Safety Valve,2025,645285.00,1033261.00,3305518.00,2508.00,257.29,411.99,1317.99
E06000035,Medway,Safety Valve,2019,889928.00,939445.00,5911869.00,2126.00,418.59,441.88,2780.75
E06000035,Medway,Safety Valve,2020,766658.00,760940.00,5836166.00,2296.00,333.91,331.42,2541.88
E06000035,Medway,Safety Valve,2021,735849.00,2083843.00,5535962.00,2507.00,293.52,831.21,2208.20
E06000035,Medway,Safety Valve,2022,860023.00,2132080.00,7380491.00,2697.00,318.88,790.54,2736.56
E06000035,Medway,Safety Valve,2023,616525.00,1790865.00,8268852.00,2854.00,216.02,627.49,2897.29
E06000035,Medway,Safety Valve,2024,1221070.00,3078017.00,10562724.00,3175.00,384.59,969.45,3326.84
E06000035,Medway,Safety Valve,2025,2252841.00,3203137.00,9973264.00,3041.00,740.82,1053.32,3279.60
E06000036,Bracknell Forest,Safety Valve,2019,383542.00,501406.00,1171051.00,775.00,494.89,646.98,1511.03
E06000036,Bracknell Forest,Safety Valve,2020,385434.00,494063.00,1821281.00,887.00,434.54,557.00,2053.30
E06000036,Bracknell Forest,Safety Valve,2021,468817.00,708395.00,1523242.00,1031.00,454.72,687.10,1477.44
E06000036,Bracknell Forest,Safety Valve,2022,448670.00,1080246.00,2146693.00,1131.00,396.70,955.12,1898.05
E06000036,Bracknell Forest,Safety Valve,2023,452090.00,1711546.00,2493884.00,1246.00,362.83,1373.63,2001.51
E06000036,Bracknell Forest,Safety Valve,2024,652103.00,2015493.00,2485588.00,1469.00,443.91,1372.02,1692.03
E06000036,Bracknell Forest,Safety Valve,2025,758384.00,1570236.00,3007968.00,1654.00,458.52,949.36,1818.60
E06000037,West Berkshire,None,2019,649661.00,833597.00,1904641.00,971.00,669.06,858.49,1961.53
E06000037,West Berkshire,None,2020,894645.00,805741.00,2009382.00,1034.00,865.23,779.25,1943.31
E06000037,West Berkshire,None,2021,1300627.00,857420.00,1844996.00,1074.00,1211.01,798.34,1717.87
E06000037,West Berkshire,None,2022,1504239.00,908902.00,2183776.00,1198.00,1255.63,758.68,1822.85
E06000037,West Berkshire,None,2023,1755320.00,1250856.00,2485164.00,1322.00,1327.78,946.18,1879.85
E06000037,West Berkshire,None,2024,1840559.00,1615439.00,3433468.00,1531.00,1202.19,1055.15,2242.63
E06000037,West Berkshire,None,2025,1515710.00,1363630.00,3343548.00,1685.00,899.53,809.28,1984.30
E06000038,Reading,Delivering Better Value,2019,387803.00,322340.00,1776018.00,1282.00,302.50,251.44,1385.35
E06000038,Reading,Delivering Better Value,2020,290341.00,489815.00,2111375.00,1364.00,212.86,359.10,1547.93
E06000038,Reading,Delivering Better Value,2021,379097.00,802725.00,1800405.00,1436.00,264.00,559.00,1253.76
E06000038,Reading,Delivering Better Value,2022,577557.00,649254.00,2498883.00,1553.00,371.90,418.06,1609.07
E06000038,Reading,Delivering Better Value,2023,580787.00,788566.00,2855271.00,1773.00,327.57,444.76,1610.42
E06000038,Reading,Delivering Better Value,2024,677109.00,1057183.00,3555382.00,1954.00,346.52,541.04,1819.54
E06000038,Reading,Delivering Better Value,2025,643323.00,999930.00,4472183.00,1966.00,327.22,508.61,2274.76
E06000039,Slough,Delivering Better Value,2019,785527.00,642613.00,1883554.00,1350.00,581.87,476.01,1395.23
E06000039,Slough,Delivering Better Value,2020,783880.00,764554.00,2620960.00,1471.00,532.89,519.75,1781.75
E06000039,Slough,Delivering Better Value,2021,718248.00,933157.00,2060095.00,1562.00,459.83,597.41,1318.88
E06000039,Slough,Delivering Better Value,2022,515928.00,722474.00,2544683.00,1695.00,304.38,426.24,1501.29
E06000039,Slough,Delivering Better Value,2023,70318.00,1318418.00,2383919.00,1824.00,38.55,722.82,1306.97
E06000039,Slough,Delivering Better Value,2024,517861.00,1101464.00,2579550.00,1927.00,268.74,571.60,1338.64
E06000039,Slough,Delivering Better Value,2025,990479.00,2048988.00,2039543.00,2192.00,451.86,934.76,930.45
E06000040,Windsor and Maidenhead,None,2019,508982.00,493377.00,1850143.00,933.00,545.53,528.81,1983.00
E06000040,Windsor and Maidenhead,None,2020,510715.00,580281.00,1905562.00,970.00,526.51,598.23,1964.50
E06000040,Windsor and Maidenhead,None,2021,472610.00,529405.00,1710277.00,1000.00,472.61,529.40,1710.28
E06000040,Windsor and Maidenhead,None,2022,543962.00,386077.00,1568276.00,1044.00,521.04,369.81,1502.18
E06000040,Windsor and Maidenhead,None,2023,572996.00,417769.00,1677588.00,1102.00,519.96,379.10,1522.31
E06000040,Windsor and Maidenhead,None,2024,1111266.00,390638.00,2102398.00,1199.00,926.83,325.80,1753.46
E06000040,Windsor and Maidenhead,None,2025,917521.00,485178.00,2404571.00,1342.00,683.70,361.53,1791.78
E06000041,Wokingham,None,2019,431617.00,428928.00,1840388.00,934.00,462.12,459.24,1970.44
E06000041,Wokingham,None,2020,440207.00,679359.00,2332340.00,1078.00,408.36,630.20,2163.58
E06000041,Wokingham,None,2021,418380.00,995807.00,2619632.00,1270.00,329.43,784.10,2062.70
E06000041,Wokingham,None,2022,605874.00,1258440.00,3183134.00,1488.00,407.17,845.73,2139.20
E06000041,Wokingham,None,2023,707443.00,1532775.00,2057651.00,1685.00,419.85,909.66,1221.16
E06000041,Wokingham,None,2024,954359.00,1591935.00,4824387.00,1948.00,489.92,817.22,2476.58
E06000041,Wokingham,None,2025,996901.00,3553745.00,5137028.00,2206.00,451.90,1610.95,2328.66
E06000042,Milton Keynes,Delivering Better Value,2019,591749.00,582548.00,2899884.00,1807.00,327.48,322.38,1604.81
E06000042,Milton Keynes,Delivering Better Value,2020,708494.00,677561.00,3037555.00,2068.00,342.60,327.64,1468.84
E06000042,Milton Keynes,Delivering Better Value,2021,731578.00,806636.00,2785128.00,2276.00,321.43,354.41,1223.69
E06000042,Milton Keynes,Delivering Better Value,2022,926119.00,799762.00,4043848.00,2439.00,379.71,327.91,1657.99
E06000042,Milton Keynes,Delivering Better Value,2023,573917.00,678506.00,4365132.00,2387.00,240.43,284.25,1828.71
E06000042,Milton Keynes,Delivering Better Value,2024,680759.00,602775.00,4584464.00,2768.00,245.94,217.77,1656.24
E06000042,Milton Keynes,Delivering Better Value,2025,903142.00,635782.00,4766645.00,2982.00,302.86,213.21,1598.47
E06000043,Brighton and Hove,None,2019,769578.00,390240.00,2244838.00,1486.00,517.89,262.61,1510.66
E06000043,Brighton and Hove,None,2020,852307.00,265746.00,2684898.00,1676.00,508.54,158.56,1601.97
E06000043,Brighton and Hove,None,2021,1136041.00,306500.00,2764577.00,1853.00,613.08,165.41,1491.95
E06000043,Brighton and Hove,None,2022,1377652.00,324869.00,2941675.00,2056.00,670.06,158.01,1430.78
E06000043,Brighton and Hove,None,2023,748177.00,363959.00,3785975.00,2258.00,331.34,161.19,1676.69
E06000043,Brighton and Hove,None,2024,1246975.00,1016554.00,4370487.00,2489.00,500.99,408.42,1755.92
E06000043,Brighton and Hove,None,2025,1517603.00,1529565.00,5240359.00,2800.00,542.00,546.27,1871.56
E06000044,Portsmouth,Delivering Better Value,2019,573134.00,1309930.00,2084344.00,1513.00,378.81,865.78,1377.62
E06000044,Portsmouth,Delivering Better Value,2020,696057.00,1227288.00,1990858.00,1596.00,436.13,768.98,1247.40
E06000044,Portsmouth,Delivering Better Value,2021,823219.00,1064708.00,2021139.00,1662.00,495.32,640.62,1216.09
E06000044,Portsmouth,Delivering Better Value,2022,920412.00,1270772.00,2615929.00,1806.00,509.64,703.64,1448.47
E06000044,Portsmouth,Delivering Better Value,2023,857169.00,1391099.00,2866142.00,1919.00,446.67,724.91,1493.56
E06000044,Portsmouth,Delivering Better Value,2024,840058.00,1152577.00,2703592.00,2000.00,420.03,576.29,1351.80
E06000044,Portsmouth,Delivering Better Value,2025,1092788.00,1426029.00,3146366.00,2310.00,473.07,617.33,1362.06
E06000045,Southampton,Delivering Better Value,2019,1446241.00,1051843.00,3147114.00,1522.00,950.22,691.09,2067.75
E06000045,Southampton,Delivering Better Value,2020,1089123.00,374298.00,3483243.00,1736.00,627.38,215.61,2006.48
E06000045,Southampton,Delivering Better Value,2021,1212358.00,327305.00,3483243.00,1826.00,663.94,179.25,1907.58
E06000045,Southampton,Delivering Better Value,2022,1168866.00,844802.00,4911679.00,1938.00,603.13,435.91,2534.41
E06000045,Southampton,Delivering Better Value,2023,1191741.00,924747.00,6765672.00,2184.00,545.67,423.42,3097.84
E06000045,Southampton,Delivering Better Value,2024,1270624.00,954334.00,7518945.00,2505.00,507.24,380.97,3001.57
E06000045,Southampton,Delivering Better Value,2025,1381879.00,1324890.00,7905884.00,2785.00,496.19,475.72,2838.74
E06000046,Isle of Wight,Safety Valve,2019,294529.00,581154.00,259206.00,1056.00,278.91,550.34,245.46
E06000046,Isle of Wight,Safety Valve,2020,297218.00,500603.00,388452.00,1217.00,244.22,411.34,319.19
E06000046,Isle of Wight,Safety Valve,2021,319297.00,521864.00,337337.00,1216.00,262.58,429.16,277.42
E06000046,Isle of Wight,Safety Valve,2022,311260.00,511597.00,591608.00,1332.00,233.68,384.08,444.15
E06000046,Isle of Wight,Safety Valve,2023,352736.00,607275.00,669470.00,1493.00,236.26,406.75,448.41
E06000046,Isle of Wight,Safety Valve,2024,352937.00,814217.00,1427741.00,1662.00,212.36,489.90,859.05
E06000046,Isle of Wight,Safety Valve,2025,530560.00,994582.00,1959768.00,1799.00,294.92,552.85,1089.37
E06000047,County Durham,None,2019,1574161.00,1513835.00,5884574.00,3240.00,485.85,467.23,1816.23
E06000047,County Durham,None,2020,1727194.00,1246451.00,6816576.00,3442.00,501.80,362.13,1980.41
E06000047,County Durham,None,2021,1320410.00,1416646.00,6946326.00,3628.00,363.95,390.48,1914.64
E06000047,County Durham,None,2022,1518943.00,1780813.00,9242363.00,3975.00,382.12,448.00,2325.12
E06000047,County Durham,None,2023,2044725.00,1991732.00,11188519.00,4224.00,484.07,471.53,2648.80
E06000047,County Durham,None,2024,2222004.00,2045760.00,13777007.00,4501.00,493.67,454.51,3060.88
E06000047,County Durham,None,2025,2679744.00,2174199.00,18427361.00,5390.00,497.17,403.38,3418.81
E06000049,Cheshire East,Safety Valve,2019,1191681.00,562715.00,5087787.00,2087.00,571.00,269.63,2437.85
E06000049,Cheshire East,Safety Valve,2020,1119257.00,2382858.00,5221224.00,2470.00,453.14,964.72,2113.86
E06000049,Cheshire East,Safety Valve,2021,1233466.00,2058659.00,6177255.00,2934.00,420.40,701.66,2105.40
E06000049,Cheshire East,Safety Valve,2022,1458255.00,2143867.00,8717998.00,3412.00,427.39,628.33,2555.10
E06000049,Cheshire East,Safety Valve,2023,1489184.00,2895938.00,9506899.00,4029.00,369.62,718.77,2359.62
E06000049,Cheshire East,Safety Valve,2024,1666684.00,3277592.00,10901246.00,4576.00,364.22,716.26,2382.27
E06000049,Cheshire East,Safety Valve,2025,1635924.00,3801823.00,11500354.00,4871.00,335.85,780.50,2360.98
E06000050,Cheshire West and Chester,None,2019,670839.00,449161.00,3992352.00,1857.00,361.25,241.87,2149.89
E06000050,Cheshire West and Chester,None,2020,760935.00,443340.00,4487523.00,2065.00,368.49,214.69,2173.13
E06000050,Cheshire West and Chester,None,2021,922654.00,407513.00,4856086.00,2289.00,403.08,178.03,2121.49
E06000050,Cheshire West and Chester,None,2022,1002838.00,475553.00,5891495.00,2588.00,387.50,183.75,2276.47
E06000050,Cheshire West and Chester,None,2023,1055508.00,983651.00,8912478.00,2882.00,366.24,341.31,3092.46
E06000050,Cheshire West and Chester,None,2024,1393183.00,1717938.00,8590559.00,3339.00,417.25,514.51,2572.79
E06000050,Cheshire West and Chester,None,2025,1487731.00,2220074.00,10733349.00,3808.00,390.69,583.00,2818.63
E06000051,Shropshire,Safety Valve,2019,691316.00,281996.00,5612048.00,1906.00,362.71,147.95,2944.41
E06000051,Shropshire,Safety Valve,2020,622167.00,220162.00,5055260.00,1945.00,319.88,113.19,2599.11
E06000051,Shropshire,Safety Valve,2021,779253.00,485434.00,5099332.00,2016.00,386.53,240.79,2529.43
E06000051,Shropshire,Safety Valve,2022,639647.00,467327.00,5438454.00,1982.00,322.73,235.79,2743.92
E06000051,Shropshire,Safety Valve,2023,680543.00,503203.00,6182938.00,1946.00,349.71,258.58,3177.25
E06000051,Shropshire,Safety Valve,2024,723549.00,459205.00,6754476.00,2496.00,289.88,183.98,2706.12
E06000051,Shropshire,Safety Valve,2025,657837.00,1211657.00,7358224.00,3016.00,218.12,401.74,2439.73
E06000052,Cornwall,Delivering Better Value,2019,2048641.00,167361.00,3467388.00,2814.00,728.02,59.47,1232.19
E06000052,Cornwall,Delivering Better Value,2020,2155841.00,172510.00,3847726.00,3065.00,703.37,56.28,1255.38
E06000052,Cornwall,Delivering Better Value,2021,2579041.00,1390742.00,4489541.00,3324.00,775.88,418.39,1350.64
E06000052,Cornwall,Delivering Better Value,2022,2427776.00,1308515.00,6359115.00,3770.00,643.97,347.09,1686.77
E06000052,Cornwall,Delivering Better Value,2023,2350503.00,1026879.00,7834484.00,3871.00,607.21,265.27,2023.89
E06000052,Cornwall,Delivering Better Value,2024,1912045.00,863900.00,12141226.00,4163.00,459.29,207.52,2916.46
E06000052,Cornwall,Delivering Better Value,2025,2465360.00,1472531.00,15363897.00,4949.00,498.15,297.54,3104.44
E06000053,Isles of Scilly,None,2019,5615.00,0.00,2238.00,11.00,510.45,0.00,203.45
E06000053,Isles of Scilly,None,2020,6000.00,76442.00,0.00,11.00,545.45,6949.27,0.00
E06000053,Isles of Scilly,None,2021,1381.00,0.00,0.00,12.00,115.08,0.00,0.00
E06000053,Isles of Scilly,None,2022,2115.00,463.00,0.00,16.00,132.19,28.94,0.00
E06000053,Isles of Scilly,None,2023,2460.00,34260.00,0.00,15.00,164.00,2284.00,0.00
E06000053,Isles of Scilly,None,2024,4458.00,143936.00,0.00,18.00,247.67,7996.44,0.00
E06000053,Isles of Scilly,None,2025,3146.00,239137.00,3299.00,17.00,185.06,14066.88,194.06
E06000054,Wiltshire,Safety Valve,2019,1059752.00,1904665.00,8173110.00,3349.00,316.44,568.73,2440.46
E06000054,Wiltshire,Safety Valve,2020,1090114.00,1895176.00,10081970.00,3784.00,288.09,500.84,2664.37
E06000054,Wiltshire,Safety Valve,2021,812968.00,1450465.00,10196900.00,4067.00,199.89,356.64,2507.23
E06000054,Wiltshire,Safety Valve,2022,956302.00,1127504.00,11069473.00,4287.00,223.07,263.01,2582.10
E06000054,Wiltshire,Safety Valve,2023,1687106.00,2426825.00,14027222.00,4760.00,354.43,509.84,2946.90
E06000054,Wiltshire,Safety Valve,2024,2086951.00,3215788.00,17765500.00,5536.00,376.98,580.89,3209.09
E06000054,Wiltshire,Safety Valve,2025,2721084.00,5599784.00,21402644.00,6383.00,426.30,877.30,3353.07
E06000055,Bedford,None,2019,204029.00,386753.00,1497467.00,1199.00,170.17,322.56,1248.93
E06000055,Bedford,None,2020,409855.00,606823.00,2249485.00,1185.00,345.87,512.09,1898.30
E06000055,Bedford,None,2021,495328.00,776852.00,2594291.00,1301.00,380.73,597.12,1994.07
E06000055,Bedford,None,2022,275004.00,1516330.00,2807863.00,1486.00,185.06,1020.41,1889.54
E06000055,Bedford,None,2023,507532.00,1613800.00,2870015.00,1651.00,307.41,977.47,1738.35
E06000055,Bedford,None,2024,523734.00,1479319.00,4115426.00,1899.00,275.79,779.00,2167.15
E06000055,Bedford,None,2025,555525.00,4888778.00,3559408.00,2170.00,256.00,2252.89,1640.28
E06000056,Central Bedfordshire,None,2019,641002.00,607242.00,4310887.00,1747.00,366.92,347.59,2467.59
E06000056,Central Bedfordshire,None,2020,837393.00,823807.00,5029478.00,1833.00,456.84,449.43,2743.85
E06000056,Central Bedfordshire,None,2021,724671.00,1090661.00,4251307.00,2105.00,344.26,518.13,2019.62
E06000056,Central Bedfordshire,None,2022,1380131.00,2012606.00,5353944.00,2546.00,542.08,790.50,2102.88
E06000056,Central Bedfordshire,None,2023,1376397.00,2442711.00,7795781.00,2919.00,471.53,836.83,2670.70
E06000056,Central Bedfordshire,None,2024,1621582.00,3226243.00,11676295.00,3541.00,457.94,911.11,3297.46
E06000056,Central Bedfordshire,None,2025,1597910.00,2776369.00,12350675.00,4035.00,396.01,688.07,3060.89
E06000057,Northumberland,None,2019,347376.00,703090.00,3808432.00,2058.00,168.79,341.64,1850.55
E06000057,Northumberland,None,2020,483262.00,778763.00,4413865.00,2173.00,222.39,358.38,2031.23
E06000057,Northumberland,None,2021,296592.00,893171.00,4674654.00,2392.00,123.99,373.40,1954.29
E06000057,Northumberland,None,2022,312762.00,873338.00,5220869.00,2650.00,118.02,329.56,1970.14
E06000057,Northumberland,None,2023,614810.00,1001921.00,6627009.00,2877.00,213.70,348.25,2303.44
E06000057,Northumberland,None,2024,2071551.00,1199416.00,6093123.00,3310.00,625.85,362.36,1840.82
E06000057,Northumberland,None,2025,1539242.00,1295449.00,9240355.00,3873.00,397.43,334.48,2385.84
E06000058,"Bournemouth, Christchurch and Poole",None,2020,1227336.00,2219246.00,6035839.00,2448.00,501.36,906.55,2465.62
E06000058,"Bournemouth, Christchurch and Poole",None,2021,1583113.00,3429327.00,5511697.00,2627.00,602.63,1305.42,2098.10
E06000058,"Bournemouth, Christchurch and Poole",None,2022,1639647.00,4142179.00,6649099.00,3063.00,535.31,1352.33,2170.78
E06000058,"Bournemouth, Christchurch and Poole",None,2023,1674366.00,3935039.00,8803602.00,3266.00,512.67,1204.85,2695.53
E06000058,"Bournemouth, Christchurch and Poole",None,2024,1947503.00,4981979.00,10216601.00,3769.00,516.72,1321.83,2710.69
E06000058,"Bournemouth, Christchurch and Poole",None,2025,2363770.00,5564254.00,11447430.00,4432.00,533.34,1255.47,2582.90
E06000059,Dorset,Safety Valve,2020,1335812.00,2320409.00,10267110.00,2534.00,527.16,915.71,4051.74
E06000059,Dorset,Safety Valve,2021,1796404.00,2690327.00,11839831.00,2957.00,607.51,909.82,4004.00
E06000059,Dorset,Safety Valve,2022,2425042.00,2000184.00,11628559.00,3233.00,750.09,618.68,3596.83
E06000059,Dorset,Safety Valve,2023,2439551.00,2004819.00,15509745.00,3653.00,667.82,548.81,4245.76
E06000059,Dorset,Safety Valve,2024,2060027.00,2100771.00,20974986.00,3916.00,526.05,536.46,5356.23
E06000059,Dorset,Safety Valve,2025,4749942.00,2926030.00,24958180.00,4333.00,1096.22,675.29,5760.02
E06000060,Buckinghamshire,None,2019,1055087.00,1522959.00,9851699.00,,,,
E06000060,Buckinghamshire,None,2020,1053688.00,3674790.00,11224786.00,,,,
E06000060,Buckinghamshire,None,2021,1281647.00,1527330.00,12817054.00,4910.00,261.03,311.07,2610.40
E06000060,Buckinghamshire,None,2022,1351715.00,2051569.00,12374765.00,5415.00,249.62,378.87,2285.28
E06000060,Buckinghamshire,None,2023,1302552.00,2819271.00,15389072.00,5890.00,221.15,478.65,2612.75
E06000060,Buckinghamshire,None,2024,1211569.00,4090672.00,19143938.00,,,,
E06000060,Buckinghamshire,None,2025,1249504.00,4540772.00,25344930.00,,,,
E06000061,North Northamptonshire,None,2022,1408535.00,1908583.00,6047251.00,2842.00,495.61,671.56,2127.82
E06000061,North Northamptonshire,None,2023,1191071.00,2740719.00,9294758.00,3529.00,337.51,776.63,2633.82
E06000061,North Northamptonshire,None,2024,1419377.00,4466877.00,11571850.00,3819.00,371.66,1169.65,3030.07
E06000061,North Northamptonshire,None,2025,1977882.00,4334904.00,15063043.00,4551.00,434.60,952.52,3309.83
E06000062,West Northamptonshire,None,2022,1185368.00,527946.00,11068195.00,2847.00,416.36,185.44,3887.67
E06000062,West Northamptonshire,None,2023,1193690.00,1220363.00,3491126.00,3124.00,382.10,390.64,1117.52
E06000062,West Northamptonshire,None,2024,1510576.00,1235067.00,4003120.00,3531.00,427.80,349.78,1133.71
E06000062,West Northamptonshire,None,2025,668121.00,1906987.00,10092305.00,4153.00,160.88,459.18,2430.12
E06000063,Cumberland,None,2024,,,,2656.00,,,
E06000063,Cumberland,None,2025,993402.00,910349.00,8084940.00,2893.00,343.38,314.67,2794.66
E06000064,Westmorland and Furness,None,2024,,,,2196.00,,,
E06000064,Westmorland and Furness,None,2025,899723.00,1353730.00,8681529.00,2377.00,378.51,569.51,3652.31
E08000001,Bolton,Delivering Better Value,2019,305031.00,390632.00,3679862.00,2232.00,136.66,175.01,1648.68
E08000001,Bolton,Delivering Better Value,2020,335463.00,514944.00,3803792.00,2449.00,136.98,210.27,1553.20
E08000001,Bolton,Delivering Better Value,2021,340788.00,362305.00,3765968.00,2611.00,130.52,138.76,1442.35
E08000001,Bolton,Delivering Better Value,2022,304322.00,465039.00,2965018.00,2726.00,111.64,170.59,1087.68
E08000001,Bolton,Delivering Better Value,2023,406058.00,540747.00,3930782.00,2778.00,146.17,194.65,1414.97
E08000001,Bolton,Delivering Better Value,2024,476446.00,1279541.00,4749761.00,3304.00,144.20,387.27,1437.58
E08000001,Bolton,Delivering Better Value,2025,510055.00,1277054.00,5831157.00,3604.00,141.52,354.34,1617.97
E08000002,Bury,Delivering Better Value,2019,509933.00,95473.00,1819688.00,1617.00,315.36,59.04,1125.35
E08000002,Bury,Delivering Better Value,2020,310640.00,264141.00,1875008.00,1727.00,179.87,152.95,1085.70
E08000002,Bury,Delivering Better Value,2021,496419.00,533845.00,2159334.00,1935.00,256.55,275.89,1115.93
E08000002,Bury,Delivering Better Value,2022,450215.00,1007133.00,2367305.00,2087.00,215.72,482.57,1134.31
E08000002,Bury,Delivering Better Value,2023,781117.00,861659.00,3444604.00,2241.00,348.56,384.50,1537.08
E08000002,Bury,Delivering Better Value,2024,721191.00,1388381.00,3864410.00,2686.00,268.50,516.90,1438.72
E08000002,Bury,Delivering Better Value,2025,909914.00,1763808.00,4484093.00,2804.00,324.51,629.03,1599.18
E08000003,Manchester,Delivering Better Value,2019,1163250.00,598796.00,4833036.00,4163.00,279.43,143.84,1160.95
E08000003,Manchester,Delivering Better Value,2020,1199655.00,675093.00,5476885.00,4667.00,257.05,144.65,1173.53
E08000003,Manchester,Delivering Better Value,2021,1275660.00,1221487.00,6415662.00,5064.00,251.91,241.21,1266.92
E08000003,Manchester,Delivering Better Value,2022,1428815.00,1336277.00,6166101.00,5792.00,246.69,230.71,1064.59
E08000003,Manchester,Delivering Better Value,2023,1274815.00,666177.00,9910535.00,6471.00,197.00,102.95,1531.53
E08000003,Manchester,Delivering Better Value,2024,1473335.00,3163720.00,12286527.00,7798.00,188.94,405.71,1575.60
E08000003,Manchester,Delivering Better Value,2025,1527570.00,5323874.00,14227886.00,8875.00,172.12,599.87,1603.14
E08000004,Oldham,Delivering Better Value,2019,591805.00,324252.00,2909156.00,2056.00,287.84,157.71,1414.96
E08000004,Oldham,Delivering Better Value,2020,651772.00,574668.00,3293753.00,2314.00,281.66,248.34,1423.40
E08000004,Oldham,Delivering Better Value,2021,461611.00,826305.00,3614984.00,2427.00,190.20,340.46,1489.49
E08000004,Oldham,Delivering Better Value,2022,530433.00,822398.00,3762010.00,2661.00,199.34,309.06,1413.76
E08000004,Oldham,Delivering Better Value,2023,565323.00,877032.00,3858100.00,2670.00,211.73,328.48,1444.98
E08000004,Oldham,Delivering Better Value,2024,583898.00,953586.00,4315502.00,3336.00,175.03,285.85,1293.62
E08000004,Oldham,Delivering Better Value,2025,689546.00,1020207.00,4515204.00,3652.00,188.81,279.36,1236.36
E08000005,Rochdale,Delivering Better Value,2019,413710.00,801193.00,2416223.00,1753.00,236.00,457.04,1378.34
E08000005,Rochdale,Delivering Better Value,2020,548522.00,889083.00,2743486.00,1962.00,279.57,453.15,1398.31
E08000005,Rochdale,Delivering Better Value,2021,643194.00,969517.00,3077464.00,2092.00,307.45,463.44,1471.06
E08000005,Rochdale,Delivering Better Value,2022,611942.00,1114309.00,3299534.00,2346.00,260.84,474.98,1406.45
E08000005,Rochdale,Delivering Better Value,2023,759231.00,1299575.00,4071060.00,2649.00,286.61,490.59,1536.83
E08000005,Rochdale,Delivering Better Value,2024,843168.00,1704277.00,4827229.00,2829.00,298.04,602.43,1706.34
E08000005,Rochdale,Delivering Better Value,2025,860899.00,1587156.00,6039052.00,2970.00,289.86,534.40,2033.35
E08000006,Salford,Delivering Better Value,2019,1178273.00,779781.00,3730629.00,1889.00,623.75,412.80,1974.92
E08000006,Salford,Delivering Better Value,2020,1241619.00,498454.00,4266917.00,2155.00,576.16,231.30,1980.01
E08000006,Salford,Delivering Better Value,2021,1835512.00,1182602.00,4159792.00,2419.00,758.79,488.88,1719.63
E08000006,Salford,Delivering Better Value,2022,2446815.00,3139922.00,5266655.00,2599.00,941.44,1208.13,2026.42
E08000006,Salford,Delivering Better Value,2023,1959867.00,2719429.00,6248875.00,2578.00,760.23,1054.86,2423.92
E08000006,Salford,Delivering Better Value,2024,1995949.00,933442.00,7418962.00,3206.00,622.57,291.15,2314.09
E08000006,Salford,Delivering Better Value,2025,2367243.00,1231922.00,9272918.00,3387.00,698.92,363.72,2737.80
E08000007,Stockport,Delivering Better Value,2019,676024.00,479896.00,2557630.00,2195.00,307.98,218.63,1165.21
E08000007,Stockport,Delivering Better Value,2020,655861.00,581545.00,2447451.00,2359.00,278.03,246.52,1037.50
E08000007,Stockport,Delivering Better Value,2021,526031.00,749355.00,3029047.00,2383.00,220.74,314.46,1271.11
E08000007,Stockport,Delivering Better Value,2022,505811.00,932390.00,3802933.00,2618.00,193.21,356.15,1452.61
E08000007,Stockport,Delivering Better Value,2023,614928.00,1021818.00,3916045.00,2827.00,217.52,361.45,1385.23
E08000007,Stockport,Delivering Better Value,2024,516707.00,1081286.00,4377648.00,3115.00,165.88,347.12,1405.34
E08000007,Stockport,Delivering Better Value,2025,719162.00,1509653.00,6826772.00,3506.00,205.12,430.59,1947.17
E08000008,Tameside,Delivering Better Value,2019,428267.00,568898.00,1934442.00,1344.00,318.65,423.29,1439.32
E08000008,Tameside,Delivering Better Value,2020,631009.00,646151.00,2219841.00,1575.00,400.64,410.25,1409.42
E08000008,Tameside,Delivering Better Value,2021,492848.00,579250.00,2763093.00,1756.00,280.67,329.87,1573.52
E08000008,Tameside,Delivering Better Value,2022,563387.00,565522.00,3302851.00,2140.00,263.26,264.26,1543.39
E08000008,Tameside,Delivering Better Value,2023,638861.00,881790.00,4046014.00,2563.00,249.26,344.05,1578.62
E08000008,Tameside,Delivering Better Value,2024,869025.00,1246444.00,5073268.00,3022.00,287.57,412.46,1678.78
E08000008,Tameside,Delivering Better Value,2025,1278735.00,2234000.00,7460677.00,3473.00,368.19,643.25,2148.19
E08000009,Trafford,Delivering Better Value,2019,706712.00,775321.00,3130026.00,1788.00,395.25,433.62,1750.57
E08000009,Trafford,Delivering Better Value,2020,837050.00,804379.00,3422628.00,2030.00,412.34,396.25,1686.02
E08000009,Trafford,Delivering Better Value,2021,891274.00,771920.00,3732066.00,2256.00,395.07,342.16,1654.28
E08000009,Trafford,Delivering Better Value,2022,920387.00,814607.00,4379505.00,2448.00,375.98,332.76,1789.01
E08000009,Trafford,Delivering Better Value,2023,902925.00,873691.00,6215334.00,2745.00,328.93,318.28,2264.24
E08000009,Trafford,Delivering Better Value,2024,995336.00,1489068.00,6517686.00,2939.00,338.66,506.66,2217.65
E08000009,Trafford,Delivering Better Value,2025,962734.00,1701600.00,5667674.00,3143.00,306.31,541.39,1803.27
E08000010,Wigan,Delivering Better Value,2019,944138.00,1753737.00,5936059.00,1804.00,523.36,972.14,3290.50
E08000010,Wigan,Delivering Better Value,2020,794483.00,1291849.00,5042097.00,1930.00,411.65,669.35,2612.49
E08000010,Wigan,Delivering Better Value,2021,1028117.00,1192935.00,5642018.00,2111.00,487.03,565.10,2672.68
E08000010,Wigan,Delivering Better Value,2022,932547.00,1071494.00,5446361.00,2337.00,399.04,458.49,2330.49
E08000010,Wigan,Delivering Better Value,2023,932724.00,1624755.00,6856883.00,2607.00,357.78,623.23,2630.18
E08000010,Wigan,Delivering Better Value,2024,981891.00,1482077.00,7552101.00,2966.00,331.05,499.69,2546.22
E08000010,Wigan,Delivering Better Value,2025,1423453.00,2161440.00,9878568.00,3579.00,397.72,603.92,2760.15
E08000011,Knowsley,Delivering Better Value,2019,397195.00,701826.00,1813726.00,1275.00,311.53,550.45,1422.53
E08000011,Knowsley,Delivering Better Value,2020,402256.00,835139.00,1944567.00,1497.00,268.71,557.88,1298.98
E08000011,Knowsley,Delivering Better Value,2021,382190.00,398290.00,2592434.00,1718.00,222.46,231.83,1508.98
E08000011,Knowsley,Delivering Better Value,2022,459574.00,441528.00,3380405.00,1665.00,276.02,265.18,2030.27
E08000011,Knowsley,Delivering Better Value,2023,528435.00,453569.00,4145517.00,1945.00,271.69,233.20,2131.37
E08000011,Knowsley,Delivering Better Value,2024,753335.00,498331.00,5723302.00,2275.00,331.14,219.05,2515.74
E08000011,Knowsley,Delivering Better Value,2025,890805.00,765846.00,7507801.00,2789.00,319.40,274.60,2691.93
E08000012,Liverpool,Delivering Better Value,2019,798768.00,807751.00,4411171.00,2608.00,306.28,309.72,1691.40
E08000012,Liverpool,Delivering Better Value,2020,1456790.00,1972497.00,6174478.00,2884.00,505.13,683.94,2140.94
E08000012,Liverpool,Delivering Better Value,2021,1438983.00,1271529.00,6020247.00,3317.00,433.82,383.34,1814.97
E08000012,Liverpool,Delivering Better Value,2022,1669300.00,1837328.00,7488827.00,4015.00,415.77,457.62,1865.21
E08000012,Liverpool,Delivering Better Value,2023,886342.00,1744398.00,8933827.00,4979.00,178.02,350.35,1794.30
E08000012,Liverpool,Delivering Better Value,2024,1951616.00,5224609.00,13036704.00,5820.00,335.33,897.70,2239.98
E08000012,Liverpool,Delivering Better Value,2025,3362133.00,6471546.00,16193669.00,6814.00,493.42,949.74,2376.53
E08000013,St. Helens,None,2019,497892.00,374314.00,2532418.00,888.00,560.69,421.52,2851.82
E08000013,St. Helens,None,2020,565257.00,505950.00,2656457.00,1074.00,526.31,471.09,2473.42
E08000013,St. Helens,None,2021,572298.00,703463.00,2858798.00,1205.00,474.94,583.79,2372.45
E08000013,St. Helens,None,2022,446105.00,783306.00,2960994.00,1332.00,334.91,588.07,2222.97
E08000013,St. Helens,None,2023,533356.00,782754.00,3109309.00,1452.00,367.33,539.09,2141.40
E08000013,St. Helens,None,2024,803703.00,1560212.00,3314920.00,1595.00,503.89,978.19,2078.32
E08000013,St. Helens,None,2025,1002451.00,2373343.00,4248148.00,2179.00,460.05,1089.19,1949.59
E08000014,Sefton,Delivering Better Value,2019,970386.00,1170230.00,5831058.00,1445.00,671.55,809.85,4035.33
E08000014,Sefton,Delivering Better Value,2020,1124091.00,1272610.00,6521400.00,1765.00,636.88,721.03,3694.84
E08000014,Sefton,Delivering Better Value,2021,932574.00,1237828.00,6016980.00,2021.00,461.44,612.48,2977.23
E08000014,Sefton,Delivering Better Value,2022,935612.00,1251776.00,6561558.00,2243.00,417.13,558.08,2925.35
E08000014,Sefton,Delivering Better Value,2023,1146759.00,1641896.00,7179054.00,2563.00,447.43,640.61,2801.04
E08000014,Sefton,Delivering Better Value,2024,1348319.00,2097100.00,10081773.00,3116.00,432.71,673.01,3235.49
E08000014,Sefton,Delivering Better Value,2025,1328086.00,1885762.00,11517508.00,3736.00,355.48,504.75,3082.84
E08000015,Wirral,Delivering Better Value,2019,726715.00,494913.00,5254932.00,2121.00,342.63,233.34,2477.57
E08000015,Wirral,Delivering Better Value,2020,565425.00,954685.00,5807060.00,2728.00,207.27,349.96,2128.69
E08000015,Wirral,Delivering Better Value,2021,847616.00,1110785.00,4394354.00,3053.00,277.63,363.83,1439.36
E08000015,Wirral,Delivering Better Value,2022,1007829.00,1641738.00,5055119.00,3291.00,306.24,498.86,1536.04
E08000015,Wirral,Delivering Better Value,2023,1007559.00,1529299.00,6203404.00,4017.00,250.82,380.71,1544.29
E08000015,Wirral,Delivering Better Value,2024,1469910.00,1652251.00,8024047.00,4427.00,332.03,373.22,1812.52
E08000015,Wirral,Delivering Better Value,2025,2108604.00,2905199.00,9747900.00,4858.00,434.05,598.02,2006.57
E08000016,Barnsley,Delivering Better Value,2019,547392.00,1392206.00,1802806.00,2133.00,256.63,652.70,845.20
E08000016,Barnsley,Delivering Better Value,2020,727519.00,1937241.00,2375583.00,2311.00,314.81,838.27,1027.95
E08000016,Barnsley,Delivering Better Value,2021,810102.00,1709409.00,2647988.00,2220.00,364.91,770.00,1192.79
E08000016,Barnsley,Delivering Better Value,2022,785109.00,1512234.00,3303571.00,2313.00,339.43,653.80,1428.26
E08000016,Barnsley,Delivering Better Value,2023,869491.00,1512237.00,4372155.00,2443.00,355.91,619.01,1789.67
E08000016,Barnsley,Delivering Better Value,2024,1014883.00,2846684.00,5170676.00,2752.00,368.78,1034.41,1878.88
E08000016,Barnsley,Delivering Better Value,2025,1158113.00,3164753.00,5513519.00,3044.00,380.46,1039.67,1811.27
E08000017,Doncaster,Delivering Better Value,2019,452227.00,821904.00,3737407.00,1855.00,243.79,443.07,2014.77
E08000017,Doncaster,Delivering Better Value,2020,338267.00,746036.00,3835172.00,2004.00,168.80,372.27,1913.76
E08000017,Doncaster,Delivering Better Value,2021,393174.00,687326.00,3620654.00,2245.00,175.13,306.16,1612.76
E08000017,Doncaster,Delivering Better Value,2022,462084.00,822582.00,5209538.00,2385.00,193.75,344.90,2184.29
E08000017,Doncaster,Delivering Better Value,2023,547534.00,822692.00,6214430.00,2435.00,224.86,337.86,2552.13
E08000017,Doncaster,Delivering Better Value,2024,986708.00,1140069.00,7586126.00,2646.00,372.91,430.87,2867.02
E08000017,Doncaster,Delivering Better Value,2025,1140953.00,1254980.00,7467173.00,3142.00,363.13,399.42,2376.57
E08000018,Rotherham,Delivering Better Value,2019,778585.00,1229231.00,3239074.00,2060.00,377.95,596.71,1572.37
E08000018,Rotherham,Delivering Better Value,2020,626985.00,1035712.00,3229592.00,2215.00,283.06,467.59,1458.06
E08000018,Rotherham,Delivering Better Value,2021,987088.00,1212555.00,3394840.00,2379.00,414.92,509.69,1427.00
E08000018,Rotherham,Delivering Better Value,2022,1264459.00,1412665.00,4019343.00,2600.00,486.33,543.33,1545.90
E08000018,Rotherham,Delivering Better Value,2023,1132082.00,2319808.00,5036682.00,2885.00,392.40,804.09,1745.82
E08000018,Rotherham,Delivering Better Value,2024,1376675.00,1843467.00,5956388.00,3310.00,415.91,556.94,1799.51
E08000018,Rotherham,Delivering Better Value,2025,1559986.00,1902222.00,6047380.00,3623.00,430.58,525.04,1669.16
E08000019,Sheffield,Delivering Better Value,2019,0.00,1307923.00,3458004.00,3201.00,0.00,408.60,1080.29
E08000019,Sheffield,Delivering Better Value,2020,0.00,1000761.00,3898045.00,3252.00,0.00,307.74,1198.66
E08000019,Sheffield,Delivering Better Value,2021,0.00,1082086.00,4021887.00,3559.00,0.00,304.04,1130.06
E08000019,Sheffield,Delivering Better Value,2022,1627196.00,924161.00,5591947.00,3997.00,407.10,231.21,1399.04
E08000019,Sheffield,Delivering Better Value,2023,2198759.00,933204.00,8098300.00,4670.00,470.83,199.83,1734.11
E08000019,Sheffield,Delivering Better Value,2024,2588087.00,2643970.00,14473791.00,5365.00,482.40,492.82,2697.82
E08000019,Sheffield,Delivering Better Value,2025,2367933.00,3573153.00,19001653.00,5952.00,397.84,600.33,3192.48
E08000021,Newcastle upon Tyne,Delivering Better Value,2019,525458.00,674095.00,3074570.00,1490.00,352.66,452.41,2063.47
E08000021,Newcastle upon Tyne,Delivering Better Value,2020,560163.00,423308.00,3364510.00,1701.00,329.31,248.86,1977.96
E08000021,Newcastle upon Tyne,Delivering Better Value,2021,485890.00,428504.00,3793130.00,1884.00,257.90,227.44,2013.34
E08000021,Newcastle upon Tyne,Delivering Better Value,2022,1104345.00,1109422.00,4545060.00,2084.00,529.92,532.35,2180.93
E08000021,Newcastle upon Tyne,Delivering Better Value,2023,981736.00,1280460.00,5980870.00,2426.00,404.67,527.81,2465.32
E08000021,Newcastle upon Tyne,Delivering Better Value,2024,1761599.00,1708769.00,5763050.00,2769.00,636.19,617.11,2081.27
E08000021,Newcastle upon Tyne,Delivering Better Value,2025,1840429.00,2002138.00,6342016.00,3095.00,594.65,646.89,2049.12
E08000022,North Tyneside,None,2019,730039.00,518657.00,1891853.00,1217.00,599.87,426.18,1554.52
E08000022,North Tyneside,None,2020,858938.00,759000.00,2169098.00,1606.00,534.83,472.60,1350.62
E08000022,North Tyneside,None,2021,931210.00,768364.00,2324711.00,1851.00,503.08,415.11,1255.92
E08000022,North Tyneside,None,2022,889216.00,1003249.00,2723073.00,2047.00,434.40,490.11,1330.28
E08000022,North Tyneside,None,2023,934512.00,962488.00,3897868.00,2112.00,442.48,455.72,1845.58
E08000022,North Tyneside,None,2024,953348.00,1340727.00,4473069.00,2167.00,439.94,618.70,2064.18
E08000022,North Tyneside,None,2025,1045014.00,1418196.00,4069050.00,2298.00,454.75,617.14,1770.69
E08000023,South Tyneside,Delivering Better Value,2019,462655.00,583340.00,866831.00,1278.00,362.01,456.45,678.27
E08000023,South Tyneside,Delivering Better Value,2020,596021.00,627042.00,1284556.00,1412.00,422.11,444.08,909.74
E08000023,South Tyneside,Delivering Better Value,2021,632456.00,446687.00,1254356.00,1479.00,427.62,302.02,848.11
E08000023,South Tyneside,Delivering Better Value,2022,680782.00,530006.00,1959424.00,1486.00,458.13,356.67,1318.59
E08000023,South Tyneside,Delivering Better Value,2023,544686.00,874067.00,3271736.00,1572.00,346.49,556.02,2081.26
E08000023,South Tyneside,Delivering Better Value,2024,634199.00,911912.00,5071103.00,1707.00,371.53,534.22,2970.77
E08000023,South Tyneside,Delivering Better Value,2025,539143.00,1427283.00,6165008.00,1776.00,303.57,803.65,3471.29
E08000024,Sunderland,Delivering Better Value,2019,321333.00,836343.00,2052637.00,1588.00,202.35,526.66,1292.59
E08000024,Sunderland,Delivering Better Value,2020,258154.00,539070.00,2178321.00,1701.00,151.77,316.91,1280.61
E08000024,Sunderland,Delivering Better Value,2021,250216.00,551578.00,2279428.00,1901.00,131.62,290.15,1199.07
E08000024,Sunderland,Delivering Better Value,2022,251413.00,621240.00,3030662.00,2202.00,114.17,282.13,1376.32
E08000024,Sunderland,Delivering Better Value,2023,276018.00,612215.00,4000946.00,2487.00,110.98,246.17,1608.74
E08000024,Sunderland,Delivering Better Value,2024,212044.00,741916.00,4865312.00,2790.00,76.00,265.92,1743.84
E08000024,Sunderland,Delivering Better Value,2025,147901.00,817919.00,5675763.00,3000.00,49.30,272.64,1891.92
E08000025,Birmingham,None,2019,2848860.00,2721618.00,20138479.00,9437.00,301.88,288.40,2133.99
E08000025,Birmingham,None,2020,2776698.00,2367660.00,23353782.00,9169.00,302.84,258.22,2547.04
E08000025,Birmingham,None,2021,3033051.00,1210948.00,25049897.00,9939.00,305.17,121.84,2520.36
E08000025,Birmingham,None,2022,1778178.00,2921988.00,36917491.00,10489.00,169.53,278.58,3519.64
E08000025,Birmingham,None,2023,2411628.00,7416209.00,50729283.00,10610.00,227.30,698.98,4781.27
E08000025,Birmingham,None,2024,3981795.00,11230325.00,62846179.00,11040.00,360.67,1017.24,5692.59
E08000025,Birmingham,None,2025,3150137.00,13067880.00,44897534.00,12094.00,260.47,1080.53,3712.38
E08000026,Coventry,Delivering Better Value,2019,761821.00,893643.00,2601839.00,2084.00,365.56,428.81,1248.48
E08000026,Coventry,Delivering Better Value,2020,727048.00,775490.00,3188281.00,2145.00,338.95,361.53,1486.38
E08000026,Coventry,Delivering Better Value,2021,683975.00,795178.00,3357859.00,2344.00,291.80,339.24,1432.53
E08000026,Coventry,Delivering Better Value,2022,762892.00,738659.00,4877321.00,2572.00,296.61,287.19,1896.31
E08000026,Coventry,Delivering Better Value,2023,705962.00,738630.00,5118887.00,2705.00,260.98,273.06,1892.38
E08000026,Coventry,Delivering Better Value,2024,783970.00,1746828.00,5501748.00,3062.00,256.03,570.49,1796.78
E08000026,Coventry,Delivering Better Value,2025,1337783.00,2003720.00,7473807.00,3477.00,384.75,576.28,2149.50
E08000027,Dudley,None,2019,759660.00,698201.00,4410181.00,1926.00,394.42,362.51,2289.81
E08000027,Dudley,None,2020,751083.00,502638.00,5155822.00,2340.00,320.98,214.80,2203.34
E08000027,Dudley,None,2021,720368.00,1961952.00,4036071.00,2730.00,263.87,718.66,1478.41
E08000027,Dudley,None,2022,1295196.00,1363228.00,4961980.00,3035.00,426.75,449.17,1634.92
E08000027,Dudley,None,2023,1277940.00,1702715.00,6248795.00,3366.00,379.66,505.86,1856.45
E08000027,Dudley,None,2024,1226877.00,1997007.00,7460593.00,3628.00,338.17,550.44,2056.39
E08000027,Dudley,None,2025,1512049.00,2305250.00,7857932.00,3805.00,397.38,605.85,2065.16
E08000028,Sandwell,Delivering Better Value,2019,1010755.00,88727.00,3042101.00,2084.00,485.01,42.58,1459.74
E08000028,Sandwell,Delivering Better Value,2020,1063544.00,77098.00,4243862.00,2200.00,483.43,35.04,1929.03
E08000028,Sandwell,Delivering Better Value,2021,1185172.00,96417.00,4856893.00,2503.00,473.50,38.52,1940.43
E08000028,Sandwell,Delivering Better Value,2022,1328998.00,102019.00,5863756.00,2799.00,474.81,36.45,2094.95
E08000028,Sandwell,Delivering Better Value,2023,1380787.00,82010.00,9099983.00,3108.00,444.27,26.39,2927.92
E08000028,Sandwell,Delivering Better Value,2024,2284915.00,61129.00,13524726.00,3625.00,630.32,16.86,3730.96
E08000028,Sandwell,Delivering Better Value,2025,2271709.00,657671.00,15070950.00,4064.00,558.98,161.83,3708.40
E08000029,Solihull,None,2019,427495.00,575406.00,2777379.00,1461.00,292.60,393.84,1901.01
E08000029,Solihull,None,2020,296756.00,1102311.00,2927777.00,1618.00,183.41,681.28,1809.50
E08000029,Solihull,None,2021,381886.00,1444070.00,2988093.00,1743.00,219.10,828.50,1714.34
E08000029,Solihull,None,2022,434011.00,1831501.00,4299718.00,2023.00,214.54,905.34,2125.42
E08000029,Solihull,None,2023,312321.00,1956399.00,4907826.00,2197.00,142.16,890.49,2233.88
E08000029,Solihull,None,2024,755185.00,2611610.00,5053430.00,2301.00,328.20,1134.99,2196.19
E08000029,Solihull,None,2025,819218.00,3145312.00,5822981.00,2503.00,327.29,1256.62,2326.40
E08000030,Walsall,Delivering Better Value,2019,650707.00,333529.00,2851162.00,2017.00,322.61,165.36,1413.57
E08000030,Walsall,Delivering Better Value,2020,482143.00,972814.00,3238281.00,2106.00,228.94,461.92,1537.65
E08000030,Walsall,Delivering Better Value,2021,1115430.00,2659721.00,3081692.00,2596.00,429.67,1024.55,1187.09
E08000030,Walsall,Delivering Better Value,2022,593490.00,1976213.00,4235910.00,2856.00,207.80,691.95,1483.16
E08000030,Walsall,Delivering Better Value,2023,1309615.00,1820205.00,5526908.00,3416.00,383.38,532.85,1617.95
E08000030,Walsall,Delivering Better Value,2024,1741803.00,1887111.00,7405870.00,4508.00,386.38,418.61,1642.83
E08000030,Walsall,Delivering Better Value,2025,976776.00,1939698.00,9024061.00,4743.00,205.94,408.96,1902.61
E08000031,Wolverhampton,Delivering Better Value,2019,1865332.00,130670.00,3730552.00,1752.00,1064.69,74.58,2129.31
E08000031,Wolverhampton,Delivering Better Value,2020,837835.00,119213.00,4705232.00,1956.00,428.34,60.95,2405.54
E08000031,Wolverhampton,Delivering Better Value,2021,2286113.00,0.00,5668128.00,2174.00,1051.57,0.00,2607.23
E08000031,Wolverhampton,Delivering Better Value,2022,1454589.00,0.00,5992986.00,2485.00,585.35,0.00,2411.66
E08000031,Wolverhampton,Delivering Better Value,2023,1433168.00,440579.00,6984844.00,2676.00,535.56,164.64,2610.18
E08000031,Wolverhampton,Delivering Better Value,2024,1602353.00,1844778.00,7219849.00,2847.00,562.82,647.97,2535.95
E08000031,Wolverhampton,Delivering Better Value,2025,1292377.00,1953238.00,6478286.00,3148.00,410.54,620.47,2057.91
E08000032,Bradford,Delivering Better Value,2019,1577773.00,1168682.00,7833536.00,3673.00,429.56,318.18,2132.74
E08000032,Bradford,Delivering Better Value,2020,1675175.00,1362531.00,8340989.00,4028.00,415.88,338.26,2070.75
E08000032,Bradford,Delivering Better Value,2021,1855526.00,1446921.00,7843090.00,4659.00,398.27,310.56,1683.43
E08000032,Bradford,Delivering Better Value,2022,2165235.00,1673344.00,9528524.00,4891.00,442.70,342.13,1948.18
E08000032,Bradford,Delivering Better Value,2023,2440900.00,1992529.00,12868859.00,5538.00,440.75,359.79,2323.74
E08000032,Bradford,Delivering Better Value,2024,3065374.00,3225785.00,14734637.00,6474.00,473.49,498.27,2275.97
E08000032,Bradford,Delivering Better Value,2025,3160584.00,2345047.00,15429112.00,7493.00,421.80,312.97,2059.14
E08000033,Calderdale,Delivering Better Value,2019,17385.00,318280.00,792750.00,1259.00,13.81,252.80,629.67
E08000033,Calderdale,Delivering Better Value,2020,207896.00,103220.00,746504.00,1363.00,152.53,75.73,547.69
E08000033,Calderdale,Delivering Better Value,2021,215354.00,444463.00,757702.00,1524.00,141.31,291.64,497.18
E08000033,Calderdale,Delivering Better Value,2022,254893.00,299782.00,3941966.00,1714.00,148.71,174.90,2299.86
E08000033,Calderdale,Delivering Better Value,2023,443249.00,109260.00,4247830.00,1901.00,233.17,57.48,2234.52
E08000033,Calderdale,Delivering Better Value,2024,200950.00,454908.00,5924736.00,2249.00,89.35,202.27,2634.39
E08000033,Calderdale,Delivering Better Value,2025,694363.00,812684.00,5889095.00,2556.00,271.66,317.95,2304.03
E08000034,Kirklees,Delivering Better Value,2019,1396416.00,1012919.00,4390096.00,2741.00,509.45,369.54,1601.64
E08000034,Kirklees,Delivering Better Value,2020,1498163.00,1244063.00,4963886.00,3329.00,450.03,373.70,1491.10
E08000034,Kirklees,Delivering Better Value,2021,1426173.00,1520679.00,5145387.00,3469.00,411.12,438.36,1483.25
E08000034,Kirklees,Delivering Better Value,2022,1529029.00,3008786.00,6700098.00,3734.00,409.49,805.78,1794.35
E08000034,Kirklees,Delivering Better Value,2023,2182364.00,2454739.00,8816422.00,3898.00,559.87,629.74,2261.78
E08000034,Kirklees,Delivering Better Value,2024,2146627.00,2134875.00,11370114.00,4125.00,520.39,517.55,2756.39
E08000034,Kirklees,Delivering Better Value,2025,1847582.00,2093870.00,9889501.00,4475.00,412.87,467.90,2209.94
E08000035,Leeds,Delivering Better Value,2019,1266832.00,1480521.00,9577836.00,3836.00,330.25,385.95,2496.83
E08000035,Leeds,Delivering Better Value,2020,1435431.00,1884981.00,8575402.00,4339.00,330.82,434.43,1976.35
E08000035,Leeds,Delivering Better Value,2021,1545365.00,2406368.00,7787172.00,4689.00,329.57,513.19,1660.73
E08000035,Leeds,Delivering Better Value,2022,1666693.00,2382142.00,7964360.00,5005.00,333.01,475.95,1591.28
E08000035,Leeds,Delivering Better Value,2023,1748750.00,2523765.00,10325993.00,5137.00,340.42,491.29,2010.12
E08000035,Leeds,Delivering Better Value,2024,1928689.00,2944390.00,13094943.00,5508.00,350.16,534.57,2377.44
E08000035,Leeds,Delivering Better Value,2025,2588532.00,3350093.00,14929429.00,6093.00,424.84,549.83,2450.26
E08000036,Wakefield,Delivering Better Value,2019,980223.00,862728.00,3194086.00,1923.00,509.74,448.64,1660.99
E08000036,Wakefield,Delivering Better Value,2020,993849.00,849528.00,3706801.00,2149.00,462.47,395.31,1724.90
E08000036,Wakefield,Delivering Better Value,2021,1149930.00,1038427.00,3658023.00,2356.00,488.09,440.76,1552.64
E08000036,Wakefield,Delivering Better Value,2022,1315069.00,1393839.00,4790643.00,2704.00,486.34,515.47,1771.69
E08000036,Wakefield,Delivering Better Value,2023,1459855.00,1332967.00,6819113.00,3036.00,480.85,439.05,2246.08
E08000036,Wakefield,Delivering Better Value,2024,1455517.00,1335133.00,8028303.00,3415.00,426.21,390.96,2350.89
E08000036,Wakefield,Delivering Better Value,2025,1148230.00,1606532.00,8626277.00,3857.00,297.70,416.52,2236.53
E08000037,Gateshead,Delivering Better Value,2019,53083.00,25637.00,2015783.00,1231.00,43.12,20.83,1637.52
E08000037,Gateshead,Delivering Better Value,2020,71944.00,66841.00,2212354.00,1299.00,55.38,51.46,1703.12
E08000037,Gateshead,Delivering Better Value,2021,70623.00,66550.00,2541622.00,1393.00,50.70,47.77,1824.57
E08000037,Gateshead,Delivering Better Value,2022,83428.00,35835.00,2831859.00,1439.00,57.98,24.90,1967.94
E08000037,Gateshead,Delivering Better Value,2023,613389.00,590614.00,3479398.00,1513.00,405.41,390.36,2299.67
E08000037,Gateshead,Delivering Better Value,2024,754755.00,602752.00,3938891.00,1686.00,447.66,357.50,2336.23
E08000037,Gateshead,Delivering Better Value,2025,636826.00,509210.00,4052884.00,1923.00,331.16,264.80,2107.58
E09000001,City of London,None,2019,55264.00,30831.00,91294.00,14.00,3947.43,2202.21,6521.00
E09000001,City of London,None,2020,64716.00,39817.00,84716.00,18.00,3595.33,2212.06,4706.44
E09000001,City of London,None,2021,70878.00,73208.00,60686.00,20.00,3543.90,3660.40,3034.30
E09000001,City of London,None,2022,6404.00,57129.00,10616.00,19.00,337.05,3006.79,558.74
E09000001,City of London,None,2023,93332.00,45600.00,30919.00,21.00,4444.38,2171.43,1472.33
E09000001,City of London,None,2024,98158.00,62523.00,34242.00,24.00,4089.92,2605.12,1426.75
E09000001,City of London,None,2025,121824.00,247324.00,102049.00,26.00,4685.54,9512.46,3924.96
E09000002,Barking and Dagenham,None,2019,700916.00,80846.00,1388200.00,1548.00,452.79,52.23,896.77
E09000002,Barking and Dagenham,None,2020,0.00,159365.00,1688300.00,1655.00,0.00,96.29,1020.12
E09000002,Barking and Dagenham,None,2021,1596424.00,194843.00,3534161.00,1733.00,921.19,112.43,2039.33
E09000002,Barking and Dagenham,None,2022,819830.00,194843.00,3966150.00,1874.00,437.48,103.97,2116.41
E09000002,Barking and Dagenham,None,2023,887505.00,1547134.00,2833340.00,2122.00,418.24,729.09,1335.22
E09000002,Barking and Dagenham,None,2024,989720.00,1332195.00,1618088.00,2675.00,369.99,498.02,604.89
E09000002,Barking and Dagenham,None,2025,572807.00,1328681.00,3452167.00,3063.00,187.01,433.78,1127.05
E09000003,Barnet,None,2019,639707.00,1651879.00,2398934.00,2372.00,269.69,696.41,1011.35
E09000003,Barnet,None,2020,676855.00,1684024.00,3008835.00,2682.00,252.37,627.90,1121.86
E09000003,Barnet,None,2021,685901.00,1436039.00,4099426.00,2899.00,236.60,495.36,1414.08
E09000003,Barnet,None,2022,0.00,0.00,3100000.00,3211.00,0.00,0.00,965.43
E09000003,Barnet,None,2023,830160.00,1550592.00,6125494.00,3459.00,240.00,448.28,1770.89
E09000003,Barnet,None,2024,1636076.00,1380309.00,7764297.00,3809.00,429.53,362.38,2038.41
E09000003,Barnet,None,2025,1570862.00,1406456.00,8619094.00,4320.00,363.63,325.57,1995.16
E09000004,Bexley,Delivering Better Value,2019,1162000.00,1374000.00,3768000.00,1912.00,607.74,718.62,1970.71
E09000004,Bexley,Delivering Better Value,2020,920000.00,858000.00,4029000.00,2092.00,439.77,410.13,1925.91
E09000004,Bexley,Delivering Better Value,2021,1010265.00,937196.00,3455125.00,2333.00,433.03,401.71,1480.98
E09000004,Bexley,Delivering Better Value,2022,1460000.00,1041000.00,4686000.00,2548.00,573.00,408.56,1839.09
E09000004,Bexley,Delivering Better Value,2023,1078000.00,1067000.00,6111000.00,2764.00,390.01,386.03,2210.93
E09000004,Bexley,Delivering Better Value,2024,1463033.00,1473740.00,7945059.00,3075.00,475.78,479.27,2583.76
E09000004,Bexley,Delivering Better Value,2025,1202000.00,1779000.00,7824000.00,3267.00,367.92,544.54,2394.86
E09000005,Brent,None,2019,479160.00,333456.00,9172104.00,2173.00,220.51,153.45,4220.94
E09000005,Brent,None,2020,322993.00,347251.00,9695667.00,2426.00,133.14,143.14,3996.57
E09000005,Brent,None,2021,413503.00,319141.00,7461205.00,2784.00,148.53,114.63,2680.03
E09000005,Brent,None,2022,741993.00,319141.00,9968631.00,2938.00,252.55,108.63,3393.00
E09000005,Brent,None,2023,570824.00,663218.00,10808023.00,3251.00,175.58,204.00,3324.52
E09000005,Brent,None,2024,717929.00,1031411.00,12380572.00,3500.00,205.12,294.69,3537.31
E09000005,Brent,None,2025,1190978.00,1624577.00,13719539.00,3791.00,314.16,428.54,3618.98
E09000006,Bromley,None,2019,511092.00,1248438.00,4700755.00,2202.00,232.10,566.96,2134.77
E09000006,Bromley,None,2020,621293.00,603445.00,5186560.00,2482.00,250.32,243.13,2089.67
E09000006,Bromley,None,2021,811461.00,1837235.00,4860424.00,2879.00,281.86,638.15,1688.23
E09000006,Bromley,None,2022,814759.00,2304129.00,7553299.00,3241.00,251.39,710.93,2330.55
E09000006,Bromley,None,2023,1457173.00,2357309.00,6980436.00,3578.00,407.26,658.83,1950.93
E09000006,Bromley,None,2024,953066.00,2247307.00,9904220.00,4071.00,234.11,552.03,2432.87
E09000006,Bromley,None,2025,1690224.00,2969504.00,12974495.00,4395.00,384.58,675.66,2952.10
E09000007,Camden,None,2019,1145427.00,1731794.00,2097365.00,1385.00,827.02,1250.39,1514.34
E09000007,Camden,None,2020,1334570.00,1464422.00,2107638.00,1378.00,968.48,1062.72,1529.49
E09000007,Camden,None,2021,1015189.00,1625989.00,2001704.00,1411.00,719.48,1152.37,1418.64
E09000007,Camden,None,2022,973947.00,2011098.00,2935912.00,1440.00,676.35,1396.60,2038.83
E09000007,Camden,None,2023,856817.00,2169356.00,2503674.00,1446.00,592.54,1500.25,1731.45
E09000007,Camden,None,2024,958525.00,2891404.00,3883366.00,1532.00,625.67,1887.34,2534.83
E09000007,Camden,None,2025,1066324.00,3143439.00,3552407.00,1607.00,663.55,1956.09,2210.58
E09000008,Croydon,Delivering Better Value,2019,0.00,5623266.00,8912601.00,2999.00,0.00,1875.05,2971.86
E09000008,Croydon,Delivering Better Value,2020,0.00,6525501.00,14707243.00,3161.00,0.00,2064.38,4652.72
E09000008,Croydon,Delivering Better Value,2021,0.00,1922063.00,7144016.00,3394.00,0.00,566.31,2104.90
E09000008,Croydon,Delivering Better Value,2022,1009308.00,1418971.00,10256611.00,3556.00,283.83,399.04,2884.31
E09000008,Croydon,Delivering Better Value,2023,286172.00,1598455.00,13197556.00,4018.00,71.22,397.82,3284.61
E09000008,Croydon,Delivering Better Value,2024,1487733.00,1766562.00,15833609.00,4556.00,326.54,387.74,3475.33
E09000008,Croydon,Delivering Better Value,2025,1436891.00,1339831.00,18940141.00,5232.00,274.64,256.08,3620.06
E09000009,Ealing,None,2019,566340.00,595701.00,6333360.00,2551.00,222.01,233.52,2482.70
E09000009,Ealing,None,2020,997156.00,513251.00,7597769.00,2679.00,372.21,191.58,2836.05
E09000009,Ealing,None,2021,963623.00,1571960.00,7793997.00,2956.00,325.99,531.79,2636.67
E09000009,Ealing,None,2022,1567956.00,2474063.00,9670209.00,3119.00,502.71,793.22,3100.42
E09000009,Ealing,None,2023,2186284.00,2604435.00,12547492.00,3445.00,634.63,756.00,3642.23
E09000009,Ealing,None,2024,2258529.00,3190652.00,14153437.00,3720.00,607.13,857.70,3804.69
E09000009,Ealing,None,2025,2033821.00,2940472.00,14613625.00,4040.00,503.42,727.84,3617.23
E09000010,Enfield,None,2019,2761311.00,950920.00,4355791.00,2465.00,1120.21,385.77,1767.06
E09000010,Enfield,None,2020,2580552.00,1556730.00,6160413.00,3057.00,844.15,509.23,2015.18
E09000010,Enfield,None,2021,1997206.00,0.00,6443977.00,3435.00,581.43,0.00,1875.98
E09000010,Enfield,None,2022,2134614.00,1210391.00,7810268.00,3931.00,543.02,307.91,1986.84
E09000010,Enfield,None,2023,2193654.00,1586965.00,9347101.00,4566.00,480.43,347.56,2047.11
E09000010,Enfield,None,2024,2957726.00,2522240.00,10333435.00,4741.00,623.86,532.01,2179.59
E09000010,Enfield,None,2025,2759781.00,2696463.00,11458411.00,4970.00,555.29,542.55,2305.52
E09000011,Greenwich,Delivering Better Value,2019,1030174.00,941385.00,5610323.00,1700.00,605.98,553.76,3300.19
E09000011,Greenwich,Delivering Better Value,2020,965902.00,779617.00,4851327.00,1858.00,519.86,419.60,2611.05
E09000011,Greenwich,Delivering Better Value,2021,821631.00,846808.00,4964733.00,1998.00,411.23,423.83,2484.85
E09000011,Greenwich,Delivering Better Value,2022,673415.00,2381586.00,5202239.00,2180.00,308.91,1092.47,2386.35
E09000011,Greenwich,Delivering Better Value,2023,847516.00,2125902.00,5910651.00,2446.00,346.49,869.13,2416.46
E09000011,Greenwich,Delivering Better Value,2024,1138230.00,3598562.00,7729405.00,2738.00,415.72,1314.30,2823.01
E09000011,Greenwich,Delivering Better Value,2025,1332517.00,3807814.00,8077708.00,3244.00,410.76,1173.80,2490.05
E09000012,Hackney,None,2019,467950.00,292360.00,3635610.00,1926.00,242.96,151.80,1887.65
E09000012,Hackney,None,2020,881881.00,463004.00,5228705.00,2249.00,392.12,205.87,2324.90
E09000012,Hackney,None,2021,353162.00,524060.00,4095418.00,2645.00,133.52,198.13,1548.36
E09000012,Hackney,None,2022,344327.00,654755.00,5476941.00,3062.00,112.45,213.83,1788.68
E09000012,Hackney,None,2023,1012585.00,677148.00,5761820.00,3243.00,312.24,208.80,1776.69
E09000012,Hackney,None,2024,1845939.00,917493.00,5198692.00,3525.00,523.67,260.28,1474.81
E09000012,Hackney,None,2025,2177628.00,1575221.00,5773829.00,3681.00,591.59,427.93,1568.55
E09000013,Hammersmith and Fulham,None,2019,411716.00,1331401.00,2130456.00,1113.00,369.92,1196.23,1914.16
E09000013,Hammersmith and Fulham,None,2020,535216.00,1911749.00,2508089.00,1113.00,480.88,1717.65,2253.45
E09000013,Hammersmith and Fulham,None,2021,614071.00,1761539.00,2406247.00,1224.00,501.69,1439.17,1965.89
E09000013,Hammersmith and Fulham,None,2022,689904.00,2447055.00,3270100.00,1205.00,572.53,2030.75,2713.78
E09000013,Hammersmith and Fulham,None,2023,789304.00,2452800.00,3939585.00,1536.00,513.87,1596.88,2564.83
E09000013,Hammersmith and Fulham,None,2024,814469.00,2428808.00,4511886.00,1700.00,479.10,1428.71,2654.05
E09000013,Hammersmith and Fulham,None,2025,840653.00,2720918.00,4594916.00,1779.00,472.54,1529.46,2582.86
E09000014,Haringey,None,2019,933592.00,471692.00,4792294.00,1877.00,497.39,251.30,2553.17
E09000014,Haringey,None,2020,815970.00,605227.00,4792294.00,2164.00,377.07,279.68,2214.55
E09000014,Haringey,None,2021,1074780.00,2450180.00,5005333.00,2398.00,448.20,1021.76,2087.29
E09000014,Haringey,None,2022,1188447.00,3142250.00,6636383.00,2567.00,462.97,1224.09,2585.27
E09000014,Haringey,None,2023,1662756.00,2907574.00,7676546.00,2627.00,632.95,1106.80,2922.17
E09000014,Haringey,None,2024,1917719.00,3837882.00,5380690.00,2833.00,676.92,1354.71,1899.29
E09000014,Haringey,None,2025,1843546.00,3740785.00,5208458.00,2954.00,624.08,1266.35,1763.19
E09000015,Harrow,None,2019,872302.00,974556.00,3454977.00,1645.00,530.27,592.44,2100.29
E09000015,Harrow,None,2020,854096.00,1409968.00,3879905.00,1799.00,474.76,783.75,2156.70
E09000015,Harrow,None,2021,894984.00,972191.00,3478116.00,1896.00,472.04,512.76,1834.45
E09000015,Harrow,None,2022,1223202.00,1114987.00,4145454.00,1974.00,619.66,564.84,2100.03
E09000015,Harrow,None,2023,1202410.00,1189195.00,4219109.00,2093.00,574.49,568.18,2015.82
E09000015,Harrow,None,2024,1397186.00,1333467.00,4315749.00,2370.00,589.53,562.64,1820.99
E09000015,Harrow,None,2025,1176013.00,1703535.00,5299935.00,2689.00,437.34,633.52,1970.97
E09000016,Havering,Delivering Better Value,2019,732872.00,936141.00,2730081.00,1534.00,477.75,610.26,1779.71
E09000016,Havering,Delivering Better Value,2020,595168.00,806573.00,3061802.00,1693.00,351.55,476.42,1808.51
E09000016,Havering,Delivering Better Value,2021,637826.00,1022201.00,2130383.00,1869.00,341.27,546.92,1139.85
E09000016,Havering,Delivering Better Value,2022,800479.00,911611.00,2534064.00,2016.00,397.06,452.19,1256.98
E09000016,Havering,Delivering Better Value,2023,993719.00,1503784.00,4729796.00,2182.00,455.42,689.18,2167.64
E09000016,Havering,Delivering Better Value,2024,1270312.00,1889937.00,5717296.00,2583.00,491.80,731.68,2213.43
E09000016,Havering,Delivering Better Value,2025,1624997.00,2379276.00,6825628.00,3005.00,540.76,791.77,2271.42
E09000017,Hillingdon,Delivering Better Value,2019,620543.00,631605.00,5704258.00,2336.00,265.64,270.38,2441.89
E09000017,Hillingdon,Delivering Better Value,2020,597146.00,977616.00,5686976.00,2512.00,237.72,389.18,2263.92
E09000017,Hillingdon,Delivering Better Value,2021,614178.00,1385207.00,4912837.00,2819.00,217.87,491.38,1742.76
E09000017,Hillingdon,Delivering Better Value,2022,892058.00,1344120.00,5331021.00,3016.00,295.78,445.66,1767.58
E09000017,Hillingdon,Delivering Better Value,2023,948179.00,2313753.00,5618570.00,3263.00,290.59,709.09,1721.90
E09000017,Hillingdon,Delivering Better Value,2024,989254.00,2484954.00,10646125.00,3503.00,282.40,709.38,3039.15
E09000017,Hillingdon,Delivering Better Value,2025,415621.00,1377983.00,10309248.00,3469.00,119.81,397.23,2971.82
E09000018,Hounslow,Delivering Better Value,2019,1074216.00,362784.00,2908640.00,2290.00,469.09,158.42,1270.15
E09000018,Hounslow,Delivering Better Value,2020,1080913.00,896111.00,3852033.00,2498.00,432.71,358.73,1542.05
E09000018,Hounslow,Delivering Better Value,2021,918349.00,536784.00,5361727.00,2653.00,346.15,202.33,2021.01
E09000018,Hounslow,Delivering Better Value,2022,1067508.00,776001.00,7553994.00,2779.00,384.13,279.24,2718.24
E09000018,Hounslow,Delivering Better Value,2023,1176334.00,2662047.00,8806800.00,2906.00,404.79,916.05,3030.56
E09000018,Hounslow,Delivering Better Value,2024,1336149.00,4485209.00,9038783.00,3100.00,431.02,1446.84,2915.74
E09000018,Hounslow,Delivering Better Value,2025,1420202.00,3005392.00,9841329.00,3382.00,419.93,888.64,2909.91
E09000019,Islington,None,2019,0.00,593710.00,2539574.00,1240.00,0.00,478.80,2048.04
E09000019,Islington,None,2020,0.00,610118.00,2969025.00,1361.00,0.00,448.29,2181.50
E09000019,Islington,None,2021,0.00,438722.00,2268525.00,1509.00,0.00,290.74,1503.33
E09000019,Islington,None,2022,862043.00,425730.00,3178092.00,1634.00,527.57,260.54,1944.98
E09000019,Islington,None,2023,808343.00,600004.00,3700163.00,1893.00,427.02,316.96,1954.66
E09000019,Islington,None,2024,567536.00,925673.00,3926046.00,2035.00,278.89,454.88,1929.26
E09000019,Islington,None,2025,815617.00,798138.00,5284458.00,2119.00,384.91,376.66,2493.85
E09000020,Kensington and Chelsea,None,2019,1394245.00,3126286.00,1537424.00,617.00,2259.72,5066.91,2491.77
E09000020,Kensington and Chelsea,None,2020,2125933.00,6639165.00,828940.00,673.00,3158.89,9865.03,1231.71
E09000020,Kensington and Chelsea,None,2021,897688.00,2089064.00,1107758.00,725.00,1238.19,2881.47,1527.94
E09000020,Kensington and Chelsea,None,2022,0.00,520268.00,1321215.00,746.00,0.00,697.41,1771.07
E09000020,Kensington and Chelsea,None,2023,1054795.00,1374886.00,1625008.00,759.00,1389.72,1811.44,2140.99
E09000020,Kensington and Chelsea,None,2024,1148861.00,1806717.00,1466559.00,786.00,1461.66,2298.62,1865.85
E09000020,Kensington and Chelsea,None,2025,1046858.00,642187.00,1098072.00,819.00,1278.21,784.11,1340.75
E09000021,Kingston upon Thames,None,2019,309341.00,572318.00,3044711.00,1161.00,266.44,492.95,2622.49
E09000021,Kingston upon Thames,None,2020,450101.00,729625.00,3040490.00,1314.00,342.54,555.27,2313.92
E09000021,Kingston upon Thames,None,2021,449836.00,1074019.00,2557584.00,1424.00,315.90,754.23,1796.06
E09000021,Kingston upon Thames,None,2022,489280.00,1359411.00,3196587.00,1550.00,315.66,877.04,2062.31
E09000021,Kingston upon Thames,None,2023,514548.00,1498302.00,3549552.00,1630.00,315.67,919.20,2177.64
E09000021,Kingston upon Thames,None,2024,631396.00,2150873.00,4047581.00,1782.00,354.32,1207.00,2271.37
E09000021,Kingston upon Thames,None,2025,602162.00,3030078.00,4144005.00,1958.00,307.54,1547.54,2116.45
E09000022,Lambeth,None,2019,171166.00,238439.00,3035580.00,2424.00,70.61,98.37,1252.30
E09000022,Lambeth,None,2020,510654.00,1438283.00,3662832.00,2566.00,199.01,560.52,1427.45
E09000022,Lambeth,None,2021,723048.00,1744001.00,2884465.00,2741.00,263.79,636.26,1052.34
E09000022,Lambeth,None,2022,1225855.00,1769054.00,2548081.00,2940.00,416.96,601.72,866.69
E09000022,Lambeth,None,2023,1021141.00,1931246.00,5045543.00,3061.00,333.60,630.92,1648.33
E09000022,Lambeth,None,2024,741017.00,2108115.00,5150723.00,3332.00,222.39,632.69,1545.84
E09000022,Lambeth,None,2025,902147.00,2150863.00,6339939.00,3316.00,272.06,648.63,1911.92
E09000023,Lewisham,None,2019,1724304.00,1141341.00,3718339.00,2344.00,735.62,486.92,1586.32
E09000023,Lewisham,None,2020,1217593.00,290159.00,4264181.00,2627.00,463.49,110.45,1623.21
E09000023,Lewisham,None,2021,1403886.00,0.00,4603332.00,2916.00,481.44,0.00,1578.65
E09000023,Lewisham,None,2022,2175930.00,0.00,5552556.00,3231.00,673.45,0.00,1718.53
E09000023,Lewisham,None,2023,1812988.00,500000.00,6693478.00,3309.00,547.90,151.10,2022.81
E09000023,Lewisham,None,2024,1780233.00,1476537.00,7649585.00,3558.00,500.35,414.99,2149.97
E09000023,Lewisham,None,2025,1718629.00,1632194.00,9762028.00,3696.00,465.00,441.61,2641.24
E09000024,Merton,None,2019,1286442.00,1063782.00,5364935.00,1712.00,751.43,621.37,3133.72
E09000024,Merton,None,2020,633357.00,1073141.00,5527039.00,1928.00,328.50,556.61,2866.72
E09000024,Merton,None,2021,547717.00,949301.00,4572072.00,2252.00,243.21,421.54,2030.23
E09000024,Merton,None,2022,862321.00,1295896.00,6938741.00,2467.00,349.54,525.29,2812.62
E09000024,Merton,None,2023,919791.00,1652838.00,7895314.00,2488.00,369.69,664.32,3173.36
E09000024,Merton,None,2024,1176417.00,2300347.00,8540084.00,2587.00,454.74,889.19,3301.15
E09000024,Merton,None,2025,1670707.00,2210223.00,8246225.00,2730.00,611.98,809.61,3020.60
E09000025,Newham,Delivering Better Value,2019,1057679.00,1461096.00,1087018.00,906.00,1167.42,1612.69,1199.80
E09000025,Newham,Delivering Better Value,2020,732407.00,2300626.00,1148787.00,1300.00,563.39,1769.71,883.68
E09000025,Newham,Delivering Better Value,2021,992391.00,1912103.00,1710292.00,1606.00,617.93,1190.60,1064.94
E09000025,Newham,Delivering Better Value,2022,827689.00,2423424.00,1487112.00,1867.00,443.33,1298.03,796.52
E09000025,Newham,Delivering Better Value,2023,1155596.00,2721711.00,5342378.00,2618.00,441.40,1039.61,2040.63
E09000025,Newham,Delivering Better Value,2024,1081450.00,2334650.00,4903950.00,2705.00,399.80,863.09,1812.92
E09000025,Newham,Delivering Better Value,2025,1049989.00,2427175.00,4080307.00,1199.00,875.72,2024.33,3403.09
E09000026,Redbridge,None,2019,1169644.00,1150877.00,3764937.00,2119.00,551.98,543.12,1776.75
E09000026,Redbridge,None,2020,1150330.00,1161656.00,4166794.00,2334.00,492.86,497.71,1785.26
E09000026,Redbridge,None,2021,1124795.00,1159389.00,2537166.00,2402.00,468.27,482.68,1056.27
E09000026,Redbridge,None,2022,1794401.00,1429734.00,2610746.00,2587.00,693.62,552.66,1009.18
E09000026,Redbridge,None,2023,2305167.00,2328372.00,3967637.00,2830.00,814.55,822.75,1401.99
E09000026,Redbridge,None,2024,2327814.00,2300595.00,3651482.00,3168.00,734.79,726.20,1152.61
E09000026,Redbridge,None,2025,3057398.00,3079453.00,4544910.00,3391.00,901.62,908.13,1340.29
E09000027,Richmond upon Thames,None,2019,539477.00,422464.00,3531171.00,1368.00,394.35,308.82,2581.27
E09000027,Richmond upon Thames,None,2020,444083.00,818710.00,3257230.00,1494.00,297.24,548.00,2180.21
E09000027,Richmond upon Thames,None,2021,639645.00,1484365.00,2575428.00,1553.00,411.88,955.80,1658.36
E09000027,Richmond upon Thames,None,2022,671760.00,1541700.00,3429400.00,1661.00,404.43,928.18,2064.66
E09000027,Richmond upon Thames,None,2023,697861.00,1673937.00,3728366.00,1704.00,409.54,982.36,2188.01
E09000027,Richmond upon Thames,None,2024,634083.00,1894173.00,4129856.00,1842.00,344.24,1028.32,2242.05
E09000027,Richmond upon Thames,None,2025,634883.00,3032901.00,4341162.00,2018.00,314.61,1502.92,2151.22
E09000028,Southwark,None,2019,1132960.00,869335.00,3298758.00,2238.00,506.24,388.44,1473.98
E09000028,Southwark,None,2020,1301697.00,1070492.00,3703114.00,2294.00,567.44,466.65,1614.26
E09000028,Southwark,None,2021,1214403.00,1049193.00,2979766.00,2503.00,485.18,419.17,1190.48
E09000028,Southwark,None,2022,1386119.00,1960635.00,4181818.00,2783.00,498.07,704.50,1502.63
E09000028,Southwark,None,2023,1564993.00,2116479.00,5535994.00,2956.00,529.43,715.99,1872.80
E09000028,Southwark,None,2024,1710225.00,2535334.00,5651306.00,3226.00,530.14,785.91,1751.80
E09000028,Southwark,None,2025,1556353.00,3647117.00,6077744.00,3552.00,438.16,1026.78,1711.08
E09000029,Sutton,None,2019,485200.00,1152155.00,5022781.00,1653.00,293.53,697.01,3038.58
E09000029,Sutton,None,2020,485200.00,1040539.00,5068929.00,1816.00,267.18,572.98,2791.26
E09000029,Sutton,None,2021,493800.00,1333679.00,3412251.00,1927.00,256.25,692.10,1770.76
E09000029,Sutton,None,2022,550800.00,1492954.00,3889534.00,1995.00,276.09,748.35,1949.64
E09000029,Sutton,None,2023,555206.00,1373803.00,4364674.00,2164.00,256.56,634.84,2016.95
E09000029,Sutton,None,2024,495048.00,1113857.00,5138151.00,2304.00,214.86,483.44,2230.10
E09000029,Sutton,None,2025,546949.00,1230634.00,5745553.00,2582.00,211.83,476.62,2225.23
E09000030,Tower Hamlets,Delivering Better Value,2019,1941984.00,0.00,5984548.00,2842.00,683.32,0.00,2105.75
E09000030,Tower Hamlets,Delivering Better Value,2020,1218431.00,1019376.00,5169351.00,3016.00,403.99,337.99,1713.98
E09000030,Tower Hamlets,Delivering Better Value,2021,498937.00,533255.00,5501140.00,3257.00,153.19,163.73,1689.02
E09000030,Tower Hamlets,Delivering Better Value,2022,697107.00,1258058.00,5403924.00,3464.00,201.24,363.18,1560.02
E09000030,Tower Hamlets,Delivering Better Value,2023,1313814.00,2160782.00,8217496.00,4111.00,319.59,525.61,1998.90
E09000030,Tower Hamlets,Delivering Better Value,2024,1458584.00,3004913.00,10087511.00,4463.00,326.82,673.29,2260.25
E09000030,Tower Hamlets,Delivering Better Value,2025,1698786.00,3633650.00,10624385.00,4555.00,372.95,797.73,2332.47
E09000031,Waltham Forest,None,2019,1173420.00,1813438.00,2799502.00,1880.00,624.16,964.59,1489.10
E09000031,Waltham Forest,None,2020,1107559.00,2051791.00,2770548.00,2025.00,546.94,1013.23,1368.17
E09000031,Waltham Forest,None,2021,1814771.00,1744700.00,2760395.00,2285.00,794.21,763.54,1208.05
E09000031,Waltham Forest,None,2022,1243722.00,3159850.00,3099700.00,2584.00,481.32,1222.85,1199.57
E09000031,Waltham Forest,None,2023,1233299.00,3118569.00,3608123.00,2884.00,427.63,1081.33,1251.08
E09000031,Waltham Forest,None,2024,1314201.00,4202885.00,4986377.00,3295.00,398.85,1275.53,1513.32
E09000031,Waltham Forest,None,2025,1087863.00,5391742.00,5406183.00,3663.00,296.99,1471.95,1475.89
E09000032,Wandsworth,None,2019,1810547.00,1743886.00,5114226.00,2042.00,886.65,854.01,2504.52
E09000032,Wandsworth,None,2020,1783314.00,1733834.00,5354136.00,2418.00,737.52,717.05,2214.28
E09000032,Wandsworth,None,2021,1401188.00,2043575.00,4859670.00,2486.00,563.63,822.03,1954.81
E09000032,Wandsworth,None,2022,969240.00,2990236.00,5375287.00,2680.00,361.66,1115.76,2005.70
E09000032,Wandsworth,None,2023,1912154.00,3810997.00,6125816.00,2860.00,668.59,1332.52,2141.89
E09000032,Wandsworth,None,2024,2058462.00,4211322.00,7005145.00,2988.00,688.91,1409.41,2344.43
E09000032,Wandsworth,None,2025,2256552.00,4417057.00,7493383.00,3175.00,710.73,1391.20,2360.12
E09000033,Westminster,None,2019,743054.00,1662465.00,2713864.00,1084.00,685.47,1533.64,2503.56
E09000033,Westminster,None,2020,1068366.00,3219160.00,1479939.00,1171.00,912.35,2749.07,1263.82
E09000033,Westminster,None,2021,681124.00,1609380.00,2029005.00,1261.00,540.15,1276.27,1609.04
E09000033,Westminster,None,2022,613389.00,125612.00,2727396.00,1338.00,458.44,93.88,2038.41
E09000033,Westminster,None,2023,568490.00,855732.00,2833845.00,1368.00,415.56,625.54,2071.52
E09000033,Westminster,None,2024,795049.00,616623.00,3507798.00,1413.00,562.67,436.39,2482.52
E09000033,Westminster,None,2025,496213.00,1047574.00,3191591.00,1429.00,347.24,733.08,2233.44
E10000003,Cambridgeshire,Safety Valve,2019,1332779.00,537779.00,8280453.00,4198.00,317.48,128.10,1972.48
E10000003,Cambridgeshire,Safety Valve,2020,1386189.00,339613.00,9351061.00,4690.00,295.56,72.41,1993.83
E10000003,Cambridgeshire,Safety Valve,2021,1816255.00,2613635.00,12271276.00,5292.00,343.21,493.88,2318.84
E10000003,Cambridgeshire,Safety Valve,2022,1772054.00,3630550.00,13676151.00,6100.00,290.50,595.17,2241.99
E10000003,Cambridgeshire,Safety Valve,2023,2157389.00,4293260.00,16330254.00,6972.00,309.44,615.79,2342.26
E10000003,Cambridgeshire,Safety Valve,2024,2191042.00,4488964.00,19235346.00,7318.00,299.40,613.41,2628.50
E10000003,Cambridgeshire,Safety Valve,2025,2257633.00,4625395.00,21878422.00,8007.00,281.96,577.67,2732.41
E10000006,Cumbria,None,2019,1422655.00,1305189.00,6637250.00,3173.00,448.36,411.34,2091.79
E10000006,Cumbria,None,2020,1505457.00,1006732.00,7385698.00,3495.00,430.75,288.05,2113.22
E10000006,Cumbria,None,2021,1446309.00,1122090.00,8112991.00,3887.00,372.09,288.68,2087.21
E10000006,Cumbria,None,2022,1697775.00,1326625.00,9210215.00,4292.00,395.57,309.09,2145.90
E10000006,Cumbria,None,2023,1581000.00,1615023.00,10628325.00,4489.00,352.19,359.77,2367.64
E10000007,Derbyshire,Safety Valve,2019,1542847.00,2036124.00,7828255.00,3449.00,447.33,590.35,2269.72
E10000007,Derbyshire,Safety Valve,2020,1828277.00,2276063.00,9390545.00,3646.00,501.45,624.26,2575.57
E10000007,Derbyshire,Safety Valve,2021,1726990.00,2252836.00,11390531.00,4001.00,431.64,563.07,2846.92
E10000007,Derbyshire,Safety Valve,2022,1922706.00,2406826.00,11854428.00,4562.00,421.46,527.58,2598.52
E10000007,Derbyshire,Safety Valve,2023,1239512.00,2274390.00,12463343.00,5024.00,246.72,452.71,2480.76
E10000007,Derbyshire,Safety Valve,2024,3051315.00,3878589.00,14799798.00,6354.00,480.22,610.42,2329.21
E10000007,Derbyshire,Safety Valve,2025,2747244.00,4694022.00,16245853.00,7625.00,360.29,615.61,2130.60
E10000008,Devon,Safety Valve,2019,3366463.00,2115790.00,12244386.00,5162.00,652.16,409.88,2372.02
E10000008,Devon,Safety Valve,2020,2179418.00,2123139.00,13070076.00,6474.00,336.64,327.95,2018.86
E10000008,Devon,Safety Valve,2021,2445104.00,2026772.00,15956718.00,7295.00,335.18,277.83,2187.35
E10000008,Devon,Safety Valve,2022,2518239.00,3102582.00,19707393.00,7926.00,317.72,391.44,2486.42
E10000008,Devon,Safety Valve,2023,2769708.00,4467852.00,23101642.00,8400.00,329.73,531.89,2750.20
E10000008,Devon,Safety Valve,2024,3756468.00,4134589.00,26345713.00,8873.00,423.36,465.97,2969.20
E10000008,Devon,Safety Valve,2025,3398953.00,6361635.00,29861140.00,9848.00,345.14,645.98,3032.20
E10000009,Dorset,None,2019,1263640.00,2278208.00,7196229.00,2392.00,528.28,952.43,3008.46
E10000011,East Sussex,Safety Valve,2019,738106.00,3365485.00,8118635.00,3434.00,214.94,980.05,2364.19
E10000011,East Sussex,Safety Valve,2020,996936.00,4206769.00,8948893.00,3510.00,284.03,1198.51,2549.54
E10000011,East Sussex,Safety Valve,2021,972224.00,4168140.00,10833735.00,3640.00,267.09,1145.09,2976.30
E10000011,East Sussex,Safety Valve,2022,1234107.00,4605942.00,12923817.00,3914.00,315.31,1176.79,3301.95
E10000011,East Sussex,Safety Valve,2023,1521631.00,4462455.00,15427222.00,4264.00,356.86,1046.54,3618.02
E10000011,East Sussex,Safety Valve,2024,1409729.00,5927719.00,18864113.00,4529.00,311.27,1308.84,4165.18
E10000011,East Sussex,Safety Valve,2025,624494.00,6888873.00,23015331.00,4939.00,126.44,1394.79,4659.92
E10000012,Essex,Safety Valve,2019,3039034.00,3179241.00,13354143.00,8948.00,339.63,355.30,1492.42
E10000012,Essex,Safety Valve,2020,3690354.00,4255276.00,15387180.00,9361.00,394.23,454.57,1643.75
E10000012,Essex,Safety Valve,2021,4143672.00,2870307.00,15607347.00,10254.00,404.10,279.92,1522.07
E10000012,Essex,Safety Valve,2022,4907200.00,5502981.00,17978735.00,11092.00,442.41,496.12,1620.87
E10000012,Essex,Safety Valve,2023,4994058.00,3876398.00,21256107.00,11609.00,430.19,333.91,1831.00
E10000012,Essex,Safety Valve,2024,5109631.00,5146206.00,27243972.00,13035.00,391.99,394.80,2090.06
E10000012,Essex,Safety Valve,2025,3964196.00,6496470.00,32081941.00,14240.00,278.38,456.21,2252.95
E10000013,Gloucestershire,Safety Valve,2019,1322266.00,1313065.00,6199519.00,3658.00,361.47,358.96,1694.78
E10000013,Gloucestershire,Safety Valve,2020,1444089.00,1152355.00,6759699.00,3922.00,368.20,293.82,1723.53
E10000013,Gloucestershire,Safety Valve,2021,1767557.00,1601191.00,7898400.00,4332.00,408.02,369.62,1823.27
E10000013,Gloucestershire,Safety Valve,2022,1836797.00,2478833.00,10629391.00,4854.00,378.41,510.68,2189.82
E10000013,Gloucestershire,Safety Valve,2023,1864242.00,2258701.00,13228420.00,5289.00,352.48,427.06,2501.12
E10000013,Gloucestershire,Safety Valve,2024,2470466.00,6939824.00,14938117.00,5876.00,420.43,1181.05,2542.23
E10000013,Gloucestershire,Safety Valve,2025,2866392.00,7496355.00,14726324.00,6412.00,447.04,1169.11,2296.68
E10000014,Hampshire,Safety Valve,2019,2461616.00,3147917.00,19822432.00,8271.00,297.62,380.60,2396.62
E10000014,Hampshire,Safety Valve,2020,3097495.00,3647663.00,21413927.00,9094.00,340.61,401.11,2354.73
E10000014,Hampshire,Safety Valve,2021,3822358.00,3817131.00,19849373.00,10507.00,363.79,363.29,1889.16
E10000014,Hampshire,Safety Valve,2022,4621992.00,4436595.00,23848234.00,12750.00,362.51,347.97,1870.45
E10000014,Hampshire,Safety Valve,2023,4939675.00,7791409.00,34403432.00,14583.00,338.73,534.28,2359.15
E10000014,Hampshire,Safety Valve,2024,5320702.00,11998099.00,45535745.00,15994.00,332.67,750.16,2847.05
E10000014,Hampshire,Safety Valve,2025,6066486.00,12325270.00,54287089.00,17784.00,341.12,693.05,3052.58
E10000015,Hertfordshire,Safety Valve,2019,3023009.00,4584229.00,13714287.00,6328.00,477.72,724.44,2167.24
E10000015,Hertfordshire,Safety Valve,2020,3133771.00,5963980.00,17096077.00,7202.00,435.13,828.10,2373.80
E10000015,Hertfordshire,Safety Valve,2021,3301223.00,5766577.00,17307944.00,8338.00,395.93,691.60,2075.79
E10000015,Hertfordshire,Safety Valve,2022,3062861.00,5707948.00,21482941.00,9422.00,325.08,605.81,2280.08
E10000015,Hertfordshire,Safety Valve,2023,2997209.00,9120826.00,26908267.00,10486.00,285.83,869.81,2566.11
E10000015,Hertfordshire,Safety Valve,2024,3291765.00,9558297.00,29827570.00,11897.00,276.69,803.42,2507.15
E10000015,Hertfordshire,Safety Valve,2025,5416978.00,15749733.00,32999517.00,12920.00,419.27,1219.02,2554.14
E10000016,Kent,Safety Valve,2019,3038948.00,2406428.00,28882419.00,11763.00,258.35,204.58,2455.36
E10000016,Kent,Safety Valve,2020,2912445.00,6254331.00,32660615.00,13499.00,215.75,463.32,2419.48
E10000016,Kent,Safety Valve,2021,4170320.00,7587694.00,28131960.00,15281.00,272.91,496.54,1840.98
E10000016,Kent,Safety Valve,2022,4969344.00,8833305.00,40107109.00,17733.00,280.23,498.13,2261.72
E10000016,Kent,Safety Valve,2023,5281384.00,9407627.00,53216080.00,18931.00,278.98,496.94,2811.05
E10000016,Kent,Safety Valve,2024,5563446.00,12239161.00,63954857.00,19407.00,286.67,630.66,3295.45
E10000016,Kent,Safety Valve,2025,5607339.00,12747081.00,69395048.00,20635.00,271.74,617.74,3362.98
E10000017,Lancashire,Delivering Better Value,2019,1755203.00,3536106.00,17688031.00,7042.00,249.25,502.15,2511.79
E10000017,Lancashire,Delivering Better Value,2020,1929307.00,2920080.00,19759463.00,7287.00,264.76,400.72,2711.60
E10000017,Lancashire,Delivering Better Value,2021,2244038.00,2884277.00,19151180.00,8085.00,277.56,356.74,2368.73
E10000017,Lancashire,Delivering Better Value,2022,2220118.00,3807437.00,23575609.00,8691.00,255.45,438.09,2712.65
E10000017,Lancashire,Delivering Better Value,2023,1894748.00,4307667.00,26211431.00,9803.00,193.28,439.42,2673.82
E10000017,Lancashire,Delivering Better Value,2024,2115694.00,4302005.00,31427110.00,11258.00,187.93,382.13,2791.54
E10000017,Lancashire,Delivering Better Value,2025,2195238.00,7403221.00,40340261.00,12317.00,178.23,601.06,3275.17
E10000018,Leicestershire,None,2019,1365399.00,1132516.00,10037406.00,4222.00,323.40,268.24,2377.41
E10000018,Leicestershire,None,2020,1585760.00,2024737.00,13472730.00,4751.00,333.77,426.17,2835.77
E10000018,Leicestershire,None,2021,1900638.00,1928228.00,13761868.00,5288.00,359.42,364.64,2602.47
E10000018,Leicestershire,None,2022,1826123.00,1951302.00,17352046.00,5813.00,314.14,335.68,2985.04
E10000018,Leicestershire,None,2023,1838179.00,2309649.00,21014406.00,6201.00,296.43,372.46,3388.87
E10000018,Leicestershire,None,2024,2464149.00,3461628.00,24721944.00,6377.00,386.41,542.83,3876.74
E10000018,Leicestershire,None,2025,3559171.00,3772845.00,27221133.00,7196.00,494.60,524.30,3782.81
E10000019,Lincolnshire,Delivering Better Value,2019,1978650.00,3569008.00,11203639.00,4654.00,425.15,766.87,2407.31
E10000019,Lincolnshire,Delivering Better Value,2020,1768161.00,3637562.00,12847165.00,5119.00,345.41,710.60,2509.70
E10000019,Lincolnshire,Delivering Better Value,2021,1096081.00,4429972.00,15253272.00,6236.00,175.77,710.39,2446.00
E10000019,Lincolnshire,Delivering Better Value,2022,1031941.00,5043692.00,18590412.00,6534.00,157.93,771.91,2845.18
E10000019,Lincolnshire,Delivering Better Value,2023,985898.00,4057218.00,22767971.00,6958.00,141.69,583.10,3272.20
E10000019,Lincolnshire,Delivering Better Value,2024,1349511.00,5080821.00,26465016.00,7607.00,177.40,667.91,3479.03
E10000019,Lincolnshire,Delivering Better Value,2025,1740912.00,6026358.00,30618892.00,8420.00,206.76,715.72,3636.45
E10000020,Norfolk,Safety Valve,2019,2248795.00,5590589.00,18276657.00,6152.00,365.54,908.74,2970.85
E10000020,Norfolk,Safety Valve,2020,2829059.00,6783139.00,22025242.00,6689.00,422.94,1014.07,3292.76
E10000020,Norfolk,Safety Valve,2021,3580614.00,7034727.00,22626617.00,7753.00,461.84,907.36,2918.43
E10000020,Norfolk,Safety Valve,2022,4356600.00,7890446.00,26610741.00,8671.00,502.43,909.98,3068.94
E10000020,Norfolk,Safety Valve,2023,4643406.00,9735766.00,30825268.00,8735.00,531.59,1114.57,3528.94
E10000020,Norfolk,Safety Valve,2024,5118113.00,12353900.00,38397884.00,10736.00,476.72,1150.70,3576.55
E10000020,Norfolk,Safety Valve,2025,5884814.00,14047304.00,41767609.00,12147.00,484.47,1156.44,3438.51
E10000021,Northamptonshire,None,2019,2693006.00,534928.00,8632671.00,4111.00,655.07,130.12,2099.90
E10000021,Northamptonshire,None,2020,2863995.00,213763.00,8924190.00,4337.00,660.36,49.29,2057.69
E10000021,Northamptonshire,None,2021,2688997.00,400375.00,9867399.00,4847.00,554.78,82.60,2035.77
E10000023,North Yorkshire,Safety Valve,2019,2236480.00,2277867.00,9885236.00,2825.00,791.67,806.32,3499.20
E10000023,North Yorkshire,Safety Valve,2020,1805932.00,4426809.00,10168267.00,3102.00,582.18,1427.08,3277.97
E10000023,North Yorkshire,Safety Valve,2021,837039.00,2340551.00,9567358.00,3540.00,236.45,661.17,2702.64
E10000023,North Yorkshire,Safety Valve,2022,1032659.00,3328838.00,11819735.00,4000.00,258.16,832.21,2954.93
E10000023,North Yorkshire,Safety Valve,2023,901559.00,5331890.00,16825199.00,4427.00,203.65,1204.40,3800.59
E10000023,North Yorkshire,Safety Valve,2024,1079583.00,5273052.00,20581344.00,4927.00,219.12,1070.24,4177.26
E10000023,North Yorkshire,Safety Valve,2025,2583509.00,7932821.00,24961569.00,5486.00,470.93,1446.01,4550.05
E10000024,Nottinghamshire,Delivering Better Value,2019,0.00,1374630.00,6506253.00,2825.00,0.00,486.59,2303.10
E10000024,Nottinghamshire,Delivering Better Value,2020,0.00,633460.00,7206439.00,2991.00,0.00,211.79,2409.37
E10000024,Nottinghamshire,Delivering Better Value,2021,102607.00,676646.00,7411765.00,3033.00,33.83,223.09,2443.71
E10000024,Nottinghamshire,Delivering Better Value,2022,346763.00,2891744.00,8659511.00,3360.00,103.20,860.64,2577.24
E10000024,Nottinghamshire,Delivering Better Value,2023,1141961.00,3117954.00,10761427.00,3741.00,305.26,833.45,2876.62
E10000024,Nottinghamshire,Delivering Better Value,2024,2323089.00,4461657.00,13336044.00,4275.00,543.41,1043.66,3119.54
E10000024,Nottinghamshire,Delivering Better Value,2025,3878054.00,4919540.00,17444123.00,5422.00,715.24,907.33,3217.29
E10000025,Oxfordshire,Safety Valve,2019,852962.00,3045676.00,12746461.00,3554.00,240.00,856.97,3586.51
E10000025,Oxfordshire,Safety Valve,2020,893106.00,3205497.00,10231121.00,4017.00,222.33,797.98,2546.96
E10000025,Oxfordshire,Safety Valve,2021,1199503.00,4347612.00,11341793.00,4627.00,259.24,939.62,2451.22
E10000025,Oxfordshire,Safety Valve,2022,1205579.00,4734898.00,12267816.00,5025.00,239.92,942.27,2441.36
E10000025,Oxfordshire,Safety Valve,2023,2299755.00,6238991.00,16035680.00,5427.00,423.76,1149.62,2954.80
E10000025,Oxfordshire,Safety Valve,2024,2528046.00,8804834.00,18678317.00,6420.00,393.78,1371.47,2909.40
E10000025,Oxfordshire,Safety Valve,2025,2577980.00,9123145.00,22503261.00,7307.00,352.81,1248.55,3079.69
E10000027,Somerset,Safety Valve,2019,541000.00,1375816.00,4191579.00,2102.00,257.37,654.53,1994.09
E10000027,Somerset,Safety Valve,2020,1415458.00,1215911.00,4771277.00,2514.00,563.03,483.66,1897.88
E10000027,Somerset,Safety Valve,2021,1155781.00,2008548.00,5011100.00,3457.00,334.33,581.01,1449.55
E10000027,Somerset,Safety Valve,2022,2459591.00,2471300.00,6321078.00,4232.00,581.19,583.96,1493.64
E10000027,Somerset,Safety Valve,2023,2690278.00,3428207.00,8629366.00,4853.00,554.35,706.41,1778.15
E10000027,Somerset,Safety Valve,2024,2593804.00,3753867.00,10825748.00,5108.00,507.79,734.90,2119.37
E10000027,Somerset,Safety Valve,2025,2509515.00,439619.00,12160053.00,5725.00,438.34,76.79,2124.03
E10000028,Staffordshire,None,2019,1922347.00,3393223.00,10646242.00,4835.00,397.59,701.80,2201.91
E10000028,Staffordshire,None,2020,1970405.00,3478053.00,12605570.00,5117.00,385.07,679.71,2463.47
E10000028,Staffordshire,None,2021,1647497.00,3033440.00,13369936.00,6056.00,272.04,500.90,2207.72
E10000028,Staffordshire,None,2022,2300414.00,2312040.00,16318559.00,6437.00,357.37,359.18,2535.12
E10000028,Staffordshire,None,2023,2694495.00,4583597.00,22123332.00,6830.00,394.51,671.10,3239.14
E10000028,Staffordshire,None,2024,2963525.00,5363899.00,24933730.00,7490.00,395.66,716.14,3328.94
E10000028,Staffordshire,None,2025,3684677.00,6465433.00,27030174.00,8461.00,435.49,764.15,3194.68
E10000029,Suffolk,Safety Valve,2019,1560155.00,1485899.00,10353713.00,4735.00,329.49,313.81,2186.63
E10000029,Suffolk,Safety Valve,2020,1858598.00,1504675.00,13181166.00,5529.00,336.15,272.14,2384.01
E10000029,Suffolk,Safety Valve,2021,1841598.00,2195755.00,15628497.00,5891.00,312.61,372.73,2652.94
E10000029,Suffolk,Safety Valve,2022,2124574.00,3466130.00,13795118.00,6347.00,334.74,546.11,2173.49
E10000029,Suffolk,Safety Valve,2023,2222338.00,4422015.00,23524135.00,6951.00,319.71,636.17,3384.28
E10000029,Suffolk,Safety Valve,2024,3109482.00,6199538.00,31764633.00,7860.00,395.61,788.75,4041.30
E10000029,Suffolk,Safety Valve,2025,5798515.00,8159643.00,35187223.00,8837.00,656.16,923.35,3981.81
E10000030,Surrey,Safety Valve,2019,3635990.00,9094569.00,26953808.00,8732.00,416.40,1041.52,3086.79
E10000030,Surrey,Safety Valve,2020,3131601.00,9917948.00,31048033.00,9783.00,320.11,1013.79,3173.67
E10000030,Surrey,Safety Valve,2021,3304599.00,11438700.00,25061773.00,10757.00,307.20,1063.37,2329.81
E10000030,Surrey,Safety Valve,2022,3167044.00,11024413.00,32549968.00,11747.00,269.60,938.49,2770.92
E10000030,Surrey,Safety Valve,2023,3158528.00,16872362.00,40240720.00,12925.00,244.37,1305.41,3113.40
E10000030,Surrey,Safety Valve,2024,4050736.00,18320480.00,48922427.00,14245.00,284.36,1286.10,3434.36
E10000030,Surrey,Safety Valve,2025,4415655.00,22584505.00,52889825.00,16069.00,274.79,1405.47,3291.42
E10000031,Warwickshire,Safety Valve,2019,1233436.00,1723069.00,1233428.00,3848.00,320.54,447.78,320.54
E10000031,Warwickshire,Safety Valve,2020,1600683.00,1735195.00,11942117.00,4299.00,372.34,403.63,2777.88
E10000031,Warwickshire,Safety Valve,2021,1700304.00,1810390.00,10258624.00,4563.00,372.63,396.75,2248.22
E10000031,Warwickshire,Safety Valve,2022,1259915.00,2569133.00,12074460.00,4768.00,264.24,538.83,2532.40
E10000031,Warwickshire,Safety Valve,2023,1912143.00,4407109.00,15292560.00,5314.00,359.83,829.34,2877.79
E10000031,Warwickshire,Safety Valve,2024,2308920.00,4266805.00,18410127.00,6054.00,381.39,704.79,3040.99
E10000031,Warwickshire,Safety Valve,2025,3066490.00,4647780.00,23828568.00,6868.00,446.49,676.73,3469.51
E10000032,West Sussex,Safety Valve,2019,1811075.00,2023914.00,12364876.00,5297.00,341.91,382.09,2334.32
E10000032,West Sussex,Safety Valve,2020,1857910.00,1596834.00,13555078.00,5711.00,325.32,279.61,2373.50
E10000032,West Sussex,Safety Valve,2021,1926340.00,1623133.00,14856562.00,6003.00,320.90,270.39,2474.86
E10000032,West Sussex,Safety Valve,2022,1837901.00,1895040.00,16713039.00,6346.00,289.62,298.62,2633.63
E10000032,West Sussex,Safety Valve,2023,2396260.00,2012801.00,19838948.00,7192.00,333.18,279.87,2758.47
E10000032,West Sussex,Safety Valve,2024,3051322.00,2549302.00,25294789.00,7684.00,397.10,331.77,3291.88
E10000032,West Sussex,Safety Valve,2025,3720017.00,3696635.00,29033160.00,9301.00,399.96,397.44,3121.51
E10000034,Worcestershire,Safety Valve,2019,701222.00,1870005.00,6788020.00,3502.00,200.23,533.98,1938.33
E10000034,Worcestershire,Safety Valve,2020,0.00,2260742.00,7174657.00,4053.00,0.00,557.79,1770.21
E10000034,Worcestershire,Safety Valve,2021,683615.00,4799458.00,8000750.00,4182.00,163.47,1147.65,1913.14
E10000034,Worcestershire,Safety Valve,2022,928813.00,6037103.00,8482691.00,4555.00,203.91,1325.38,1862.28
E10000034,Worcestershire,Safety Valve,2023,1330848.00,6461800.00,11318802.00,4904.00,271.38,1317.66,2308.08
E10000034,Worcestershire,Safety Valve,2024,1777448.00,7473417.00,17564064.00,5945.00,298.98,1257.09,2954.43
E10000034,Worcestershire,Safety Valve,2025,2604902.00,8308116.00,20794975.00,6970.00,373.73,1191.98,2983.50
